transaction_id,customer_id,sale_date,sale_time,day_of_week,day_name,is_weekend,coffee_name,drink_price,total_cost,payment_method,datetime,time_of_day
TX_0125,CUST_6596,2025-07-01,08:24:55,2,Tuesday,False,Cappuccino,320.0,640.0,card,2025-07-01 08:24:55,Morning
TX_0125,CUST_6596,2025-07-01,08:24:55,2,Tuesday,False,Cappuccino,320.0,640.0,card,2025-07-01 08:24:55,Morning
TX_1977,CUST_4044,2025-07-01,08:42:32,2,Tuesday,False,Latte,340.0,340.0,card,2025-07-01 08:42:32,Morning
TX_3011,CUST_2256,2025-07-01,08:43:55,2,Tuesday,False,Latte with add,440.0,440.0,cash,2025-07-01 08:43:55,Morning
TX_3392,CUST_6082,2025-07-01,08:44:55,2,Tuesday,False,Latte with add,440.0,760.0,card,2025-07-01 08:44:55,Morning
TX_3392,CUST_6082,2025-07-01,08:44:55,2,Tuesday,False,Cappuccino,320.0,760.0,card,2025-07-01 08:44:55,Morning
TX_3039,CUST_4189,2025-07-01,08:48:38,2,Tuesday,False,Cappuccino,320.0,720.0,card,2025-07-01 08:48:38,Morning
TX_3039,CUST_4189,2025-07-01,08:48:38,2,Tuesday,False,Warming drinks (tea),400.0,720.0,card,2025-07-01 08:48:38,Morning
TX_2275,CUST_4014,2025-07-01,08:58:07,2,Tuesday,False,Latte,340.0,760.0,card,2025-07-01 08:58:07,Morning
TX_2275,CUST_4014,2025-07-01,08:58:07,2,Tuesday,False,Raf coffee,420.0,760.0,card,2025-07-01 08:58:07,Morning
TX_0632,CUST_1235,2025-07-01,09:10:25,2,Tuesday,False,Cappuccino,320.0,880.0,card,2025-07-01 09:10:25,Morning
TX_0632,CUST_1235,2025-07-01,09:10:25,2,Tuesday,False,Cappuccino,320.0,880.0,card,2025-07-01 09:10:25,Morning
TX_0632,CUST_1235,2025-07-01,09:10:25,2,Tuesday,False,Batch brew,240.0,880.0,card,2025-07-01 09:10:25,Morning
TX_3020,CUST_7834,2025-07-01,09:20:28,2,Tuesday,False,Latte,340.0,340.0,cash,2025-07-01 09:20:28,Morning
TX_0786,CUST_5841,2025-07-01,09:26:58,2,Tuesday,False,Batch brew,240.0,240.0,card,2025-07-01 09:26:58,Morning
TX_2877,CUST_1656,2025-07-01,09:30:59,2,Tuesday,False,Batch brew,240.0,240.0,cash,2025-07-01 09:30:59,Morning
TX_0077,CUST_3984,2025-07-01,09:40:04,2,Tuesday,False,Espresso,230.0,1010.0,cash,2025-07-01 09:40:04,Morning
TX_0077,CUST_3984,2025-07-01,09:40:04,2,Tuesday,False,Latte with add,440.0,1010.0,cash,2025-07-01 09:40:04,Morning
TX_0077,CUST_3984,2025-07-01,09:40:04,2,Tuesday,False,Flat white,340.0,1010.0,cash,2025-07-01 09:40:04,Morning
TX_2734,CUST_3436,2025-07-01,09:44:44,2,Tuesday,False,Warming drinks (tea),400.0,400.0,card,2025-07-01 09:44:44,Morning
TX_0724,CUST_8489,2025-07-01,09:57:09,2,Tuesday,False,Latte,340.0,340.0,card,2025-07-01 09:57:09,Morning
TX_2072,CUST_4891,2025-07-01,09:59:54,2,Tuesday,False,Latte with add,440.0,440.0,cash,2025-07-01 09:59:54,Morning
TX_0829,CUST_8707,2025-07-01,10:01:23,2,Tuesday,False,Latte with add,440.0,440.0,cash,2025-07-01 10:01:23,Morning
TX_2673,CUST_8899,2025-07-01,10:01:39,2,Tuesday,False,Espresso,230.0,670.0,card,2025-07-01 10:01:39,Morning
TX_2673,CUST_8899,2025-07-01,10:01:39,2,Tuesday,False,Latte with add,440.0,670.0,card,2025-07-01 10:01:39,Morning
TX_1860,CUST_4851,2025-07-01,10:02:50,2,Tuesday,False,Latte with add,440.0,440.0,card,2025-07-01 10:02:50,Morning
TX_1424,CUST_9923,2025-07-01,10:04:08,2,Tuesday,False,Cappuccino,320.0,760.0,card,2025-07-01 10:04:08,Morning
TX_1424,CUST_9923,2025-07-01,10:04:08,2,Tuesday,False,Latte with add,440.0,760.0,card,2025-07-01 10:04:08,Morning
TX_2133,CUST_2342,2025-07-01,10:04:22,2,Tuesday,False,Batch brew,240.0,240.0,cash,2025-07-01 10:04:22,Morning
TX_1950,CUST_7965,2025-07-01,10:07:36,2,Tuesday,False,Cappuccino,320.0,320.0,cash,2025-07-01 10:07:36,Morning
TX_2333,CUST_3474,2025-07-01,10:22:31,2,Tuesday,False,Cappuccino,320.0,320.0,card,2025-07-01 10:22:31,Morning
TX_1785,CUST_2869,2025-07-01,10:23:38,2,Tuesday,False,Cappuccino,320.0,320.0,card,2025-07-01 10:23:38,Morning
TX_1999,CUST_2936,2025-07-01,10:34:32,2,Tuesday,False,Cappuccino,320.0,320.0,cash,2025-07-01 10:34:32,Morning
TX_0594,CUST_1755,2025-07-01,11:00:20,2,Tuesday,False,Flat white,340.0,660.0,card,2025-07-01 11:00:20,Afternoon
TX_0594,CUST_1755,2025-07-01,11:00:20,2,Tuesday,False,Cappuccino,320.0,660.0,card,2025-07-01 11:00:20,Afternoon
TX_0764,CUST_2124,2025-07-01,11:00:25,2,Tuesday,False,Warming drinks (tea),400.0,400.0,cash,2025-07-01 11:00:25,Afternoon
TX_1873,CUST_5624,2025-07-01,11:00:29,2,Tuesday,False,Latte,340.0,340.0,cash,2025-07-01 11:00:29,Afternoon
TX_3160,CUST_1232,2025-07-01,12:11:22,2,Tuesday,False,Latte,340.0,580.0,card,2025-07-01 12:11:22,Afternoon
TX_3160,CUST_1232,2025-07-01,12:11:22,2,Tuesday,False,Batch brew,240.0,580.0,card,2025-07-01 12:11:22,Afternoon
TX_3075,CUST_8616,2025-07-01,12:23:40,2,Tuesday,False,Latte,340.0,340.0,cash,2025-07-01 12:23:40,Afternoon
TX_2502,CUST_1923,2025-07-01,12:29:46,2,Tuesday,False,Cappuccino,320.0,320.0,cash,2025-07-01 12:29:46,Afternoon
TX_0312,CUST_6563,2025-07-01,12:38:54,2,Tuesday,False,Batch brew,240.0,240.0,card,2025-07-01 12:38:54,Afternoon
TX_0475,CUST_5602,2025-07-01,12:41:48,2,Tuesday,False,Warming drinks (tea),400.0,400.0,card,2025-07-01 12:41:48,Afternoon
TX_0537,CUST_4444,2025-07-01,12:52:31,2,Tuesday,False,Batch brew,240.0,240.0,card,2025-07-01 12:52:31,Afternoon
TX_0320,CUST_9846,2025-07-01,12:57:22,2,Tuesday,False,Latte,340.0,340.0,cash,2025-07-01 12:57:22,Afternoon
TX_0046,CUST_9336,2025-07-01,13:02:31,2,Tuesday,False,Batch brew,240.0,240.0,card,2025-07-01 13:02:31,Afternoon
TX_0974,CUST_9543,2025-07-01,13:05:20,2,Tuesday,False,Raf coffee,420.0,660.0,card,2025-07-01 13:05:20,Afternoon
TX_0974,CUST_9543,2025-07-01,13:05:20,2,Tuesday,False,Batch brew,240.0,660.0,card,2025-07-01 13:05:20,Afternoon
TX_3124,CUST_8668,2025-07-01,13:20:49,2,Tuesday,False,Raf coffee,420.0,420.0,card,2025-07-01 13:20:49,Afternoon
TX_0559,CUST_4468,2025-07-01,13:56:00,2,Tuesday,False,Batch brew,240.0,240.0,cash,2025-07-01 13:56:00,Afternoon
TX_0205,CUST_7379,2025-07-01,13:58:56,2,Tuesday,False,Cappuccino,320.0,320.0,card,2025-07-01 13:58:56,Afternoon
TX_0835,CUST_9551,2025-07-01,14:10:15,2,Tuesday,False,Flat white,340.0,340.0,card,2025-07-01 14:10:15,Afternoon
TX_3487,CUST_4126,2025-07-01,14:35:33,2,Tuesday,False,Raf coffee,420.0,420.0,card,2025-07-01 14:35:33,Afternoon
TX_0047,CUST_7859,2025-07-01,18:18:21,2,Tuesday,False,Cappuccino,320.0,760.0,card,2025-07-01 18:18:21,Evening
TX_0047,CUST_7859,2025-07-01,18:18:21,2,Tuesday,False,Latte with add,440.0,760.0,card,2025-07-01 18:18:21,Evening
TX_0973,CUST_8497,2025-07-02,08:16:37,3,Wednesday,False,Batch brew,240.0,240.0,card,2025-07-02 08:16:37,Morning
TX_0134,CUST_7865,2025-07-02,08:29:54,3,Wednesday,False,Batch brew,240.0,240.0,card,2025-07-02 08:29:54,Morning
TX_0752,CUST_8607,2025-07-02,08:30:27,3,Wednesday,False,Raf coffee,420.0,420.0,card,2025-07-02 08:30:27,Morning
TX_0038,CUST_7464,2025-07-02,09:37:39,3,Wednesday,False,Batch brew,240.0,240.0,card,2025-07-02 09:37:39,Morning
TX_1750,CUST_8788,2025-07-02,09:53:39,3,Wednesday,False,Batch brew,240.0,580.0,card,2025-07-02 09:53:39,Morning
TX_1750,CUST_8788,2025-07-02,09:53:39,3,Wednesday,False,Flat white,340.0,580.0,card,2025-07-02 09:53:39,Morning
TX_1878,CUST_8654,2025-07-02,10:14:09,3,Wednesday,False,Batch brew,240.0,240.0,card,2025-07-02 10:14:09,Morning
TX_2146,CUST_7331,2025-07-02,10:22:58,3,Wednesday,False,Espresso,230.0,870.0,card,2025-07-02 10:22:58,Morning
TX_2146,CUST_7331,2025-07-02,10:22:58,3,Wednesday,False,Batch brew,240.0,870.0,card,2025-07-02 10:22:58,Morning
TX_2146,CUST_7331,2025-07-02,10:22:58,3,Wednesday,False,Warming drinks (tea),400.0,870.0,card,2025-07-02 10:22:58,Morning
TX_3318,CUST_7215,2025-07-02,10:27:10,3,Wednesday,False,Cappuccino,320.0,320.0,card,2025-07-02 10:27:10,Morning
TX_2976,CUST_9133,2025-07-02,11:00:56,3,Wednesday,False,Cappuccino,320.0,790.0,card,2025-07-02 11:00:56,Afternoon
TX_2976,CUST_9133,2025-07-02,11:00:56,3,Wednesday,False,Espresso,230.0,790.0,card,2025-07-02 11:00:56,Afternoon
TX_2976,CUST_9133,2025-07-02,11:00:56,3,Wednesday,False,Batch brew,240.0,790.0,card,2025-07-02 11:00:56,Afternoon
TX_0875,CUST_5315,2025-07-02,11:52:37,3,Wednesday,False,Cappuccino,320.0,320.0,cash,2025-07-02 11:52:37,Afternoon
TX_3210,CUST_2104,2025-07-02,12:25:05,3,Wednesday,False,Cappuccino,320.0,1000.0,card,2025-07-02 12:25:05,Afternoon
TX_3210,CUST_2104,2025-07-02,12:25:05,3,Wednesday,False,Flat white,340.0,1000.0,card,2025-07-02 12:25:05,Afternoon
TX_3210,CUST_2104,2025-07-02,12:25:05,3,Wednesday,False,Flat white,340.0,1000.0,card,2025-07-02 12:25:05,Afternoon
TX_0188,CUST_8899,2025-07-02,12:34:40,3,Wednesday,False,Cappuccino,320.0,320.0,card,2025-07-02 12:34:40,Afternoon
TX_1274,CUST_9905,2025-07-02,12:42:11,3,Wednesday,False,Cappuccino,320.0,320.0,card,2025-07-02 12:42:11,Afternoon
TX_0809,CUST_6810,2025-07-02,12:43:54,3,Wednesday,False,Cappuccino,320.0,320.0,cash,2025-07-02 12:43:54,Afternoon
TX_2509,CUST_7442,2025-07-02,13:01:25,3,Wednesday,False,Batch brew,240.0,480.0,card,2025-07-02 13:01:25,Afternoon
TX_2509,CUST_7442,2025-07-02,13:01:25,3,Wednesday,False,Batch brew,240.0,480.0,card,2025-07-02 13:01:25,Afternoon
TX_3362,CUST_5619,2025-07-02,13:05:19,3,Wednesday,False,Cappuccino,320.0,320.0,cash,2025-07-02 13:05:19,Afternoon
TX_0185,CUST_2780,2025-07-02,13:08:07,3,Wednesday,False,Batch brew,240.0,240.0,card,2025-07-02 13:08:07,Afternoon
TX_0171,CUST_6278,2025-07-02,13:19:31,3,Wednesday,False,Latte,340.0,340.0,card,2025-07-02 13:19:31,Afternoon
TX_1331,CUST_3495,2025-07-02,13:20:41,3,Wednesday,False,Batch brew,240.0,580.0,card,2025-07-02 13:20:41,Afternoon
TX_1331,CUST_3495,2025-07-02,13:20:41,3,Wednesday,False,Latte,340.0,580.0,card,2025-07-02 13:20:41,Afternoon
TX_0593,CUST_6026,2025-07-02,13:30:15,3,Wednesday,False,Warming drinks (tea),400.0,400.0,card,2025-07-02 13:30:15,Afternoon
TX_2940,CUST_1352,2025-07-02,13:31:45,3,Wednesday,False,Latte with add,440.0,440.0,card,2025-07-02 13:31:45,Afternoon
TX_2448,CUST_9678,2025-07-02,13:32:38,3,Wednesday,False,Cappuccino,320.0,320.0,cash,2025-07-02 13:32:38,Afternoon
TX_2446,CUST_3296,2025-07-02,13:49:52,3,Wednesday,False,Flat white,340.0,580.0,card,2025-07-02 13:49:52,Afternoon
TX_2446,CUST_3296,2025-07-02,13:49:52,3,Wednesday,False,Batch brew,240.0,580.0,card,2025-07-02 13:49:52,Afternoon
TX_0345,CUST_3705,2025-07-02,13:56:11,3,Wednesday,False,Latte with add,440.0,440.0,card,2025-07-02 13:56:11,Afternoon
TX_0839,CUST_6345,2025-07-02,14:05:50,3,Wednesday,False,Raf coffee,420.0,420.0,cash,2025-07-02 14:05:50,Afternoon
TX_0328,CUST_3656,2025-07-02,14:07:45,3,Wednesday,False,Espresso,230.0,230.0,card,2025-07-02 14:07:45,Afternoon
TX_2564,CUST_9421,2025-07-02,14:09:18,3,Wednesday,False,Cappuccino,320.0,640.0,cash,2025-07-02 14:09:18,Afternoon
TX_2564,CUST_9421,2025-07-02,14:09:18,3,Wednesday,False,Cappuccino,320.0,640.0,cash,2025-07-02 14:09:18,Afternoon
TX_2731,CUST_4007,2025-07-02,14:13:42,3,Wednesday,False,Latte,340.0,340.0,card,2025-07-02 14:13:42,Afternoon
TX_2967,CUST_5573,2025-07-02,14:38:24,3,Wednesday,False,Latte,340.0,340.0,cash,2025-07-02 14:38:24,Afternoon
TX_2461,CUST_8057,2025-07-02,14:54:03,3,Wednesday,False,Warming drinks (tea),400.0,400.0,card,2025-07-02 14:54:03,Afternoon
TX_2391,CUST_2666,2025-07-02,14:57:42,3,Wednesday,False,Batch brew,240.0,820.0,card,2025-07-02 14:57:42,Afternoon
TX_2391,CUST_2666,2025-07-02,14:57:42,3,Wednesday,False,Latte,340.0,820.0,card,2025-07-02 14:57:42,Afternoon
TX_2391,CUST_2666,2025-07-02,14:57:42,3,Wednesday,False,Batch brew,240.0,820.0,card,2025-07-02 14:57:42,Afternoon
TX_0022,CUST_6584,2025-07-02,15:28:25,3,Wednesday,False,Latte,340.0,920.0,card,2025-07-02 15:28:25,Afternoon
TX_0022,CUST_6584,2025-07-02,15:28:25,3,Wednesday,False,Flat white,340.0,920.0,card,2025-07-02 15:28:25,Afternoon
TX_0022,CUST_6584,2025-07-02,15:28:25,3,Wednesday,False,Batch brew,240.0,920.0,card,2025-07-02 15:28:25,Afternoon
TX_2103,CUST_7246,2025-07-02,17:19:16,3,Wednesday,False,Cappuccino,320.0,320.0,card,2025-07-02 17:19:16,Evening
TX_2433,CUST_6958,2025-07-02,17:30:50,3,Wednesday,False,Latte with add,440.0,440.0,card,2025-07-02 17:30:50,Evening
TX_1789,CUST_8319,2025-07-02,17:40:38,3,Wednesday,False,Latte with add,440.0,440.0,cash,2025-07-02 17:40:38,Evening
TX_2134,CUST_7913,2025-07-02,18:04:45,3,Wednesday,False,Flat white,340.0,340.0,card,2025-07-02 18:04:45,Evening
TX_2675,CUST_8464,2025-07-02,18:27:37,3,Wednesday,False,Flat white,340.0,340.0,cash,2025-07-02 18:27:37,Evening
TX_0691,CUST_2945,2025-07-02,18:58:16,3,Wednesday,False,Latte,340.0,1080.0,card,2025-07-02 18:58:16,Evening
TX_0691,CUST_2945,2025-07-02,18:58:16,3,Wednesday,False,Warming drinks (tea),400.0,1080.0,card,2025-07-02 18:58:16,Evening
TX_0691,CUST_2945,2025-07-02,18:58:16,3,Wednesday,False,Latte,340.0,1080.0,card,2025-07-02 18:58:16,Evening
TX_0128,CUST_9237,2025-07-03,08:00:09,4,Thursday,False,Flat white,340.0,780.0,cash,2025-07-03 08:00:09,Morning
TX_0128,CUST_9237,2025-07-03,08:00:09,4,Thursday,False,Latte with add,440.0,780.0,cash,2025-07-03 08:00:09,Morning
TX_1874,CUST_3568,2025-07-03,08:15:05,4,Thursday,False,Flat white,340.0,340.0,card,2025-07-03 08:15:05,Morning
TX_2010,CUST_5988,2025-07-03,08:24:34,4,Thursday,False,Cappuccino,320.0,900.0,cash,2025-07-03 08:24:34,Morning
TX_2010,CUST_5988,2025-07-03,08:24:34,4,Thursday,False,Latte,340.0,900.0,cash,2025-07-03 08:24:34,Morning
TX_2010,CUST_5988,2025-07-03,08:24:34,4,Thursday,False,Batch brew,240.0,900.0,cash,2025-07-03 08:24:34,Morning
TX_2155,CUST_8980,2025-07-03,08:30:47,4,Thursday,False,Batch brew,240.0,240.0,cash,2025-07-03 08:30:47,Morning
TX_3012,CUST_5422,2025-07-03,08:39:36,4,Thursday,False,Cappuccino,320.0,900.0,card,2025-07-03 08:39:36,Morning
TX_3012,CUST_5422,2025-07-03,08:39:36,4,Thursday,False,Batch brew,240.0,900.0,card,2025-07-03 08:39:36,Morning
TX_3012,CUST_5422,2025-07-03,08:39:36,4,Thursday,False,Flat white,340.0,900.0,card,2025-07-03 08:39:36,Morning
TX_2493,CUST_2582,2025-07-03,08:41:21,4,Thursday,False,Latte,340.0,340.0,card,2025-07-03 08:41:21,Morning
TX_0802,CUST_7885,2025-07-03,08:45:25,4,Thursday,False,Raf coffee,420.0,420.0,card,2025-07-03 08:45:25,Morning
TX_2849,CUST_9717,2025-07-03,08:48:59,4,Thursday,False,Latte with add,440.0,920.0,cash,2025-07-03 08:48:59,Morning
TX_2849,CUST_9717,2025-07-03,08:48:59,4,Thursday,False,Batch brew,240.0,920.0,cash,2025-07-03 08:48:59,Morning
TX_2849,CUST_9717,2025-07-03,08:48:59,4,Thursday,False,Batch brew,240.0,920.0,cash,2025-07-03 08:48:59,Morning
TX_2542,CUST_5771,2025-07-03,08:51:15,4,Thursday,False,Raf coffee,420.0,420.0,cash,2025-07-03 08:51:15,Morning
TX_3491,CUST_7025,2025-07-03,08:55:01,4,Thursday,False,Espresso,230.0,230.0,card,2025-07-03 08:55:01,Morning
TX_0483,CUST_1511,2025-07-03,09:00:03,4,Thursday,False,Batch brew,240.0,240.0,card,2025-07-03 09:00:03,Morning
TX_1357,CUST_4185,2025-07-03,09:00:39,4,Thursday,False,Latte,340.0,340.0,cash,2025-07-03 09:00:39,Morning
TX_1653,CUST_3261,2025-07-03,09:02:47,4,Thursday,False,Cappuccino,320.0,320.0,card,2025-07-03 09:02:47,Morning
TX_0864,CUST_6979,2025-07-03,09:07:55,4,Thursday,False,Latte,340.0,580.0,cash,2025-07-03 09:07:55,Morning
TX_0864,CUST_6979,2025-07-03,09:07:55,4,Thursday,False,Batch brew,240.0,580.0,cash,2025-07-03 09:07:55,Morning
TX_0682,CUST_3545,2025-07-03,09:09:39,4,Thursday,False,Cappuccino,320.0,720.0,card,2025-07-03 09:09:39,Morning
TX_0682,CUST_3545,2025-07-03,09:09:39,4,Thursday,False,Warming drinks (tea),400.0,720.0,card,2025-07-03 09:09:39,Morning
TX_2239,CUST_4921,2025-07-03,09:09:49,4,Thursday,False,Flat white,340.0,340.0,card,2025-07-03 09:09:49,Morning
TX_2503,CUST_9813,2025-07-03,09:22:02,4,Thursday,False,Cappuccino,320.0,320.0,card,2025-07-03 09:22:02,Morning
TX_1343,CUST_5331,2025-07-03,09:26:41,4,Thursday,False,Batch brew,240.0,560.0,card,2025-07-03 09:26:41,Morning
TX_1343,CUST_5331,2025-07-03,09:26:41,4,Thursday,False,Cappuccino,320.0,560.0,card,2025-07-03 09:26:41,Morning
TX_0276,CUST_4423,2025-07-03,09:31:18,4,Thursday,False,Cappuccino,320.0,320.0,card,2025-07-03 09:31:18,Morning
TX_0406,CUST_4393,2025-07-03,09:38:28,4,Thursday,False,Raf coffee,420.0,420.0,card,2025-07-03 09:38:28,Morning
TX_2262,CUST_9934,2025-07-03,09:38:33,4,Thursday,False,Cappuccino,320.0,1080.0,card,2025-07-03 09:38:33,Morning
TX_2262,CUST_9934,2025-07-03,09:38:33,4,Thursday,False,Latte with add,440.0,1080.0,card,2025-07-03 09:38:33,Morning
TX_2262,CUST_9934,2025-07-03,09:38:33,4,Thursday,False,Cappuccino,320.0,1080.0,card,2025-07-03 09:38:33,Morning
TX_1862,CUST_4212,2025-07-03,09:38:37,4,Thursday,False,Cappuccino,320.0,320.0,card,2025-07-03 09:38:37,Morning
TX_0180,CUST_7311,2025-07-03,09:41:57,4,Thursday,False,Cappuccino,320.0,640.0,card,2025-07-03 09:41:57,Morning
TX_0180,CUST_7311,2025-07-03,09:41:57,4,Thursday,False,Cappuccino,320.0,640.0,card,2025-07-03 09:41:57,Morning
TX_1632,CUST_8206,2025-07-03,10:10:49,4,Thursday,False,Latte with add,440.0,440.0,card,2025-07-03 10:10:49,Morning
TX_0569,CUST_7740,2025-07-03,10:54:08,4,Thursday,False,Raf coffee,420.0,420.0,card,2025-07-03 10:54:08,Morning
TX_3288,CUST_7107,2025-07-03,11:00:50,4,Thursday,False,Latte,340.0,340.0,card,2025-07-03 11:00:50,Afternoon
TX_3468,CUST_2946,2025-07-03,12:52:22,4,Thursday,False,Batch brew,240.0,240.0,card,2025-07-03 12:52:22,Afternoon
TX_2710,CUST_9016,2025-07-03,13:01:14,4,Thursday,False,Batch brew,240.0,240.0,card,2025-07-03 13:01:14,Afternoon
TX_1928,CUST_6891,2025-07-03,13:07:42,4,Thursday,False,Raf coffee,420.0,820.0,card,2025-07-03 13:07:42,Afternoon
TX_1928,CUST_6891,2025-07-03,13:07:42,4,Thursday,False,Warming drinks (tea),400.0,820.0,card,2025-07-03 13:07:42,Afternoon
TX_2698,CUST_2946,2025-07-03,13:10:30,4,Thursday,False,Raf coffee,420.0,660.0,card,2025-07-03 13:10:30,Afternoon
TX_2698,CUST_2946,2025-07-03,13:10:30,4,Thursday,False,Batch brew,240.0,660.0,card,2025-07-03 13:10:30,Afternoon
TX_0890,CUST_1501,2025-07-03,13:29:38,4,Thursday,False,Latte with add,440.0,440.0,card,2025-07-03 13:29:38,Afternoon
TX_1683,CUST_9837,2025-07-03,13:34:45,4,Thursday,False,Latte,340.0,340.0,card,2025-07-03 13:34:45,Afternoon
TX_2778,CUST_1257,2025-07-03,13:37:28,4,Thursday,False,Warming drinks (tea),400.0,400.0,card,2025-07-03 13:37:28,Afternoon
TX_1088,CUST_2402,2025-07-03,13:37:40,4,Thursday,False,Batch brew,240.0,240.0,card,2025-07-03 13:37:40,Afternoon
TX_0028,CUST_5309,2025-07-03,13:37:53,4,Thursday,False,Cappuccino,320.0,560.0,card,2025-07-03 13:37:53,Afternoon
TX_0028,CUST_5309,2025-07-03,13:37:53,4,Thursday,False,Batch brew,240.0,560.0,card,2025-07-03 13:37:53,Afternoon
TX_1506,CUST_4592,2025-07-03,13:37:53,4,Thursday,False,Cappuccino,320.0,320.0,card,2025-07-03 13:37:53,Afternoon
TX_1398,CUST_4260,2025-07-03,13:38:18,4,Thursday,False,Raf coffee,420.0,420.0,card,2025-07-03 13:38:18,Afternoon
TX_1125,CUST_8417,2025-07-03,13:38:50,4,Thursday,False,Raf coffee,420.0,760.0,cash,2025-07-03 13:38:50,Afternoon
TX_1125,CUST_8417,2025-07-03,13:38:50,4,Thursday,False,Latte,340.0,760.0,cash,2025-07-03 13:38:50,Afternoon
TX_2755,CUST_4538,2025-07-03,13:41:34,4,Thursday,False,Raf coffee,420.0,420.0,card,2025-07-03 13:41:34,Afternoon
TX_2295,CUST_5832,2025-07-03,13:48:48,4,Thursday,False,Latte with add,440.0,440.0,card,2025-07-03 13:48:48,Afternoon
TX_1335,CUST_6693,2025-07-03,14:02:12,4,Thursday,False,Latte,340.0,340.0,card,2025-07-03 14:02:12,Afternoon
TX_0325,CUST_5452,2025-07-03,14:12:59,4,Thursday,False,Latte,340.0,340.0,card,2025-07-03 14:12:59,Afternoon
TX_0529,CUST_3321,2025-07-03,14:29:28,4,Thursday,False,Batch brew,240.0,560.0,card,2025-07-03 14:29:28,Afternoon
TX_0529,CUST_3321,2025-07-03,14:29:28,4,Thursday,False,Cappuccino,320.0,560.0,card,2025-07-03 14:29:28,Afternoon
TX_1526,CUST_2013,2025-07-03,14:34:14,4,Thursday,False,Batch brew,240.0,240.0,card,2025-07-03 14:34:14,Afternoon
TX_3477,CUST_1033,2025-07-03,14:40:08,4,Thursday,False,Latte,340.0,340.0,cash,2025-07-03 14:40:08,Afternoon
TX_2466,CUST_5552,2025-07-03,15:03:31,4,Thursday,False,Latte with add,440.0,440.0,card,2025-07-03 15:03:31,Afternoon
TX_0997,CUST_9027,2025-07-03,15:33:42,4,Thursday,False,Batch brew,240.0,560.0,card,2025-07-03 15:33:42,Afternoon
TX_0997,CUST_9027,2025-07-03,15:33:42,4,Thursday,False,Cappuccino,320.0,560.0,card,2025-07-03 15:33:42,Afternoon
TX_1165,CUST_2285,2025-07-03,17:01:56,4,Thursday,False,Cappuccino,320.0,320.0,card,2025-07-03 17:01:56,Evening
TX_1834,CUST_1315,2025-07-03,17:42:42,4,Thursday,False,Latte with add,440.0,440.0,card,2025-07-03 17:42:42,Evening
TX_2325,CUST_6652,2025-07-03,18:11:30,4,Thursday,False,Latte with add,440.0,440.0,card,2025-07-03 18:11:30,Evening
TX_1988,CUST_8463,2025-07-03,18:12:49,4,Thursday,False,Raf coffee,420.0,1200.0,card,2025-07-03 18:12:49,Evening
TX_1988,CUST_8463,2025-07-03,18:12:49,4,Thursday,False,Latte with add,440.0,1200.0,card,2025-07-03 18:12:49,Evening
TX_1988,CUST_8463,2025-07-03,18:12:49,4,Thursday,False,Latte,340.0,1200.0,card,2025-07-03 18:12:49,Evening
TX_1400,CUST_8506,2025-07-03,18:41:41,4,Thursday,False,Cappuccino,320.0,320.0,card,2025-07-03 18:41:41,Evening
TX_1575,CUST_5614,2025-07-03,19:07:08,4,Thursday,False,Raf coffee,420.0,420.0,card,2025-07-03 19:07:08,Evening
TX_0910,CUST_5436,2025-07-04,08:06:43,5,Friday,False,Latte with add,440.0,440.0,cash,2025-07-04 08:06:43,Morning
TX_0992,CUST_3956,2025-07-04,08:08:19,5,Friday,False,Flat white,340.0,740.0,cash,2025-07-04 08:08:19,Morning
TX_0992,CUST_3956,2025-07-04,08:08:19,5,Friday,False,Warming drinks (tea),400.0,740.0,cash,2025-07-04 08:08:19,Morning
TX_0546,CUST_3884,2025-07-04,08:29:26,5,Friday,False,Cappuccino,320.0,320.0,card,2025-07-04 08:29:26,Morning
TX_1644,CUST_9007,2025-07-04,08:38:35,5,Friday,False,Cappuccino,320.0,320.0,card,2025-07-04 08:38:35,Morning
TX_0379,CUST_1886,2025-07-04,08:54:54,5,Friday,False,Raf coffee,420.0,420.0,cash,2025-07-04 08:54:54,Morning
TX_3147,CUST_6370,2025-07-04,09:13:10,5,Friday,False,Cappuccino,320.0,320.0,cash,2025-07-04 09:13:10,Morning
TX_3083,CUST_6142,2025-07-04,09:28:57,5,Friday,False,Latte with add,440.0,440.0,card,2025-07-04 09:28:57,Morning
TX_3357,CUST_5036,2025-07-04,09:36:44,5,Friday,False,Espresso,230.0,230.0,card,2025-07-04 09:36:44,Morning
TX_2566,CUST_2599,2025-07-04,09:41:17,5,Friday,False,Warming drinks (tea),400.0,400.0,card,2025-07-04 09:41:17,Morning
TX_2683,CUST_1672,2025-07-04,09:48:10,5,Friday,False,Batch brew,240.0,240.0,cash,2025-07-04 09:48:10,Morning
TX_0007,CUST_9667,2025-07-04,10:05:07,5,Friday,False,Latte with add,440.0,440.0,cash,2025-07-04 10:05:07,Morning
TX_0574,CUST_2586,2025-07-04,10:06:16,5,Friday,False,Batch brew,240.0,580.0,cash,2025-07-04 10:06:16,Morning
TX_0574,CUST_2586,2025-07-04,10:06:16,5,Friday,False,Latte,340.0,580.0,cash,2025-07-04 10:06:16,Morning
TX_1559,CUST_4508,2025-07-04,10:07:00,5,Friday,False,Espresso,230.0,230.0,card,2025-07-04 10:07:00,Morning
TX_3092,CUST_9304,2025-07-04,10:42:13,5,Friday,False,Espresso,230.0,230.0,card,2025-07-04 10:42:13,Morning
TX_1836,CUST_1408,2025-07-04,10:56:41,5,Friday,False,Latte with add,440.0,440.0,card,2025-07-04 10:56:41,Morning
TX_1145,CUST_9080,2025-07-04,11:00:02,5,Friday,False,Batch brew,240.0,240.0,card,2025-07-04 11:00:02,Afternoon
TX_0897,CUST_8482,2025-07-04,11:51:01,5,Friday,False,Raf coffee,420.0,420.0,cash,2025-07-04 11:51:01,Afternoon
TX_2840,CUST_9055,2025-07-04,12:20:54,5,Friday,False,Latte with add,440.0,440.0,card,2025-07-04 12:20:54,Afternoon
TX_0797,CUST_1245,2025-07-04,12:21:36,5,Friday,False,Latte,340.0,340.0,card,2025-07-04 12:21:36,Afternoon
TX_3534,CUST_6209,2025-07-04,12:25:33,5,Friday,False,Cappuccino,320.0,320.0,cash,2025-07-04 12:25:33,Afternoon
TX_2910,CUST_3967,2025-07-04,12:47:26,5,Friday,False,Batch brew,240.0,240.0,cash,2025-07-04 12:47:26,Afternoon
TX_2757,CUST_2442,2025-07-04,12:47:48,5,Friday,False,Cappuccino,320.0,320.0,cash,2025-07-04 12:47:48,Afternoon
TX_1586,CUST_1565,2025-07-04,12:53:04,5,Friday,False,Batch brew,240.0,240.0,cash,2025-07-04 12:53:04,Afternoon
TX_3174,CUST_7216,2025-07-04,12:55:10,5,Friday,False,Warming drinks (tea),400.0,400.0,card,2025-07-04 12:55:10,Afternoon
TX_0840,CUST_8829,2025-07-04,12:59:06,5,Friday,False,Cappuccino,320.0,320.0,card,2025-07-04 12:59:06,Afternoon
TX_3125,CUST_9532,2025-07-04,13:14:39,5,Friday,False,Batch brew,240.0,240.0,card,2025-07-04 13:14:39,Afternoon
TX_1516,CUST_3356,2025-07-04,13:23:35,5,Friday,False,Batch brew,240.0,470.0,cash,2025-07-04 13:23:35,Afternoon
TX_1516,CUST_3356,2025-07-04,13:23:35,5,Friday,False,Espresso,230.0,470.0,cash,2025-07-04 13:23:35,Afternoon
TX_2313,CUST_4917,2025-07-04,13:27:30,5,Friday,False,Latte,340.0,680.0,card,2025-07-04 13:27:30,Afternoon
TX_2313,CUST_4917,2025-07-04,13:27:30,5,Friday,False,Latte,340.0,680.0,card,2025-07-04 13:27:30,Afternoon
TX_0843,CUST_6176,2025-07-04,13:43:15,5,Friday,False,Cappuccino,320.0,970.0,card,2025-07-04 13:43:15,Afternoon
TX_0843,CUST_6176,2025-07-04,13:43:15,5,Friday,False,Espresso,230.0,970.0,card,2025-07-04 13:43:15,Afternoon
TX_0843,CUST_6176,2025-07-04,13:43:15,5,Friday,False,Raf coffee,420.0,970.0,card,2025-07-04 13:43:15,Afternoon
TX_1899,CUST_7182,2025-07-04,13:50:07,5,Friday,False,Warming drinks (tea),400.0,400.0,card,2025-07-04 13:50:07,Afternoon
TX_2783,CUST_1323,2025-07-04,13:52:32,5,Friday,False,Cappuccino,320.0,740.0,card,2025-07-04 13:52:32,Afternoon
TX_2783,CUST_1323,2025-07-04,13:52:32,5,Friday,False,Raf coffee,420.0,740.0,card,2025-07-04 13:52:32,Afternoon
TX_2162,CUST_6286,2025-07-04,13:52:55,5,Friday,False,Cappuccino,320.0,320.0,cash,2025-07-04 13:52:55,Afternoon
TX_1367,CUST_3997,2025-07-04,13:54:16,5,Friday,False,Cappuccino,320.0,320.0,card,2025-07-04 13:54:16,Afternoon
TX_0098,CUST_7573,2025-07-04,13:58:29,5,Friday,False,Raf coffee,420.0,420.0,card,2025-07-04 13:58:29,Afternoon
TX_0572,CUST_2960,2025-07-04,14:06:05,5,Friday,False,Raf coffee,420.0,420.0,card,2025-07-04 14:06:05,Afternoon
TX_2241,CUST_4680,2025-07-04,14:08:02,5,Friday,False,Cappuccino,320.0,740.0,card,2025-07-04 14:08:02,Afternoon
TX_2241,CUST_4680,2025-07-04,14:08:02,5,Friday,False,Raf coffee,420.0,740.0,card,2025-07-04 14:08:02,Afternoon
TX_3345,CUST_6679,2025-07-04,14:09:54,5,Friday,False,Flat white,340.0,340.0,card,2025-07-04 14:09:54,Afternoon
TX_2622,CUST_4603,2025-07-04,14:14:45,5,Friday,False,Latte with add,440.0,440.0,cash,2025-07-04 14:14:45,Afternoon
TX_1474,CUST_2397,2025-07-04,15:03:23,5,Friday,False,Latte with add,440.0,440.0,card,2025-07-04 15:03:23,Afternoon
TX_3538,CUST_9468,2025-07-04,15:04:56,5,Friday,False,Cappuccino,320.0,320.0,cash,2025-07-04 15:04:56,Afternoon
TX_3326,CUST_8562,2025-07-04,15:16:52,5,Friday,False,Latte,340.0,340.0,card,2025-07-04 15:16:52,Afternoon
TX_1603,CUST_7600,2025-07-04,16:00:01,5,Friday,False,Cappuccino,320.0,760.0,cash,2025-07-04 16:00:01,Evening
TX_1603,CUST_7600,2025-07-04,16:00:01,5,Friday,False,Latte with add,440.0,760.0,cash,2025-07-04 16:00:01,Evening
TX_0015,CUST_7606,2025-07-04,17:34:42,5,Friday,False,Warming drinks (tea),400.0,400.0,card,2025-07-04 17:34:42,Evening
TX_2916,CUST_3578,2025-07-04,17:53:33,5,Friday,False,Batch brew,240.0,580.0,card,2025-07-04 17:53:33,Evening
TX_2916,CUST_3578,2025-07-04,17:53:33,5,Friday,False,Latte,340.0,580.0,card,2025-07-04 17:53:33,Evening
TX_0256,CUST_8248,2025-07-05,08:33:01,6,Saturday,True,Latte,340.0,340.0,cash,2025-07-05 08:33:01,Morning
TX_3281,CUST_3009,2025-07-05,08:45:12,6,Saturday,True,Cappuccino,320.0,1200.0,cash,2025-07-05 08:45:12,Morning
TX_3281,CUST_3009,2025-07-05,08:45:12,6,Saturday,True,Latte with add,440.0,1200.0,cash,2025-07-05 08:45:12,Morning
TX_3281,CUST_3009,2025-07-05,08:45:12,6,Saturday,True,Latte with add,440.0,1200.0,cash,2025-07-05 08:45:12,Morning
TX_1230,CUST_9661,2025-07-05,09:41:15,6,Saturday,True,Cappuccino,320.0,320.0,card,2025-07-05 09:41:15,Morning
TX_0081,CUST_2474,2025-07-05,09:49:46,6,Saturday,True,Flat white,340.0,340.0,card,2025-07-05 09:49:46,Morning
TX_1189,CUST_6163,2025-07-05,09:53:46,6,Saturday,True,Latte with add,440.0,440.0,cash,2025-07-05 09:53:46,Morning
TX_2809,CUST_8269,2025-07-05,10:27:59,6,Saturday,True,Warming drinks (tea),400.0,400.0,cash,2025-07-05 10:27:59,Morning
TX_2766,CUST_9936,2025-07-05,11:00:58,6,Saturday,True,Espresso,230.0,550.0,card,2025-07-05 11:00:58,Afternoon
TX_2766,CUST_9936,2025-07-05,11:00:58,6,Saturday,True,Cappuccino,320.0,550.0,card,2025-07-05 11:00:58,Afternoon
TX_1020,CUST_6465,2025-07-05,12:23:24,6,Saturday,True,Latte,340.0,760.0,cash,2025-07-05 12:23:24,Afternoon
TX_1020,CUST_6465,2025-07-05,12:23:24,6,Saturday,True,Raf coffee,420.0,760.0,cash,2025-07-05 12:23:24,Afternoon
TX_2742,CUST_4756,2025-07-05,12:30:56,6,Saturday,True,Latte,340.0,340.0,card,2025-07-05 12:30:56,Afternoon
TX_2557,CUST_6001,2025-07-05,12:47:15,6,Saturday,True,Raf coffee,420.0,760.0,card,2025-07-05 12:47:15,Afternoon
TX_2557,CUST_6001,2025-07-05,12:47:15,6,Saturday,True,Flat white,340.0,760.0,card,2025-07-05 12:47:15,Afternoon
TX_1462,CUST_2114,2025-07-05,12:48:19,6,Saturday,True,Latte with add,440.0,440.0,card,2025-07-05 12:48:19,Afternoon
TX_1567,CUST_8669,2025-07-05,13:00:05,6,Saturday,True,Flat white,340.0,340.0,card,2025-07-05 13:00:05,Afternoon
TX_1187,CUST_3013,2025-07-05,13:10:58,6,Saturday,True,Espresso,230.0,230.0,card,2025-07-05 13:10:58,Afternoon
TX_1052,CUST_2749,2025-07-05,13:13:06,6,Saturday,True,Latte,340.0,740.0,cash,2025-07-05 13:13:06,Afternoon
TX_1052,CUST_2749,2025-07-05,13:13:06,6,Saturday,True,Warming drinks (tea),400.0,740.0,cash,2025-07-05 13:13:06,Afternoon
TX_3214,CUST_8333,2025-07-05,13:14:35,6,Saturday,True,Batch brew,240.0,240.0,cash,2025-07-05 13:14:35,Afternoon
TX_2135,CUST_1036,2025-07-05,13:15:49,6,Saturday,True,Cappuccino,320.0,1200.0,card,2025-07-05 13:15:49,Afternoon
TX_2135,CUST_1036,2025-07-05,13:15:49,6,Saturday,True,Latte with add,440.0,1200.0,card,2025-07-05 13:15:49,Afternoon
TX_2135,CUST_1036,2025-07-05,13:15:49,6,Saturday,True,Latte with add,440.0,1200.0,card,2025-07-05 13:15:49,Afternoon
TX_2546,CUST_8863,2025-07-05,13:17:34,6,Saturday,True,Latte with add,440.0,1320.0,card,2025-07-05 13:17:34,Afternoon
TX_2546,CUST_8863,2025-07-05,13:17:34,6,Saturday,True,Latte with add,440.0,1320.0,card,2025-07-05 13:17:34,Afternoon
TX_2546,CUST_8863,2025-07-05,13:17:34,6,Saturday,True,Latte with add,440.0,1320.0,card,2025-07-05 13:17:34,Afternoon
TX_2807,CUST_4812,2025-07-05,13:20:29,6,Saturday,True,Batch brew,240.0,580.0,cash,2025-07-05 13:20:29,Afternoon
TX_2807,CUST_4812,2025-07-05,13:20:29,6,Saturday,True,Flat white,340.0,580.0,cash,2025-07-05 13:20:29,Afternoon
TX_1578,CUST_7831,2025-07-05,13:40:10,6,Saturday,True,Flat white,340.0,340.0,card,2025-07-05 13:40:10,Afternoon
TX_0440,CUST_3737,2025-07-05,13:49:13,6,Saturday,True,Latte,340.0,340.0,card,2025-07-05 13:49:13,Afternoon
TX_1126,CUST_5016,2025-07-05,13:51:26,6,Saturday,True,Batch brew,240.0,240.0,cash,2025-07-05 13:51:26,Afternoon
TX_0240,CUST_8401,2025-07-05,13:59:55,6,Saturday,True,Raf coffee,420.0,420.0,card,2025-07-05 13:59:55,Afternoon
TX_0107,CUST_5598,2025-07-05,14:05:24,6,Saturday,True,Flat white,340.0,680.0,card,2025-07-05 14:05:24,Afternoon
TX_0107,CUST_5598,2025-07-05,14:05:24,6,Saturday,True,Latte,340.0,680.0,card,2025-07-05 14:05:24,Afternoon
TX_1111,CUST_9385,2025-07-05,14:15:17,6,Saturday,True,Warming drinks (tea),400.0,740.0,cash,2025-07-05 14:15:17,Afternoon
TX_1111,CUST_9385,2025-07-05,14:15:17,6,Saturday,True,Latte,340.0,740.0,cash,2025-07-05 14:15:17,Afternoon
TX_2658,CUST_8993,2025-07-05,14:24:23,6,Saturday,True,Raf coffee,420.0,420.0,card,2025-07-05 14:24:23,Afternoon
TX_1177,CUST_3836,2025-07-05,15:10:51,6,Saturday,True,Latte,340.0,340.0,cash,2025-07-05 15:10:51,Afternoon
TX_3312,CUST_5524,2025-07-05,15:11:56,6,Saturday,True,Warming drinks (tea),400.0,400.0,card,2025-07-05 15:11:56,Afternoon
TX_1795,CUST_2969,2025-07-05,17:31:29,6,Saturday,True,Batch brew,240.0,240.0,card,2025-07-05 17:31:29,Evening
TX_1919,CUST_4258,2025-07-05,17:39:46,6,Saturday,True,Latte with add,440.0,440.0,cash,2025-07-05 17:39:46,Evening
TX_1680,CUST_6153,2025-07-05,17:49:05,6,Saturday,True,Latte with add,440.0,680.0,cash,2025-07-05 17:49:05,Evening
TX_1680,CUST_6153,2025-07-05,17:49:05,6,Saturday,True,Batch brew,240.0,680.0,cash,2025-07-05 17:49:05,Evening
TX_1389,CUST_3172,2025-07-05,18:00:04,6,Saturday,True,Raf coffee,420.0,840.0,card,2025-07-05 18:00:04,Evening
TX_1389,CUST_3172,2025-07-05,18:00:04,6,Saturday,True,Raf coffee,420.0,840.0,card,2025-07-05 18:00:04,Evening
TX_1430,CUST_9179,2025-07-05,18:09:52,6,Saturday,True,Cappuccino,320.0,320.0,cash,2025-07-05 18:09:52,Evening
TX_0011,CUST_4879,2025-07-05,18:31:08,6,Saturday,True,Latte,340.0,340.0,card,2025-07-05 18:31:08,Evening
TX_1322,CUST_7610,2025-07-05,18:37:50,6,Saturday,True,Latte,340.0,340.0,card,2025-07-05 18:37:50,Evening
TX_2431,CUST_1286,2025-07-05,19:08:11,6,Saturday,True,Latte with add,440.0,440.0,card,2025-07-05 19:08:11,Evening
TX_3051,CUST_2534,2025-07-05,19:47:40,6,Saturday,True,Espresso,230.0,230.0,cash,2025-07-05 19:47:40,Evening
TX_2048,CUST_8665,2025-07-06,08:23:49,7,Sunday,True,Flat white,340.0,340.0,card,2025-07-06 08:23:49,Morning
TX_1065,CUST_7313,2025-07-06,08:30:41,7,Sunday,True,Latte,340.0,580.0,cash,2025-07-06 08:30:41,Morning
TX_1065,CUST_7313,2025-07-06,08:30:41,7,Sunday,True,Batch brew,240.0,580.0,cash,2025-07-06 08:30:41,Morning
TX_1373,CUST_2635,2025-07-06,09:00:19,7,Sunday,True,Batch brew,240.0,240.0,card,2025-07-06 09:00:19,Morning
TX_1891,CUST_2596,2025-07-06,09:05:48,7,Sunday,True,Latte with add,440.0,760.0,card,2025-07-06 09:05:48,Morning
TX_1891,CUST_2596,2025-07-06,09:05:48,7,Sunday,True,Cappuccino,320.0,760.0,card,2025-07-06 09:05:48,Morning
TX_3394,CUST_9980,2025-07-06,09:10:11,7,Sunday,True,Espresso,230.0,230.0,card,2025-07-06 09:10:11,Morning
TX_3094,CUST_6674,2025-07-06,09:25:30,7,Sunday,True,Cappuccino,320.0,320.0,card,2025-07-06 09:25:30,Morning
TX_1218,CUST_2265,2025-07-06,09:40:06,7,Sunday,True,Latte,340.0,340.0,cash,2025-07-06 09:40:06,Morning
TX_2799,CUST_4203,2025-07-06,09:43:32,7,Sunday,True,Cappuccino,320.0,560.0,cash,2025-07-06 09:43:32,Morning
TX_2799,CUST_4203,2025-07-06,09:43:32,7,Sunday,True,Batch brew,240.0,560.0,cash,2025-07-06 09:43:32,Morning
TX_1751,CUST_3745,2025-07-06,09:49:10,7,Sunday,True,Latte,340.0,340.0,cash,2025-07-06 09:49:10,Morning
TX_1197,CUST_9259,2025-07-06,10:37:16,7,Sunday,True,Cappuccino,320.0,320.0,card,2025-07-06 10:37:16,Morning
TX_1243,CUST_2880,2025-07-06,11:00:26,7,Sunday,True,Batch brew,240.0,480.0,cash,2025-07-06 11:00:26,Afternoon
TX_1243,CUST_2880,2025-07-06,11:00:26,7,Sunday,True,Batch brew,240.0,480.0,cash,2025-07-06 11:00:26,Afternoon
TX_2823,CUST_9110,2025-07-06,11:50:36,7,Sunday,True,Latte with add,440.0,440.0,cash,2025-07-06 11:50:36,Afternoon
TX_2068,CUST_3210,2025-07-06,12:05:34,7,Sunday,True,Latte,340.0,340.0,card,2025-07-06 12:05:34,Afternoon
TX_1976,CUST_5486,2025-07-06,12:19:03,7,Sunday,True,Cappuccino,320.0,320.0,card,2025-07-06 12:19:03,Afternoon
TX_0322,CUST_3782,2025-07-06,12:26:22,7,Sunday,True,Latte,340.0,340.0,card,2025-07-06 12:26:22,Afternoon
TX_0199,CUST_1674,2025-07-06,12:28:17,7,Sunday,True,Batch brew,240.0,240.0,card,2025-07-06 12:28:17,Afternoon
TX_1413,CUST_4994,2025-07-06,12:52:10,7,Sunday,True,Cappuccino,320.0,760.0,cash,2025-07-06 12:52:10,Afternoon
TX_1413,CUST_4994,2025-07-06,12:52:10,7,Sunday,True,Latte with add,440.0,760.0,cash,2025-07-06 12:52:10,Afternoon
TX_1393,CUST_7619,2025-07-06,12:55:26,7,Sunday,True,Latte,340.0,340.0,cash,2025-07-06 12:55:26,Afternoon
TX_3342,CUST_9610,2025-07-06,12:57:37,7,Sunday,True,Cappuccino,320.0,320.0,card,2025-07-06 12:57:37,Afternoon
TX_2521,CUST_4134,2025-07-06,13:03:24,7,Sunday,True,Batch brew,240.0,240.0,card,2025-07-06 13:03:24,Afternoon
TX_1282,CUST_2386,2025-07-06,13:09:49,7,Sunday,True,Batch brew,240.0,240.0,card,2025-07-06 13:09:49,Afternoon
TX_0563,CUST_1111,2025-07-06,13:23:33,7,Sunday,True,Latte with add,440.0,440.0,card,2025-07-06 13:23:33,Afternoon
TX_2524,CUST_7213,2025-07-06,13:24:47,7,Sunday,True,Latte with add,440.0,680.0,card,2025-07-06 13:24:47,Afternoon
TX_2524,CUST_7213,2025-07-06,13:24:47,7,Sunday,True,Batch brew,240.0,680.0,card,2025-07-06 13:24:47,Afternoon
TX_1619,CUST_6644,2025-07-06,13:30:00,7,Sunday,True,Latte,340.0,680.0,card,2025-07-06 13:30:00,Afternoon
TX_1619,CUST_6644,2025-07-06,13:30:00,7,Sunday,True,Latte,340.0,680.0,card,2025-07-06 13:30:00,Afternoon
TX_2382,CUST_3848,2025-07-06,13:46:30,7,Sunday,True,Cappuccino,320.0,760.0,card,2025-07-06 13:46:30,Afternoon
TX_2382,CUST_3848,2025-07-06,13:46:30,7,Sunday,True,Latte with add,440.0,760.0,card,2025-07-06 13:46:30,Afternoon
TX_0731,CUST_9744,2025-07-06,13:47:52,7,Sunday,True,Latte with add,440.0,440.0,cash,2025-07-06 13:47:52,Afternoon
TX_0988,CUST_8804,2025-07-06,13:55:08,7,Sunday,True,Latte,340.0,340.0,card,2025-07-06 13:55:08,Afternoon
TX_1620,CUST_2708,2025-07-06,14:14:20,7,Sunday,True,Raf coffee,420.0,420.0,card,2025-07-06 14:14:20,Afternoon
TX_0732,CUST_7281,2025-07-06,14:22:52,7,Sunday,True,Flat white,340.0,340.0,cash,2025-07-06 14:22:52,Afternoon
TX_0448,CUST_5459,2025-07-06,14:34:09,7,Sunday,True,Batch brew,240.0,240.0,card,2025-07-06 14:34:09,Afternoon
TX_3154,CUST_4778,2025-07-06,14:47:40,7,Sunday,True,Latte,340.0,340.0,card,2025-07-06 14:47:40,Afternoon
TX_1540,CUST_4343,2025-07-06,15:06:36,7,Sunday,True,Latte,340.0,340.0,cash,2025-07-06 15:06:36,Afternoon
TX_2561,CUST_9147,2025-07-06,15:13:29,7,Sunday,True,Cappuccino,320.0,660.0,card,2025-07-06 15:13:29,Afternoon
TX_2561,CUST_9147,2025-07-06,15:13:29,7,Sunday,True,Latte,340.0,660.0,card,2025-07-06 15:13:29,Afternoon
TX_0097,CUST_8852,2025-07-06,16:52:58,7,Sunday,True,Cappuccino,320.0,880.0,card,2025-07-06 16:52:58,Evening
TX_0097,CUST_8852,2025-07-06,16:52:58,7,Sunday,True,Cappuccino,320.0,880.0,card,2025-07-06 16:52:58,Evening
TX_0097,CUST_8852,2025-07-06,16:52:58,7,Sunday,True,Batch brew,240.0,880.0,card,2025-07-06 16:52:58,Evening
TX_3048,CUST_6196,2025-07-06,17:14:37,7,Sunday,True,Cappuccino,320.0,320.0,cash,2025-07-06 17:14:37,Evening
TX_1225,CUST_7179,2025-07-06,17:25:47,7,Sunday,True,Latte with add,440.0,780.0,cash,2025-07-06 17:25:47,Evening
TX_1225,CUST_7179,2025-07-06,17:25:47,7,Sunday,True,Latte,340.0,780.0,cash,2025-07-06 17:25:47,Evening
TX_2000,CUST_8099,2025-07-06,17:58:39,7,Sunday,True,Batch brew,240.0,240.0,card,2025-07-06 17:58:39,Evening
TX_2582,CUST_6195,2025-07-06,18:25:38,7,Sunday,True,Flat white,340.0,340.0,cash,2025-07-06 18:25:38,Evening
TX_1434,CUST_1416,2025-07-06,18:33:38,7,Sunday,True,Latte,340.0,340.0,card,2025-07-06 18:33:38,Evening
TX_2471,CUST_2957,2025-07-06,18:45:51,7,Sunday,True,Latte with add,440.0,440.0,cash,2025-07-06 18:45:51,Evening
TX_1249,CUST_4326,2025-07-07,08:00:40,1,Monday,False,Latte,340.0,980.0,card,2025-07-07 08:00:40,Morning
TX_1249,CUST_4326,2025-07-07,08:00:40,1,Monday,False,Cappuccino,320.0,980.0,card,2025-07-07 08:00:40,Morning
TX_1249,CUST_4326,2025-07-07,08:00:40,1,Monday,False,Cappuccino,320.0,980.0,card,2025-07-07 08:00:40,Morning
TX_2805,CUST_3003,2025-07-07,08:23:20,1,Monday,False,Cappuccino,320.0,320.0,card,2025-07-07 08:23:20,Morning
TX_1402,CUST_7499,2025-07-07,08:46:36,1,Monday,False,Cappuccino,320.0,320.0,card,2025-07-07 08:46:36,Morning
TX_2981,CUST_7189,2025-07-07,08:48:09,1,Monday,False,Cappuccino,320.0,320.0,card,2025-07-07 08:48:09,Morning
TX_2071,CUST_1751,2025-07-07,09:15:56,1,Monday,False,Flat white,340.0,340.0,cash,2025-07-07 09:15:56,Morning
TX_3400,CUST_8022,2025-07-07,09:23:34,1,Monday,False,Batch brew,240.0,240.0,cash,2025-07-07 09:23:34,Morning
TX_2611,CUST_2384,2025-07-07,09:29:03,1,Monday,False,Raf coffee,420.0,760.0,card,2025-07-07 09:29:03,Morning
TX_2611,CUST_2384,2025-07-07,09:29:03,1,Monday,False,Latte,340.0,760.0,card,2025-07-07 09:29:03,Morning
TX_2490,CUST_2557,2025-07-07,09:35:35,1,Monday,False,Raf coffee,420.0,420.0,card,2025-07-07 09:35:35,Morning
TX_2556,CUST_7269,2025-07-07,09:38:21,1,Monday,False,Latte,340.0,760.0,card,2025-07-07 09:38:21,Morning
TX_2556,CUST_7269,2025-07-07,09:38:21,1,Monday,False,Raf coffee,420.0,760.0,card,2025-07-07 09:38:21,Morning
TX_2107,CUST_6128,2025-07-07,09:38:40,1,Monday,False,Cappuccino,320.0,640.0,card,2025-07-07 09:38:40,Morning
TX_2107,CUST_6128,2025-07-07,09:38:40,1,Monday,False,Cappuccino,320.0,640.0,card,2025-07-07 09:38:40,Morning
TX_1599,CUST_9093,2025-07-07,09:39:18,1,Monday,False,Warming drinks (tea),400.0,840.0,card,2025-07-07 09:39:18,Morning
TX_1599,CUST_9093,2025-07-07,09:39:18,1,Monday,False,Latte with add,440.0,840.0,card,2025-07-07 09:39:18,Morning
TX_2586,CUST_5670,2025-07-07,09:51:35,1,Monday,False,Cappuccino,320.0,720.0,card,2025-07-07 09:51:35,Morning
TX_2586,CUST_5670,2025-07-07,09:51:35,1,Monday,False,Warming drinks (tea),400.0,720.0,card,2025-07-07 09:51:35,Morning
TX_1466,CUST_4832,2025-07-07,10:16:32,1,Monday,False,Cappuccino,320.0,900.0,cash,2025-07-07 10:16:32,Morning
TX_1466,CUST_4832,2025-07-07,10:16:32,1,Monday,False,Latte,340.0,900.0,cash,2025-07-07 10:16:32,Morning
TX_1466,CUST_4832,2025-07-07,10:16:32,1,Monday,False,Batch brew,240.0,900.0,cash,2025-07-07 10:16:32,Morning
TX_2088,CUST_2872,2025-07-07,10:40:41,1,Monday,False,Raf coffee,420.0,760.0,card,2025-07-07 10:40:41,Morning
TX_2088,CUST_2872,2025-07-07,10:40:41,1,Monday,False,Flat white,340.0,760.0,card,2025-07-07 10:40:41,Morning
TX_1227,CUST_9748,2025-07-07,11:47:43,1,Monday,False,Latte,340.0,340.0,card,2025-07-07 11:47:43,Afternoon
TX_2977,CUST_1034,2025-07-07,12:10:52,1,Monday,False,Batch brew,240.0,240.0,card,2025-07-07 12:10:52,Afternoon
TX_2238,CUST_5064,2025-07-07,12:17:20,1,Monday,False,Cappuccino,320.0,320.0,card,2025-07-07 12:17:20,Afternoon
TX_0755,CUST_3958,2025-07-07,12:32:47,1,Monday,False,Latte,340.0,340.0,card,2025-07-07 12:32:47,Afternoon
TX_2941,CUST_1339,2025-07-07,12:56:52,1,Monday,False,Batch brew,240.0,240.0,card,2025-07-07 12:56:52,Afternoon
TX_3202,CUST_2599,2025-07-07,13:02:58,1,Monday,False,Warming drinks (tea),400.0,400.0,card,2025-07-07 13:02:58,Afternoon
TX_2684,CUST_6520,2025-07-07,13:03:37,1,Monday,False,Batch brew,240.0,240.0,card,2025-07-07 13:03:37,Afternoon
TX_1889,CUST_5844,2025-07-07,13:07:45,1,Monday,False,Latte with add,440.0,440.0,card,2025-07-07 13:07:45,Afternoon
TX_2619,CUST_1105,2025-07-07,13:07:58,1,Monday,False,Latte,340.0,340.0,card,2025-07-07 13:07:58,Afternoon
TX_0912,CUST_5447,2025-07-07,13:26:06,1,Monday,False,Latte with add,440.0,440.0,cash,2025-07-07 13:26:06,Afternoon
TX_1138,CUST_6127,2025-07-07,13:31:18,1,Monday,False,Batch brew,240.0,680.0,card,2025-07-07 13:31:18,Afternoon
TX_1138,CUST_6127,2025-07-07,13:31:18,1,Monday,False,Latte with add,440.0,680.0,card,2025-07-07 13:31:18,Afternoon
TX_2785,CUST_8093,2025-07-07,13:53:33,1,Monday,False,Batch brew,240.0,240.0,cash,2025-07-07 13:53:33,Afternoon
TX_1553,CUST_3960,2025-07-07,13:57:39,1,Monday,False,Latte with add,440.0,440.0,cash,2025-07-07 13:57:39,Afternoon
TX_1120,CUST_7414,2025-07-07,14:09:04,1,Monday,False,Latte,340.0,340.0,card,2025-07-07 14:09:04,Afternoon
TX_3364,CUST_2115,2025-07-07,14:12:17,1,Monday,False,Latte with add,440.0,440.0,card,2025-07-07 14:12:17,Afternoon
TX_2043,CUST_6754,2025-07-07,14:20:53,1,Monday,False,Latte,340.0,340.0,cash,2025-07-07 14:20:53,Afternoon
TX_2659,CUST_9066,2025-07-07,14:34:51,1,Monday,False,Raf coffee,420.0,420.0,card,2025-07-07 14:34:51,Afternoon
TX_0658,CUST_6309,2025-07-07,14:46:19,1,Monday,False,Latte,340.0,340.0,cash,2025-07-07 14:46:19,Afternoon
TX_2932,CUST_3587,2025-07-07,14:50:54,1,Monday,False,Cappuccino,320.0,320.0,card,2025-07-07 14:50:54,Afternoon
TX_0753,CUST_2024,2025-07-07,17:11:39,1,Monday,False,Cappuccino,320.0,660.0,card,2025-07-07 17:11:39,Evening
TX_0753,CUST_2024,2025-07-07,17:11:39,1,Monday,False,Flat white,340.0,660.0,card,2025-07-07 17:11:39,Evening
TX_2406,CUST_9863,2025-07-07,17:59:50,1,Monday,False,Latte,340.0,340.0,card,2025-07-07 17:59:50,Evening
TX_2094,CUST_9163,2025-07-07,19:05:45,1,Monday,False,Latte with add,440.0,440.0,card,2025-07-07 19:05:45,Evening
TX_2769,CUST_3762,2025-07-08,08:00:09,2,Tuesday,False,Warming drinks (tea),400.0,400.0,card,2025-07-08 08:00:09,Morning
TX_1231,CUST_8021,2025-07-08,08:00:44,2,Tuesday,False,Cappuccino,320.0,320.0,card,2025-07-08 08:00:44,Morning
TX_2426,CUST_4634,2025-07-08,08:30:53,2,Tuesday,False,Latte with add,440.0,440.0,card,2025-07-08 08:30:53,Morning
TX_0497,CUST_6985,2025-07-08,08:56:47,2,Tuesday,False,Warming drinks (tea),400.0,800.0,cash,2025-07-08 08:56:47,Morning
TX_0497,CUST_6985,2025-07-08,08:56:47,2,Tuesday,False,Warming drinks (tea),400.0,800.0,cash,2025-07-08 08:56:47,Morning
TX_2867,CUST_4521,2025-07-08,08:59:04,2,Tuesday,False,Cappuccino,320.0,1100.0,card,2025-07-08 08:59:04,Morning
TX_2867,CUST_4521,2025-07-08,08:59:04,2,Tuesday,False,Latte with add,440.0,1100.0,card,2025-07-08 08:59:04,Morning
TX_2867,CUST_4521,2025-07-08,08:59:04,2,Tuesday,False,Latte,340.0,1100.0,card,2025-07-08 08:59:04,Morning
TX_0010,CUST_3727,2025-07-08,09:11:10,2,Tuesday,False,Batch brew,240.0,240.0,cash,2025-07-08 09:11:10,Morning
TX_2191,CUST_4319,2025-07-08,09:14:17,2,Tuesday,False,Cappuccino,320.0,320.0,card,2025-07-08 09:14:17,Morning
TX_2459,CUST_4680,2025-07-08,09:21:02,2,Tuesday,False,Cappuccino,320.0,320.0,card,2025-07-08 09:21:02,Morning
TX_0224,CUST_4259,2025-07-08,09:25:35,2,Tuesday,False,Latte,340.0,570.0,cash,2025-07-08 09:25:35,Morning
TX_0224,CUST_4259,2025-07-08,09:25:35,2,Tuesday,False,Espresso,230.0,570.0,cash,2025-07-08 09:25:35,Morning
TX_2175,CUST_6124,2025-07-08,09:33:12,2,Tuesday,False,Cappuccino,320.0,660.0,card,2025-07-08 09:33:12,Morning
TX_2175,CUST_6124,2025-07-08,09:33:12,2,Tuesday,False,Latte,340.0,660.0,card,2025-07-08 09:33:12,Morning
TX_0738,CUST_3776,2025-07-08,09:44:10,2,Tuesday,False,Batch brew,240.0,240.0,card,2025-07-08 09:44:10,Morning
TX_0739,CUST_9476,2025-07-08,09:49:20,2,Tuesday,False,Cappuccino,320.0,640.0,card,2025-07-08 09:49:20,Morning
TX_0739,CUST_9476,2025-07-08,09:49:20,2,Tuesday,False,Cappuccino,320.0,640.0,card,2025-07-08 09:49:20,Morning
TX_0266,CUST_9790,2025-07-08,09:55:37,2,Tuesday,False,Latte with add,440.0,440.0,cash,2025-07-08 09:55:37,Morning
TX_2041,CUST_6473,2025-07-08,09:57:06,2,Tuesday,False,Raf coffee,420.0,420.0,card,2025-07-08 09:57:06,Morning
TX_0459,CUST_1989,2025-07-08,10:02:05,2,Tuesday,False,Raf coffee,420.0,760.0,cash,2025-07-08 10:02:05,Morning
TX_0459,CUST_1989,2025-07-08,10:02:05,2,Tuesday,False,Latte,340.0,760.0,cash,2025-07-08 10:02:05,Morning
TX_0131,CUST_4641,2025-07-08,10:09:55,2,Tuesday,False,Espresso,230.0,630.0,card,2025-07-08 10:09:55,Morning
TX_0131,CUST_4641,2025-07-08,10:09:55,2,Tuesday,False,Warming drinks (tea),400.0,630.0,card,2025-07-08 10:09:55,Morning
TX_2251,CUST_6637,2025-07-08,10:14:44,2,Tuesday,False,Espresso,230.0,470.0,card,2025-07-08 10:14:44,Morning
TX_2251,CUST_6637,2025-07-08,10:14:44,2,Tuesday,False,Batch brew,240.0,470.0,card,2025-07-08 10:14:44,Morning
TX_0072,CUST_1200,2025-07-08,10:16:49,2,Tuesday,False,Latte,340.0,340.0,card,2025-07-08 10:16:49,Morning
TX_0065,CUST_3921,2025-07-08,10:25:06,2,Tuesday,False,Cappuccino,320.0,900.0,cash,2025-07-08 10:25:06,Morning
TX_0065,CUST_3921,2025-07-08,10:25:06,2,Tuesday,False,Batch brew,240.0,900.0,cash,2025-07-08 10:25:06,Morning
TX_0065,CUST_3921,2025-07-08,10:25:06,2,Tuesday,False,Latte,340.0,900.0,cash,2025-07-08 10:25:06,Morning
TX_3057,CUST_1548,2025-07-08,10:28:38,2,Tuesday,False,Warming drinks (tea),400.0,400.0,card,2025-07-08 10:28:38,Morning
TX_3005,CUST_9564,2025-07-08,11:00:35,2,Tuesday,False,Raf coffee,420.0,420.0,card,2025-07-08 11:00:35,Afternoon
TX_0200,CUST_4930,2025-07-08,12:15:29,2,Tuesday,False,Cappuccino,320.0,320.0,cash,2025-07-08 12:15:29,Afternoon
TX_0267,CUST_3083,2025-07-08,12:21:49,2,Tuesday,False,Latte,340.0,340.0,card,2025-07-08 12:21:49,Afternoon
TX_3536,CUST_6444,2025-07-08,12:37:51,2,Tuesday,False,Warming drinks (tea),400.0,720.0,card,2025-07-08 12:37:51,Afternoon
TX_3536,CUST_6444,2025-07-08,12:37:51,2,Tuesday,False,Cappuccino,320.0,720.0,card,2025-07-08 12:37:51,Afternoon
TX_1011,CUST_1509,2025-07-08,12:45:29,2,Tuesday,False,Latte with add,440.0,1080.0,card,2025-07-08 12:45:29,Afternoon
TX_1011,CUST_1509,2025-07-08,12:45:29,2,Tuesday,False,Cappuccino,320.0,1080.0,card,2025-07-08 12:45:29,Afternoon
TX_1011,CUST_1509,2025-07-08,12:45:29,2,Tuesday,False,Cappuccino,320.0,1080.0,card,2025-07-08 12:45:29,Afternoon
TX_2625,CUST_1288,2025-07-08,12:50:48,2,Tuesday,False,Cappuccino,320.0,320.0,cash,2025-07-08 12:50:48,Afternoon
TX_2341,CUST_1986,2025-07-08,12:56:47,2,Tuesday,False,Raf coffee,420.0,1160.0,card,2025-07-08 12:56:47,Afternoon
TX_2341,CUST_1986,2025-07-08,12:56:47,2,Tuesday,False,Flat white,340.0,1160.0,card,2025-07-08 12:56:47,Afternoon
TX_2341,CUST_1986,2025-07-08,12:56:47,2,Tuesday,False,Warming drinks (tea),400.0,1160.0,card,2025-07-08 12:56:47,Afternoon
TX_1317,CUST_8454,2025-07-08,13:03:13,2,Tuesday,False,Latte,340.0,1080.0,cash,2025-07-08 13:03:13,Afternoon
TX_1317,CUST_8454,2025-07-08,13:03:13,2,Tuesday,False,Latte,340.0,1080.0,cash,2025-07-08 13:03:13,Afternoon
TX_1317,CUST_8454,2025-07-08,13:03:13,2,Tuesday,False,Warming drinks (tea),400.0,1080.0,cash,2025-07-08 13:03:13,Afternoon
TX_1545,CUST_2138,2025-07-08,13:26:16,2,Tuesday,False,Latte with add,440.0,760.0,card,2025-07-08 13:26:16,Afternoon
TX_1545,CUST_2138,2025-07-08,13:26:16,2,Tuesday,False,Cappuccino,320.0,760.0,card,2025-07-08 13:26:16,Afternoon
TX_2812,CUST_1817,2025-07-08,13:28:49,2,Tuesday,False,Batch brew,240.0,240.0,card,2025-07-08 13:28:49,Afternoon
TX_0033,CUST_4924,2025-07-08,13:30:27,2,Tuesday,False,Raf coffee,420.0,420.0,card,2025-07-08 13:30:27,Afternoon
TX_1460,CUST_9670,2025-07-08,14:05:16,2,Tuesday,False,Cappuccino,320.0,320.0,card,2025-07-08 14:05:16,Afternoon
TX_2827,CUST_1288,2025-07-08,14:16:44,2,Tuesday,False,Espresso,230.0,230.0,card,2025-07-08 14:16:44,Afternoon
TX_2294,CUST_6477,2025-07-08,14:26:56,2,Tuesday,False,Flat white,340.0,340.0,card,2025-07-08 14:26:56,Afternoon
TX_0371,CUST_9804,2025-07-08,14:27:35,2,Tuesday,False,Latte,340.0,660.0,cash,2025-07-08 14:27:35,Afternoon
TX_0371,CUST_9804,2025-07-08,14:27:35,2,Tuesday,False,Cappuccino,320.0,660.0,cash,2025-07-08 14:27:35,Afternoon
TX_1150,CUST_2200,2025-07-08,14:39:06,2,Tuesday,False,Latte with add,440.0,1300.0,card,2025-07-08 14:39:06,Afternoon
TX_1150,CUST_2200,2025-07-08,14:39:06,2,Tuesday,False,Raf coffee,420.0,1300.0,card,2025-07-08 14:39:06,Afternoon
TX_1150,CUST_2200,2025-07-08,14:39:06,2,Tuesday,False,Latte with add,440.0,1300.0,card,2025-07-08 14:39:06,Afternoon
TX_0919,CUST_9992,2025-07-08,17:05:34,2,Tuesday,False,Batch brew,240.0,710.0,card,2025-07-08 17:05:34,Evening
TX_0919,CUST_9992,2025-07-08,17:05:34,2,Tuesday,False,Espresso,230.0,710.0,card,2025-07-08 17:05:34,Evening
TX_0919,CUST_9992,2025-07-08,17:05:34,2,Tuesday,False,Batch brew,240.0,710.0,card,2025-07-08 17:05:34,Evening
TX_3433,CUST_9191,2025-07-08,17:27:40,2,Tuesday,False,Latte,340.0,340.0,cash,2025-07-08 17:27:40,Evening
TX_3486,CUST_8141,2025-07-08,17:31:06,2,Tuesday,False,Latte,340.0,340.0,card,2025-07-08 17:31:06,Evening
TX_2142,CUST_3847,2025-07-08,17:45:54,2,Tuesday,False,Latte,340.0,1200.0,card,2025-07-08 17:45:54,Evening
TX_2142,CUST_3847,2025-07-08,17:45:54,2,Tuesday,False,Raf coffee,420.0,1200.0,card,2025-07-08 17:45:54,Evening
TX_2142,CUST_3847,2025-07-08,17:45:54,2,Tuesday,False,Latte with add,440.0,1200.0,card,2025-07-08 17:45:54,Evening
TX_1263,CUST_5886,2025-07-08,17:55:18,2,Tuesday,False,Cappuccino,320.0,1080.0,card,2025-07-08 17:55:18,Evening
TX_1263,CUST_5886,2025-07-08,17:55:18,2,Tuesday,False,Latte with add,440.0,1080.0,card,2025-07-08 17:55:18,Evening
TX_1263,CUST_5886,2025-07-08,17:55:18,2,Tuesday,False,Cappuccino,320.0,1080.0,card,2025-07-08 17:55:18,Evening
TX_0400,CUST_1686,2025-07-09,08:11:55,3,Wednesday,False,Cappuccino,320.0,990.0,card,2025-07-09 08:11:55,Morning
TX_0400,CUST_1686,2025-07-09,08:11:55,3,Wednesday,False,Latte with add,440.0,990.0,card,2025-07-09 08:11:55,Morning
TX_0400,CUST_1686,2025-07-09,08:11:55,3,Wednesday,False,Espresso,230.0,990.0,card,2025-07-09 08:11:55,Morning
TX_0184,CUST_3362,2025-07-09,08:25:56,3,Wednesday,False,Batch brew,240.0,240.0,card,2025-07-09 08:25:56,Morning
TX_1591,CUST_7775,2025-07-09,08:35:02,3,Wednesday,False,Latte,340.0,740.0,cash,2025-07-09 08:35:02,Morning
TX_1591,CUST_7775,2025-07-09,08:35:02,3,Wednesday,False,Warming drinks (tea),400.0,740.0,cash,2025-07-09 08:35:02,Morning
TX_3263,CUST_8436,2025-07-09,08:37:23,3,Wednesday,False,Batch brew,240.0,240.0,card,2025-07-09 08:37:23,Morning
TX_0120,CUST_5599,2025-07-09,08:37:56,3,Wednesday,False,Latte,340.0,340.0,card,2025-07-09 08:37:56,Morning
TX_0414,CUST_8331,2025-07-09,08:48:54,3,Wednesday,False,Batch brew,240.0,790.0,card,2025-07-09 08:48:54,Morning
TX_0414,CUST_8331,2025-07-09,08:48:54,3,Wednesday,False,Cappuccino,320.0,790.0,card,2025-07-09 08:48:54,Morning
TX_0414,CUST_8331,2025-07-09,08:48:54,3,Wednesday,False,Espresso,230.0,790.0,card,2025-07-09 08:48:54,Morning
TX_0005,CUST_7284,2025-07-09,08:54:59,3,Wednesday,False,Latte with add,440.0,440.0,card,2025-07-09 08:54:59,Morning
TX_2949,CUST_2771,2025-07-09,08:57:58,3,Wednesday,False,Flat white,340.0,340.0,card,2025-07-09 08:57:58,Morning
TX_2277,CUST_5216,2025-07-09,09:02:24,3,Wednesday,False,Raf coffee,420.0,420.0,card,2025-07-09 09:02:24,Morning
TX_1898,CUST_8219,2025-07-09,09:05:16,3,Wednesday,False,Latte,340.0,580.0,card,2025-07-09 09:05:16,Morning
TX_1898,CUST_8219,2025-07-09,09:05:16,3,Wednesday,False,Batch brew,240.0,580.0,card,2025-07-09 09:05:16,Morning
TX_1386,CUST_3915,2025-07-09,09:10:02,3,Wednesday,False,Cappuccino,320.0,320.0,card,2025-07-09 09:10:02,Morning
TX_1316,CUST_6071,2025-07-09,09:11:25,3,Wednesday,False,Latte,340.0,340.0,cash,2025-07-09 09:11:25,Morning
TX_3374,CUST_8188,2025-07-09,09:14:04,3,Wednesday,False,Warming drinks (tea),400.0,1140.0,card,2025-07-09 09:14:04,Morning
TX_3374,CUST_8188,2025-07-09,09:14:04,3,Wednesday,False,Raf coffee,420.0,1140.0,card,2025-07-09 09:14:04,Morning
TX_3374,CUST_8188,2025-07-09,09:14:04,3,Wednesday,False,Cappuccino,320.0,1140.0,card,2025-07-09 09:14:04,Morning
TX_0060,CUST_3630,2025-07-09,09:15:13,3,Wednesday,False,Latte with add,440.0,440.0,card,2025-07-09 09:15:13,Morning
TX_0717,CUST_8082,2025-07-09,09:38:29,3,Wednesday,False,Batch brew,240.0,240.0,card,2025-07-09 09:38:29,Morning
TX_2594,CUST_4359,2025-07-09,09:41:55,3,Wednesday,False,Cappuccino,320.0,320.0,card,2025-07-09 09:41:55,Morning
TX_1612,CUST_2007,2025-07-09,09:45:53,3,Wednesday,False,Warming drinks (tea),400.0,400.0,card,2025-07-09 09:45:53,Morning
TX_3332,CUST_2184,2025-07-09,09:57:06,3,Wednesday,False,Latte with add,440.0,440.0,card,2025-07-09 09:57:06,Morning
TX_0822,CUST_2412,2025-07-09,10:02:25,3,Wednesday,False,Raf coffee,420.0,660.0,card,2025-07-09 10:02:25,Morning
TX_0822,CUST_2412,2025-07-09,10:02:25,3,Wednesday,False,Batch brew,240.0,660.0,card,2025-07-09 10:02:25,Morning
TX_2148,CUST_9155,2025-07-09,10:10:51,3,Wednesday,False,Cappuccino,320.0,320.0,cash,2025-07-09 10:10:51,Morning
TX_0617,CUST_7529,2025-07-09,10:26:13,3,Wednesday,False,Latte,340.0,340.0,cash,2025-07-09 10:26:13,Morning
TX_3446,CUST_9536,2025-07-09,12:16:03,3,Wednesday,False,Latte with add,440.0,1020.0,card,2025-07-09 12:16:03,Afternoon
TX_3446,CUST_9536,2025-07-09,12:16:03,3,Wednesday,False,Batch brew,240.0,1020.0,card,2025-07-09 12:16:03,Afternoon
TX_3446,CUST_9536,2025-07-09,12:16:03,3,Wednesday,False,Latte,340.0,1020.0,card,2025-07-09 12:16:03,Afternoon
TX_2583,CUST_9005,2025-07-09,12:25:16,3,Wednesday,False,Cappuccino,320.0,740.0,card,2025-07-09 12:25:16,Afternoon
TX_2583,CUST_9005,2025-07-09,12:25:16,3,Wednesday,False,Raf coffee,420.0,740.0,card,2025-07-09 12:25:16,Afternoon
TX_1238,CUST_5985,2025-07-09,12:58:35,3,Wednesday,False,Flat white,340.0,660.0,card,2025-07-09 12:58:35,Afternoon
TX_1238,CUST_5985,2025-07-09,12:58:35,3,Wednesday,False,Cappuccino,320.0,660.0,card,2025-07-09 12:58:35,Afternoon
TX_0064,CUST_4643,2025-07-09,13:02:57,3,Wednesday,False,Latte with add,440.0,440.0,card,2025-07-09 13:02:57,Afternoon
TX_1521,CUST_9843,2025-07-09,13:11:07,3,Wednesday,False,Latte,340.0,1000.0,card,2025-07-09 13:11:07,Afternoon
TX_1521,CUST_9843,2025-07-09,13:11:07,3,Wednesday,False,Latte,340.0,1000.0,card,2025-07-09 13:11:07,Afternoon
TX_1521,CUST_9843,2025-07-09,13:11:07,3,Wednesday,False,Cappuccino,320.0,1000.0,card,2025-07-09 13:11:07,Afternoon
TX_0816,CUST_9629,2025-07-09,13:11:59,3,Wednesday,False,Latte,340.0,740.0,card,2025-07-09 13:11:59,Afternoon
TX_0816,CUST_9629,2025-07-09,13:11:59,3,Wednesday,False,Warming drinks (tea),400.0,740.0,card,2025-07-09 13:11:59,Afternoon
TX_3070,CUST_8922,2025-07-09,13:16:17,3,Wednesday,False,Cappuccino,320.0,640.0,card,2025-07-09 13:16:17,Afternoon
TX_3070,CUST_8922,2025-07-09,13:16:17,3,Wednesday,False,Cappuccino,320.0,640.0,card,2025-07-09 13:16:17,Afternoon
TX_1423,CUST_9100,2025-07-09,13:33:19,3,Wednesday,False,Batch brew,240.0,240.0,card,2025-07-09 13:33:19,Afternoon
TX_0135,CUST_3104,2025-07-09,13:40:21,3,Wednesday,False,Latte with add,440.0,760.0,cash,2025-07-09 13:40:21,Afternoon
TX_0135,CUST_3104,2025-07-09,13:40:21,3,Wednesday,False,Cappuccino,320.0,760.0,cash,2025-07-09 13:40:21,Afternoon
TX_1850,CUST_8032,2025-07-09,14:01:08,3,Wednesday,False,Cappuccino,320.0,320.0,card,2025-07-09 14:01:08,Afternoon
TX_0789,CUST_6085,2025-07-09,14:06:19,3,Wednesday,False,Raf coffee,420.0,420.0,card,2025-07-09 14:06:19,Afternoon
TX_0762,CUST_3189,2025-07-09,14:12:17,3,Wednesday,False,Batch brew,240.0,680.0,card,2025-07-09 14:12:17,Afternoon
TX_0762,CUST_3189,2025-07-09,14:12:17,3,Wednesday,False,Latte with add,440.0,680.0,card,2025-07-09 14:12:17,Afternoon
TX_2130,CUST_1857,2025-07-09,14:14:43,3,Wednesday,False,Latte with add,440.0,440.0,card,2025-07-09 14:14:43,Afternoon
TX_0785,CUST_3740,2025-07-09,14:39:21,3,Wednesday,False,Batch brew,240.0,580.0,card,2025-07-09 14:39:21,Afternoon
TX_0785,CUST_3740,2025-07-09,14:39:21,3,Wednesday,False,Latte,340.0,580.0,card,2025-07-09 14:39:21,Afternoon
TX_1552,CUST_4700,2025-07-09,14:54:06,3,Wednesday,False,Cappuccino,320.0,960.0,card,2025-07-09 14:54:06,Afternoon
TX_1552,CUST_4700,2025-07-09,14:54:06,3,Wednesday,False,Cappuccino,320.0,960.0,card,2025-07-09 14:54:06,Afternoon
TX_1552,CUST_4700,2025-07-09,14:54:06,3,Wednesday,False,Cappuccino,320.0,960.0,card,2025-07-09 14:54:06,Afternoon
TX_2369,CUST_5838,2025-07-09,14:57:19,3,Wednesday,False,Cappuccino,320.0,320.0,cash,2025-07-09 14:57:19,Afternoon
TX_2523,CUST_8357,2025-07-09,15:17:38,3,Wednesday,False,Batch brew,240.0,560.0,card,2025-07-09 15:17:38,Afternoon
TX_2523,CUST_8357,2025-07-09,15:17:38,3,Wednesday,False,Cappuccino,320.0,560.0,card,2025-07-09 15:17:38,Afternoon
TX_3315,CUST_4391,2025-07-09,18:15:20,3,Wednesday,False,Cappuccino,320.0,760.0,card,2025-07-09 18:15:20,Evening
TX_3315,CUST_4391,2025-07-09,18:15:20,3,Wednesday,False,Latte with add,440.0,760.0,card,2025-07-09 18:15:20,Evening
TX_0261,CUST_6264,2025-07-09,18:15:59,3,Wednesday,False,Latte with add,440.0,780.0,card,2025-07-09 18:15:59,Evening
TX_0261,CUST_6264,2025-07-09,18:15:59,3,Wednesday,False,Flat white,340.0,780.0,card,2025-07-09 18:15:59,Evening
TX_2954,CUST_7364,2025-07-09,18:59:51,3,Wednesday,False,Warming drinks (tea),400.0,740.0,card,2025-07-09 18:59:51,Evening
TX_2954,CUST_7364,2025-07-09,18:59:51,3,Wednesday,False,Latte,340.0,740.0,card,2025-07-09 18:59:51,Evening
TX_0393,CUST_3987,2025-07-10,08:48:11,4,Thursday,False,Cappuccino,320.0,320.0,card,2025-07-10 08:48:11,Morning
TX_0204,CUST_7788,2025-07-10,08:56:13,4,Thursday,False,Latte,340.0,340.0,card,2025-07-10 08:56:13,Morning
TX_1180,CUST_7143,2025-07-10,09:02:28,4,Thursday,False,Batch brew,240.0,920.0,cash,2025-07-10 09:02:28,Morning
TX_1180,CUST_7143,2025-07-10,09:02:28,4,Thursday,False,Latte,340.0,920.0,cash,2025-07-10 09:02:28,Morning
TX_1180,CUST_7143,2025-07-10,09:02:28,4,Thursday,False,Flat white,340.0,920.0,cash,2025-07-10 09:02:28,Morning
TX_1093,CUST_2840,2025-07-10,09:19:58,4,Thursday,False,Cappuccino,320.0,320.0,card,2025-07-10 09:19:58,Morning
TX_0555,CUST_3299,2025-07-10,09:24:44,4,Thursday,False,Latte,340.0,340.0,card,2025-07-10 09:24:44,Morning
TX_3103,CUST_2715,2025-07-10,09:31:36,4,Thursday,False,Batch brew,240.0,240.0,card,2025-07-10 09:31:36,Morning
TX_3122,CUST_1632,2025-07-10,09:43:05,4,Thursday,False,Flat white,340.0,340.0,card,2025-07-10 09:43:05,Morning
TX_3367,CUST_5565,2025-07-10,10:04:01,4,Thursday,False,Latte,340.0,340.0,card,2025-07-10 10:04:01,Morning
TX_2921,CUST_7283,2025-07-10,10:13:53,4,Thursday,False,Cappuccino,320.0,320.0,cash,2025-07-10 10:13:53,Morning
TX_2449,CUST_2855,2025-07-10,10:14:29,4,Thursday,False,Latte,340.0,340.0,card,2025-07-10 10:14:29,Morning
TX_0156,CUST_6556,2025-07-10,10:37:38,4,Thursday,False,Batch brew,240.0,240.0,card,2025-07-10 10:37:38,Morning
TX_2197,CUST_4405,2025-07-10,11:00:30,4,Thursday,False,Batch brew,240.0,240.0,card,2025-07-10 11:00:30,Afternoon
TX_2303,CUST_4974,2025-07-10,11:00:32,4,Thursday,False,Cappuccino,320.0,320.0,cash,2025-07-10 11:00:32,Afternoon
TX_1026,CUST_9700,2025-07-10,11:00:40,4,Thursday,False,Raf coffee,420.0,420.0,cash,2025-07-10 11:00:40,Afternoon
TX_1732,CUST_2799,2025-07-10,11:15:43,4,Thursday,False,Warming drinks (tea),400.0,400.0,cash,2025-07-10 11:15:43,Afternoon
TX_1254,CUST_6568,2025-07-10,12:08:24,4,Thursday,False,Batch brew,240.0,240.0,card,2025-07-10 12:08:24,Afternoon
TX_2470,CUST_3088,2025-07-10,12:17:51,4,Thursday,False,Latte with add,440.0,440.0,card,2025-07-10 12:17:51,Afternoon
TX_0103,CUST_9491,2025-07-10,12:22:39,4,Thursday,False,Batch brew,240.0,580.0,cash,2025-07-10 12:22:39,Afternoon
TX_0103,CUST_9491,2025-07-10,12:22:39,4,Thursday,False,Latte,340.0,580.0,cash,2025-07-10 12:22:39,Afternoon
TX_2114,CUST_6610,2025-07-10,12:29:43,4,Thursday,False,Latte with add,440.0,440.0,card,2025-07-10 12:29:43,Afternoon
TX_1621,CUST_9397,2025-07-10,12:40:40,4,Thursday,False,Raf coffee,420.0,420.0,cash,2025-07-10 12:40:40,Afternoon
TX_0417,CUST_9960,2025-07-10,12:51:00,4,Thursday,False,Raf coffee,420.0,420.0,card,2025-07-10 12:51:00,Afternoon
TX_1769,CUST_1232,2025-07-10,12:57:02,4,Thursday,False,Cappuccino,320.0,320.0,card,2025-07-10 12:57:02,Afternoon
TX_2624,CUST_1579,2025-07-10,13:00:47,4,Thursday,False,Batch brew,240.0,560.0,cash,2025-07-10 13:00:47,Afternoon
TX_2624,CUST_1579,2025-07-10,13:00:47,4,Thursday,False,Cappuccino,320.0,560.0,cash,2025-07-10 13:00:47,Afternoon
TX_1910,CUST_3934,2025-07-10,13:01:08,4,Thursday,False,Batch brew,240.0,240.0,card,2025-07-10 13:01:08,Afternoon
TX_0678,CUST_2932,2025-07-10,13:01:24,4,Thursday,False,Latte,340.0,1080.0,card,2025-07-10 13:01:24,Afternoon
TX_0678,CUST_2932,2025-07-10,13:01:24,4,Thursday,False,Raf coffee,420.0,1080.0,card,2025-07-10 13:01:24,Afternoon
TX_0678,CUST_2932,2025-07-10,13:01:24,4,Thursday,False,Cappuccino,320.0,1080.0,card,2025-07-10 13:01:24,Afternoon
TX_0863,CUST_3086,2025-07-10,13:02:01,4,Thursday,False,Warming drinks (tea),400.0,800.0,card,2025-07-10 13:02:01,Afternoon
TX_0863,CUST_3086,2025-07-10,13:02:01,4,Thursday,False,Warming drinks (tea),400.0,800.0,card,2025-07-10 13:02:01,Afternoon
TX_2563,CUST_6465,2025-07-10,13:03:26,4,Thursday,False,Latte,340.0,340.0,card,2025-07-10 13:03:26,Afternoon
TX_1198,CUST_2620,2025-07-10,13:06:06,4,Thursday,False,Cappuccino,320.0,760.0,card,2025-07-10 13:06:06,Afternoon
TX_1198,CUST_2620,2025-07-10,13:06:06,4,Thursday,False,Latte with add,440.0,760.0,card,2025-07-10 13:06:06,Afternoon
TX_1403,CUST_6255,2025-07-10,13:20:52,4,Thursday,False,Batch brew,240.0,240.0,cash,2025-07-10 13:20:52,Afternoon
TX_0344,CUST_3219,2025-07-10,13:21:50,4,Thursday,False,Batch brew,240.0,900.0,card,2025-07-10 13:21:50,Afternoon
TX_0344,CUST_3219,2025-07-10,13:21:50,4,Thursday,False,Batch brew,240.0,900.0,card,2025-07-10 13:21:50,Afternoon
TX_0344,CUST_3219,2025-07-10,13:21:50,4,Thursday,False,Raf coffee,420.0,900.0,card,2025-07-10 13:21:50,Afternoon
TX_2472,CUST_5302,2025-07-10,13:24:56,4,Thursday,False,Cappuccino,320.0,320.0,cash,2025-07-10 13:24:56,Afternoon
TX_1520,CUST_7155,2025-07-10,13:29:33,4,Thursday,False,Cappuccino,320.0,320.0,card,2025-07-10 13:29:33,Afternoon
TX_2023,CUST_6830,2025-07-10,13:31:24,4,Thursday,False,Espresso,230.0,230.0,card,2025-07-10 13:31:24,Afternoon
TX_3157,CUST_8893,2025-07-10,13:33:11,4,Thursday,False,Espresso,230.0,910.0,card,2025-07-10 13:33:11,Afternoon
TX_3157,CUST_8893,2025-07-10,13:33:11,4,Thursday,False,Latte,340.0,910.0,card,2025-07-10 13:33:11,Afternoon
TX_3157,CUST_8893,2025-07-10,13:33:11,4,Thursday,False,Flat white,340.0,910.0,card,2025-07-10 13:33:11,Afternoon
TX_2159,CUST_3167,2025-07-10,13:34:06,4,Thursday,False,Flat white,340.0,340.0,card,2025-07-10 13:34:06,Afternoon
TX_3204,CUST_1337,2025-07-10,13:36:35,4,Thursday,False,Cappuccino,320.0,320.0,card,2025-07-10 13:36:35,Afternoon
TX_0940,CUST_9233,2025-07-10,13:39:11,4,Thursday,False,Batch brew,240.0,240.0,card,2025-07-10 13:39:11,Afternoon
TX_1966,CUST_7189,2025-07-10,13:40:38,4,Thursday,False,Latte,340.0,680.0,card,2025-07-10 13:40:38,Afternoon
TX_1966,CUST_7189,2025-07-10,13:40:38,4,Thursday,False,Flat white,340.0,680.0,card,2025-07-10 13:40:38,Afternoon
TX_1188,CUST_9817,2025-07-10,13:45:41,4,Thursday,False,Cappuccino,320.0,320.0,card,2025-07-10 13:45:41,Afternoon
TX_0603,CUST_4265,2025-07-10,13:48:21,4,Thursday,False,Batch brew,240.0,240.0,card,2025-07-10 13:48:21,Afternoon
TX_2884,CUST_1676,2025-07-10,14:13:46,4,Thursday,False,Cappuccino,320.0,560.0,card,2025-07-10 14:13:46,Afternoon
TX_2884,CUST_1676,2025-07-10,14:13:46,4,Thursday,False,Batch brew,240.0,560.0,card,2025-07-10 14:13:46,Afternoon
TX_2403,CUST_7083,2025-07-10,14:27:06,4,Thursday,False,Latte,340.0,340.0,card,2025-07-10 14:27:06,Afternoon
TX_2960,CUST_4584,2025-07-10,14:45:15,4,Thursday,False,Batch brew,240.0,240.0,card,2025-07-10 14:45:15,Afternoon
TX_2904,CUST_5881,2025-07-10,15:10:13,4,Thursday,False,Cappuccino,320.0,320.0,cash,2025-07-10 15:10:13,Afternoon
TX_3301,CUST_7278,2025-07-10,16:33:37,4,Thursday,False,Raf coffee,420.0,420.0,card,2025-07-10 16:33:37,Evening
TX_0986,CUST_5895,2025-07-10,17:51:20,4,Thursday,False,Batch brew,240.0,240.0,cash,2025-07-10 17:51:20,Evening
TX_0075,CUST_4319,2025-07-10,17:56:00,4,Thursday,False,Espresso,230.0,230.0,card,2025-07-10 17:56:00,Evening
TX_0050,CUST_6381,2025-07-10,17:57:35,4,Thursday,False,Latte,340.0,340.0,card,2025-07-10 17:57:35,Evening
TX_2712,CUST_4578,2025-07-10,18:29:34,4,Thursday,False,Raf coffee,420.0,840.0,card,2025-07-10 18:29:34,Evening
TX_2712,CUST_4578,2025-07-10,18:29:34,4,Thursday,False,Raf coffee,420.0,840.0,card,2025-07-10 18:29:34,Evening
TX_3395,CUST_8153,2025-07-10,19:05:38,4,Thursday,False,Latte,340.0,340.0,card,2025-07-10 19:05:38,Evening
TX_2927,CUST_3850,2025-07-11,08:43:01,5,Friday,False,Latte,340.0,340.0,cash,2025-07-11 08:43:01,Morning
TX_0516,CUST_2580,2025-07-11,08:52:07,5,Friday,False,Cappuccino,320.0,320.0,cash,2025-07-11 08:52:07,Morning
TX_3527,CUST_7529,2025-07-11,08:55:24,5,Friday,False,Raf coffee,420.0,420.0,card,2025-07-11 08:55:24,Morning
TX_1060,CUST_4366,2025-07-11,09:00:00,5,Friday,False,Cappuccino,320.0,320.0,cash,2025-07-11 09:00:00,Morning
TX_1168,CUST_9905,2025-07-11,09:19:40,5,Friday,False,Latte,340.0,920.0,cash,2025-07-11 09:19:40,Morning
TX_1168,CUST_9905,2025-07-11,09:19:40,5,Friday,False,Batch brew,240.0,920.0,cash,2025-07-11 09:19:40,Morning
TX_1168,CUST_9905,2025-07-11,09:19:40,5,Friday,False,Latte,340.0,920.0,cash,2025-07-11 09:19:40,Morning
TX_2924,CUST_6104,2025-07-11,09:29:10,5,Friday,False,Batch brew,240.0,820.0,cash,2025-07-11 09:29:10,Morning
TX_2924,CUST_6104,2025-07-11,09:29:10,5,Friday,False,Latte,340.0,820.0,cash,2025-07-11 09:29:10,Morning
TX_2924,CUST_6104,2025-07-11,09:29:10,5,Friday,False,Batch brew,240.0,820.0,cash,2025-07-11 09:29:10,Morning
TX_0733,CUST_1334,2025-07-11,09:55:52,5,Friday,False,Batch brew,240.0,240.0,card,2025-07-11 09:55:52,Morning
TX_2846,CUST_3799,2025-07-11,10:00:35,5,Friday,False,Cappuccino,320.0,320.0,card,2025-07-11 10:00:35,Morning
TX_0670,CUST_2231,2025-07-11,10:02:41,5,Friday,False,Batch brew,240.0,680.0,card,2025-07-11 10:02:41,Morning
TX_0670,CUST_2231,2025-07-11,10:02:41,5,Friday,False,Latte with add,440.0,680.0,card,2025-07-11 10:02:41,Morning
TX_0622,CUST_3109,2025-07-11,10:11:40,5,Friday,False,Cappuccino,320.0,320.0,card,2025-07-11 10:11:40,Morning
TX_0805,CUST_4213,2025-07-11,10:14:37,5,Friday,False,Cappuccino,320.0,660.0,card,2025-07-11 10:14:37,Morning
TX_0805,CUST_4213,2025-07-11,10:14:37,5,Friday,False,Flat white,340.0,660.0,card,2025-07-11 10:14:37,Morning
TX_2110,CUST_3293,2025-07-11,12:19:51,5,Friday,False,Cappuccino,320.0,320.0,card,2025-07-11 12:19:51,Afternoon
TX_0259,CUST_5802,2025-07-11,12:32:51,5,Friday,False,Batch brew,240.0,240.0,cash,2025-07-11 12:32:51,Afternoon
TX_2210,CUST_4276,2025-07-11,12:38:25,5,Friday,False,Latte with add,440.0,440.0,cash,2025-07-11 12:38:25,Afternoon
TX_2986,CUST_1008,2025-07-11,12:57:06,5,Friday,False,Flat white,340.0,340.0,card,2025-07-11 12:57:06,Afternoon
TX_0164,CUST_5453,2025-07-11,12:58:02,5,Friday,False,Latte with add,440.0,440.0,card,2025-07-11 12:58:02,Afternoon
TX_1572,CUST_3544,2025-07-11,13:05:34,5,Friday,False,Latte,340.0,340.0,cash,2025-07-11 13:05:34,Afternoon
TX_1156,CUST_3049,2025-07-11,13:12:00,5,Friday,False,Batch brew,240.0,240.0,cash,2025-07-11 13:12:00,Afternoon
TX_2620,CUST_3699,2025-07-11,13:21:27,5,Friday,False,Flat white,340.0,340.0,cash,2025-07-11 13:21:27,Afternoon
TX_0579,CUST_4718,2025-07-11,13:24:16,5,Friday,False,Raf coffee,420.0,420.0,cash,2025-07-11 13:24:16,Afternoon
TX_3506,CUST_2553,2025-07-11,13:25:46,5,Friday,False,Batch brew,240.0,560.0,cash,2025-07-11 13:25:46,Afternoon
TX_3506,CUST_2553,2025-07-11,13:25:46,5,Friday,False,Cappuccino,320.0,560.0,cash,2025-07-11 13:25:46,Afternoon
TX_2748,CUST_4532,2025-07-11,13:29:38,5,Friday,False,Flat white,340.0,340.0,card,2025-07-11 13:29:38,Afternoon
TX_3365,CUST_6097,2025-07-11,13:29:46,5,Friday,False,Cappuccino,320.0,640.0,card,2025-07-11 13:29:46,Afternoon
TX_3365,CUST_6097,2025-07-11,13:29:46,5,Friday,False,Cappuccino,320.0,640.0,card,2025-07-11 13:29:46,Afternoon
TX_3496,CUST_2068,2025-07-11,13:41:41,5,Friday,False,Latte,340.0,680.0,card,2025-07-11 13:41:41,Afternoon
TX_3496,CUST_2068,2025-07-11,13:41:41,5,Friday,False,Flat white,340.0,680.0,card,2025-07-11 13:41:41,Afternoon
TX_3140,CUST_9226,2025-07-11,13:55:21,5,Friday,False,Batch brew,240.0,240.0,card,2025-07-11 13:55:21,Afternoon
TX_1498,CUST_7916,2025-07-11,13:58:02,5,Friday,False,Cappuccino,320.0,320.0,cash,2025-07-11 13:58:02,Afternoon
TX_2393,CUST_6806,2025-07-11,14:06:47,5,Friday,False,Latte,340.0,340.0,card,2025-07-11 14:06:47,Afternoon
TX_0994,CUST_5744,2025-07-11,14:11:31,5,Friday,False,Latte,340.0,340.0,cash,2025-07-11 14:11:31,Afternoon
TX_3001,CUST_8318,2025-07-11,14:24:21,5,Friday,False,Latte with add,440.0,780.0,cash,2025-07-11 14:24:21,Afternoon
TX_3001,CUST_8318,2025-07-11,14:24:21,5,Friday,False,Latte,340.0,780.0,cash,2025-07-11 14:24:21,Afternoon
TX_3430,CUST_5305,2025-07-11,14:25:21,5,Friday,False,Espresso,230.0,230.0,card,2025-07-11 14:25:21,Afternoon
TX_0362,CUST_6410,2025-07-11,14:44:04,5,Friday,False,Raf coffee,420.0,760.0,cash,2025-07-11 14:44:04,Afternoon
TX_0362,CUST_6410,2025-07-11,14:44:04,5,Friday,False,Latte,340.0,760.0,cash,2025-07-11 14:44:04,Afternoon
TX_0176,CUST_9480,2025-07-11,15:01:46,5,Friday,False,Flat white,340.0,340.0,card,2025-07-11 15:01:46,Afternoon
TX_1635,CUST_7019,2025-07-11,15:36:18,5,Friday,False,Cappuccino,320.0,320.0,card,2025-07-11 15:36:18,Afternoon
TX_2050,CUST_7498,2025-07-11,16:55:01,5,Friday,False,Cappuccino,320.0,320.0,card,2025-07-11 16:55:01,Evening
TX_2735,CUST_4141,2025-07-11,18:07:40,5,Friday,False,Flat white,340.0,340.0,card,2025-07-11 18:07:40,Evening
TX_0503,CUST_5844,2025-07-11,18:17:58,5,Friday,False,Latte,340.0,340.0,card,2025-07-11 18:17:58,Evening
TX_1411,CUST_8079,2025-07-11,18:25:11,5,Friday,False,Latte,340.0,340.0,card,2025-07-11 18:25:11,Evening
TX_1195,CUST_6852,2025-07-12,08:00:59,6,Saturday,True,Batch brew,240.0,240.0,card,2025-07-12 08:00:59,Morning
TX_2307,CUST_9440,2025-07-12,09:05:09,6,Saturday,True,Cappuccino,320.0,320.0,card,2025-07-12 09:05:09,Morning
TX_0784,CUST_8650,2025-07-12,09:22:29,6,Saturday,True,Cappuccino,320.0,660.0,card,2025-07-12 09:22:29,Morning
TX_0784,CUST_8650,2025-07-12,09:22:29,6,Saturday,True,Latte,340.0,660.0,card,2025-07-12 09:22:29,Morning
TX_3165,CUST_1655,2025-07-12,09:49:44,6,Saturday,True,Latte,340.0,340.0,card,2025-07-12 09:49:44,Morning
TX_0054,CUST_2263,2025-07-12,09:58:01,6,Saturday,True,Batch brew,240.0,240.0,card,2025-07-12 09:58:01,Morning
TX_2165,CUST_3921,2025-07-12,10:01:33,6,Saturday,True,Latte with add,440.0,440.0,card,2025-07-12 10:01:33,Morning
TX_1278,CUST_9491,2025-07-12,12:09:05,6,Saturday,True,Espresso,230.0,230.0,card,2025-07-12 12:09:05,Afternoon
TX_2815,CUST_6487,2025-07-12,12:29:06,6,Saturday,True,Batch brew,240.0,240.0,card,2025-07-12 12:29:06,Afternoon
TX_3218,CUST_1297,2025-07-12,12:32:20,6,Saturday,True,Latte,340.0,1100.0,card,2025-07-12 12:32:20,Afternoon
TX_3218,CUST_1297,2025-07-12,12:32:20,6,Saturday,True,Raf coffee,420.0,1100.0,card,2025-07-12 12:32:20,Afternoon
TX_3218,CUST_1297,2025-07-12,12:32:20,6,Saturday,True,Flat white,340.0,1100.0,card,2025-07-12 12:32:20,Afternoon
TX_1261,CUST_9004,2025-07-12,12:41:24,6,Saturday,True,Latte with add,440.0,440.0,card,2025-07-12 12:41:24,Afternoon
TX_1390,CUST_9882,2025-07-12,12:42:26,6,Saturday,True,Batch brew,240.0,240.0,cash,2025-07-12 12:42:26,Afternoon
TX_3267,CUST_8698,2025-07-12,12:42:57,6,Saturday,True,Latte with add,440.0,1280.0,card,2025-07-12 12:42:57,Afternoon
TX_3267,CUST_8698,2025-07-12,12:42:57,6,Saturday,True,Raf coffee,420.0,1280.0,card,2025-07-12 12:42:57,Afternoon
TX_3267,CUST_8698,2025-07-12,12:42:57,6,Saturday,True,Raf coffee,420.0,1280.0,card,2025-07-12 12:42:57,Afternoon
TX_3028,CUST_2692,2025-07-12,12:56:15,6,Saturday,True,Raf coffee,420.0,420.0,card,2025-07-12 12:56:15,Afternoon
TX_0280,CUST_9848,2025-07-12,13:00:13,6,Saturday,True,Batch brew,240.0,480.0,cash,2025-07-12 13:00:13,Afternoon
TX_0280,CUST_9848,2025-07-12,13:00:13,6,Saturday,True,Batch brew,240.0,480.0,cash,2025-07-12 13:00:13,Afternoon
TX_2062,CUST_7153,2025-07-12,13:01:22,6,Saturday,True,Latte,340.0,340.0,card,2025-07-12 13:01:22,Afternoon
TX_1107,CUST_8418,2025-07-12,13:04:59,6,Saturday,True,Latte,340.0,340.0,card,2025-07-12 13:04:59,Afternoon
TX_0730,CUST_7865,2025-07-12,13:14:35,6,Saturday,True,Latte,340.0,340.0,cash,2025-07-12 13:14:35,Afternoon
TX_1256,CUST_7014,2025-07-12,13:22:28,6,Saturday,True,Cappuccino,320.0,320.0,cash,2025-07-12 13:22:28,Afternoon
TX_2626,CUST_4025,2025-07-12,13:24:13,6,Saturday,True,Flat white,340.0,680.0,cash,2025-07-12 13:24:13,Afternoon
TX_2626,CUST_4025,2025-07-12,13:24:13,6,Saturday,True,Latte,340.0,680.0,cash,2025-07-12 13:24:13,Afternoon
TX_0269,CUST_6002,2025-07-12,13:28:31,6,Saturday,True,Flat white,340.0,580.0,card,2025-07-12 13:28:31,Afternoon
TX_0269,CUST_6002,2025-07-12,13:28:31,6,Saturday,True,Batch brew,240.0,580.0,card,2025-07-12 13:28:31,Afternoon
TX_1912,CUST_8976,2025-07-12,13:35:25,6,Saturday,True,Cappuccino,320.0,320.0,card,2025-07-12 13:35:25,Afternoon
TX_2831,CUST_6053,2025-07-12,13:38:06,6,Saturday,True,Cappuccino,320.0,320.0,card,2025-07-12 13:38:06,Afternoon
TX_2896,CUST_1010,2025-07-12,13:47:44,6,Saturday,True,Latte with add,440.0,440.0,card,2025-07-12 13:47:44,Afternoon
TX_3178,CUST_9976,2025-07-12,13:53:26,6,Saturday,True,Warming drinks (tea),400.0,400.0,card,2025-07-12 13:53:26,Afternoon
TX_1497,CUST_6769,2025-07-12,13:55:16,6,Saturday,True,Cappuccino,320.0,320.0,cash,2025-07-12 13:55:16,Afternoon
TX_0491,CUST_9401,2025-07-12,13:57:48,6,Saturday,True,Batch brew,240.0,240.0,card,2025-07-12 13:57:48,Afternoon
TX_3328,CUST_5642,2025-07-12,14:03:52,6,Saturday,True,Latte,340.0,660.0,card,2025-07-12 14:03:52,Afternoon
TX_3328,CUST_5642,2025-07-12,14:03:52,6,Saturday,True,Cappuccino,320.0,660.0,card,2025-07-12 14:03:52,Afternoon
TX_2946,CUST_3266,2025-07-12,14:09:17,6,Saturday,True,Latte,340.0,340.0,cash,2025-07-12 14:09:17,Afternoon
TX_2779,CUST_4745,2025-07-12,14:16:13,6,Saturday,True,Espresso,230.0,230.0,card,2025-07-12 14:16:13,Afternoon
TX_2554,CUST_8072,2025-07-12,14:18:09,6,Saturday,True,Cappuccino,320.0,320.0,cash,2025-07-12 14:18:09,Afternoon
TX_0239,CUST_6894,2025-07-12,14:22:15,6,Saturday,True,Cappuccino,320.0,320.0,cash,2025-07-12 14:22:15,Afternoon
TX_0706,CUST_1306,2025-07-12,14:45:31,6,Saturday,True,Batch brew,240.0,240.0,card,2025-07-12 14:45:31,Afternoon
TX_1753,CUST_9072,2025-07-12,16:52:33,6,Saturday,True,Latte with add,440.0,440.0,cash,2025-07-12 16:52:33,Evening
TX_2842,CUST_6758,2025-07-12,17:04:23,6,Saturday,True,Batch brew,240.0,240.0,card,2025-07-12 17:04:23,Evening
TX_2770,CUST_5863,2025-07-12,17:05:50,6,Saturday,True,Espresso,230.0,230.0,card,2025-07-12 17:05:50,Evening
TX_0386,CUST_4509,2025-07-12,17:41:16,6,Saturday,True,Warming drinks (tea),400.0,400.0,card,2025-07-12 17:41:16,Evening
TX_0514,CUST_6828,2025-07-12,18:03:41,6,Saturday,True,Latte,340.0,980.0,card,2025-07-12 18:03:41,Evening
TX_0514,CUST_6828,2025-07-12,18:03:41,6,Saturday,True,Cappuccino,320.0,980.0,card,2025-07-12 18:03:41,Evening
TX_0514,CUST_6828,2025-07-12,18:03:41,6,Saturday,True,Cappuccino,320.0,980.0,card,2025-07-12 18:03:41,Evening
TX_2889,CUST_9262,2025-07-12,18:07:26,6,Saturday,True,Latte,340.0,340.0,card,2025-07-12 18:07:26,Evening
TX_0750,CUST_6896,2025-07-12,19:43:52,6,Saturday,True,Cappuccino,320.0,320.0,card,2025-07-12 19:43:52,Evening
TX_2644,CUST_6156,2025-07-13,08:36:53,7,Sunday,True,Raf coffee,420.0,420.0,card,2025-07-13 08:36:53,Morning
TX_1952,CUST_5317,2025-07-13,08:42:25,7,Sunday,True,Latte,340.0,340.0,card,2025-07-13 08:42:25,Morning
TX_0669,CUST_2440,2025-07-13,08:49:40,7,Sunday,True,Cappuccino,320.0,640.0,cash,2025-07-13 08:49:40,Morning
TX_0669,CUST_2440,2025-07-13,08:49:40,7,Sunday,True,Cappuccino,320.0,640.0,cash,2025-07-13 08:49:40,Morning
TX_0385,CUST_5005,2025-07-13,08:58:03,7,Sunday,True,Latte,340.0,660.0,cash,2025-07-13 08:58:03,Morning
TX_0385,CUST_5005,2025-07-13,08:58:03,7,Sunday,True,Cappuccino,320.0,660.0,cash,2025-07-13 08:58:03,Morning
TX_0499,CUST_1224,2025-07-13,09:28:50,7,Sunday,True,Cappuccino,320.0,320.0,card,2025-07-13 09:28:50,Morning
TX_2401,CUST_3236,2025-07-13,09:55:06,7,Sunday,True,Espresso,230.0,230.0,card,2025-07-13 09:55:06,Morning
TX_3451,CUST_8163,2025-07-13,09:55:21,7,Sunday,True,Latte,340.0,780.0,card,2025-07-13 09:55:21,Morning
TX_3451,CUST_8163,2025-07-13,09:55:21,7,Sunday,True,Latte with add,440.0,780.0,card,2025-07-13 09:55:21,Morning
TX_0113,CUST_5682,2025-07-13,10:31:04,7,Sunday,True,Latte,340.0,340.0,cash,2025-07-13 10:31:04,Morning
TX_0359,CUST_3419,2025-07-13,11:28:16,7,Sunday,True,Latte,340.0,680.0,cash,2025-07-13 11:28:16,Afternoon
TX_0359,CUST_3419,2025-07-13,11:28:16,7,Sunday,True,Latte,340.0,680.0,cash,2025-07-13 11:28:16,Afternoon
TX_1171,CUST_4824,2025-07-13,11:31:07,7,Sunday,True,Batch brew,240.0,240.0,card,2025-07-13 11:31:07,Afternoon
TX_2592,CUST_5555,2025-07-13,12:38:31,7,Sunday,True,Cappuccino,320.0,320.0,card,2025-07-13 12:38:31,Afternoon
TX_0615,CUST_1673,2025-07-13,12:53:46,7,Sunday,True,Raf coffee,420.0,420.0,card,2025-07-13 12:53:46,Afternoon
TX_0155,CUST_1821,2025-07-13,13:05:52,7,Sunday,True,Latte with add,440.0,440.0,card,2025-07-13 13:05:52,Afternoon
TX_2001,CUST_7636,2025-07-13,13:15:00,7,Sunday,True,Latte,340.0,740.0,card,2025-07-13 13:15:00,Afternoon
TX_2001,CUST_7636,2025-07-13,13:15:00,7,Sunday,True,Warming drinks (tea),400.0,740.0,card,2025-07-13 13:15:00,Afternoon
TX_2077,CUST_4369,2025-07-13,13:15:09,7,Sunday,True,Batch brew,240.0,580.0,card,2025-07-13 13:15:09,Afternoon
TX_2077,CUST_4369,2025-07-13,13:15:09,7,Sunday,True,Flat white,340.0,580.0,card,2025-07-13 13:15:09,Afternoon
TX_2887,CUST_4497,2025-07-13,13:19:52,7,Sunday,True,Batch brew,240.0,240.0,card,2025-07-13 13:19:52,Afternoon
TX_2711,CUST_2262,2025-07-13,13:23:49,7,Sunday,True,Batch brew,240.0,240.0,card,2025-07-13 13:23:49,Afternoon
TX_0227,CUST_1583,2025-07-13,13:32:08,7,Sunday,True,Cappuccino,320.0,560.0,card,2025-07-13 13:32:08,Afternoon
TX_0227,CUST_1583,2025-07-13,13:32:08,7,Sunday,True,Batch brew,240.0,560.0,card,2025-07-13 13:32:08,Afternoon
TX_0235,CUST_8978,2025-07-13,13:41:37,7,Sunday,True,Batch brew,240.0,240.0,card,2025-07-13 13:41:37,Afternoon
TX_2302,CUST_7156,2025-07-13,13:45:23,7,Sunday,True,Latte,340.0,340.0,card,2025-07-13 13:45:23,Afternoon
TX_3530,CUST_7304,2025-07-13,13:50:14,7,Sunday,True,Latte,340.0,340.0,card,2025-07-13 13:50:14,Afternoon
TX_0737,CUST_6645,2025-07-13,13:57:17,7,Sunday,True,Flat white,340.0,740.0,card,2025-07-13 13:57:17,Afternoon
TX_0737,CUST_6645,2025-07-13,13:57:17,7,Sunday,True,Warming drinks (tea),400.0,740.0,card,2025-07-13 13:57:17,Afternoon
TX_2584,CUST_5888,2025-07-13,13:57:58,7,Sunday,True,Latte,340.0,340.0,card,2025-07-13 13:57:58,Afternoon
TX_0493,CUST_8247,2025-07-13,13:59:31,7,Sunday,True,Cappuccino,320.0,640.0,card,2025-07-13 13:59:31,Afternoon
TX_0493,CUST_8247,2025-07-13,13:59:31,7,Sunday,True,Cappuccino,320.0,640.0,card,2025-07-13 13:59:31,Afternoon
TX_2686,CUST_5107,2025-07-13,14:14:53,7,Sunday,True,Cappuccino,320.0,320.0,card,2025-07-13 14:14:53,Afternoon
TX_1135,CUST_5027,2025-07-13,14:15:16,7,Sunday,True,Flat white,340.0,340.0,cash,2025-07-13 14:15:16,Afternoon
TX_2629,CUST_9234,2025-07-13,14:21:03,7,Sunday,True,Latte with add,440.0,440.0,card,2025-07-13 14:21:03,Afternoon
TX_3097,CUST_8698,2025-07-13,14:31:47,7,Sunday,True,Latte,340.0,340.0,card,2025-07-13 14:31:47,Afternoon
TX_1136,CUST_9373,2025-07-13,14:31:53,7,Sunday,True,Latte,340.0,680.0,card,2025-07-13 14:31:53,Afternoon
TX_1136,CUST_9373,2025-07-13,14:31:53,7,Sunday,True,Latte,340.0,680.0,card,2025-07-13 14:31:53,Afternoon
TX_1167,CUST_5602,2025-07-13,14:38:28,7,Sunday,True,Batch brew,240.0,240.0,cash,2025-07-13 14:38:28,Afternoon
TX_1352,CUST_7254,2025-07-13,14:40:17,7,Sunday,True,Latte,340.0,340.0,card,2025-07-13 14:40:17,Afternoon
TX_0533,CUST_7382,2025-07-13,14:46:15,7,Sunday,True,Batch brew,240.0,240.0,card,2025-07-13 14:46:15,Afternoon
TX_0924,CUST_1834,2025-07-13,14:48:56,7,Sunday,True,Latte,340.0,340.0,card,2025-07-13 14:48:56,Afternoon
TX_2246,CUST_1988,2025-07-13,15:02:54,7,Sunday,True,Batch brew,240.0,240.0,cash,2025-07-13 15:02:54,Afternoon
TX_3438,CUST_1257,2025-07-13,15:07:36,7,Sunday,True,Cappuccino,320.0,320.0,cash,2025-07-13 15:07:36,Afternoon
TX_1930,CUST_9047,2025-07-13,17:08:37,7,Sunday,True,Batch brew,240.0,560.0,card,2025-07-13 17:08:37,Evening
TX_1930,CUST_9047,2025-07-13,17:08:37,7,Sunday,True,Cappuccino,320.0,560.0,card,2025-07-13 17:08:37,Evening
TX_2279,CUST_8255,2025-07-13,17:45:34,7,Sunday,True,Flat white,340.0,340.0,card,2025-07-13 17:45:34,Evening
TX_0901,CUST_2070,2025-07-13,17:56:56,7,Sunday,True,Cappuccino,320.0,960.0,card,2025-07-13 17:56:56,Evening
TX_0901,CUST_2070,2025-07-13,17:56:56,7,Sunday,True,Cappuccino,320.0,960.0,card,2025-07-13 17:56:56,Evening
TX_0901,CUST_2070,2025-07-13,17:56:56,7,Sunday,True,Cappuccino,320.0,960.0,card,2025-07-13 17:56:56,Evening
TX_0169,CUST_5669,2025-07-13,18:51:26,7,Sunday,True,Raf coffee,420.0,740.0,cash,2025-07-13 18:51:26,Evening
TX_0169,CUST_5669,2025-07-13,18:51:26,7,Sunday,True,Cappuccino,320.0,740.0,cash,2025-07-13 18:51:26,Evening
TX_2879,CUST_6932,2025-07-14,08:00:06,1,Monday,False,Latte with add,440.0,670.0,cash,2025-07-14 08:00:06,Morning
TX_2879,CUST_6932,2025-07-14,08:00:06,1,Monday,False,Espresso,230.0,670.0,cash,2025-07-14 08:00:06,Morning
TX_1667,CUST_6358,2025-07-14,08:06:33,1,Monday,False,Cappuccino,320.0,320.0,card,2025-07-14 08:06:33,Morning
TX_2985,CUST_7387,2025-07-14,08:35:31,1,Monday,False,Cappuccino,320.0,660.0,card,2025-07-14 08:35:31,Morning
TX_2985,CUST_7387,2025-07-14,08:35:31,1,Monday,False,Flat white,340.0,660.0,card,2025-07-14 08:35:31,Morning
TX_2309,CUST_1566,2025-07-14,08:38:45,1,Monday,False,Latte,340.0,340.0,card,2025-07-14 08:38:45,Morning
TX_0132,CUST_5487,2025-07-14,08:44:47,1,Monday,False,Batch brew,240.0,240.0,cash,2025-07-14 08:44:47,Morning
TX_0932,CUST_8726,2025-07-14,09:30:12,1,Monday,False,Latte with add,440.0,840.0,card,2025-07-14 09:30:12,Morning
TX_0932,CUST_8726,2025-07-14,09:30:12,1,Monday,False,Warming drinks (tea),400.0,840.0,card,2025-07-14 09:30:12,Morning
TX_2202,CUST_9538,2025-07-14,09:52:32,1,Monday,False,Espresso,230.0,230.0,card,2025-07-14 09:52:32,Morning
TX_2526,CUST_9198,2025-07-14,10:00:33,1,Monday,False,Cappuccino,320.0,320.0,card,2025-07-14 10:00:33,Morning
TX_2777,CUST_2392,2025-07-14,10:03:57,1,Monday,False,Latte with add,440.0,440.0,card,2025-07-14 10:03:57,Morning
TX_0638,CUST_7846,2025-07-14,10:05:31,1,Monday,False,Batch brew,240.0,240.0,card,2025-07-14 10:05:31,Morning
TX_2151,CUST_2973,2025-07-14,10:08:39,1,Monday,False,Cappuccino,320.0,320.0,card,2025-07-14 10:08:39,Morning
TX_2942,CUST_6137,2025-07-14,10:12:57,1,Monday,False,Cappuccino,320.0,320.0,card,2025-07-14 10:12:57,Morning
TX_1279,CUST_6673,2025-07-14,10:21:18,1,Monday,False,Cappuccino,320.0,320.0,card,2025-07-14 10:21:18,Morning
TX_1698,CUST_9431,2025-07-14,10:27:40,1,Monday,False,Espresso,230.0,570.0,card,2025-07-14 10:27:40,Morning
TX_1698,CUST_9431,2025-07-14,10:27:40,1,Monday,False,Latte,340.0,570.0,card,2025-07-14 10:27:40,Morning
TX_0323,CUST_2487,2025-07-14,11:45:29,1,Monday,False,Cappuccino,320.0,760.0,card,2025-07-14 11:45:29,Afternoon
TX_0323,CUST_2487,2025-07-14,11:45:29,1,Monday,False,Latte with add,440.0,760.0,card,2025-07-14 11:45:29,Afternoon
TX_3546,CUST_3162,2025-07-14,12:00:10,1,Monday,False,Flat white,340.0,780.0,card,2025-07-14 12:00:10,Afternoon
TX_3546,CUST_3162,2025-07-14,12:00:10,1,Monday,False,Latte with add,440.0,780.0,card,2025-07-14 12:00:10,Afternoon
TX_1655,CUST_8846,2025-07-14,12:16:43,1,Monday,False,Latte,340.0,340.0,card,2025-07-14 12:16:43,Afternoon
TX_1681,CUST_2030,2025-07-14,12:16:52,1,Monday,False,Latte,340.0,340.0,card,2025-07-14 12:16:52,Afternoon
TX_1505,CUST_2375,2025-07-14,12:21:19,1,Monday,False,Flat white,340.0,340.0,card,2025-07-14 12:21:19,Afternoon
TX_3528,CUST_9412,2025-07-14,12:25:56,1,Monday,False,Cappuccino,320.0,320.0,cash,2025-07-14 12:25:56,Afternoon
TX_3141,CUST_3403,2025-07-14,12:37:18,1,Monday,False,Batch brew,240.0,900.0,card,2025-07-14 12:37:18,Afternoon
TX_3141,CUST_3403,2025-07-14,12:37:18,1,Monday,False,Latte,340.0,900.0,card,2025-07-14 12:37:18,Afternoon
TX_3141,CUST_3403,2025-07-14,12:37:18,1,Monday,False,Cappuccino,320.0,900.0,card,2025-07-14 12:37:18,Afternoon
TX_2669,CUST_3349,2025-07-14,12:53:06,1,Monday,False,Batch brew,240.0,240.0,card,2025-07-14 12:53:06,Afternoon
TX_2702,CUST_2686,2025-07-14,12:57:16,1,Monday,False,Batch brew,240.0,240.0,cash,2025-07-14 12:57:16,Afternoon
TX_0740,CUST_1922,2025-07-14,12:58:49,1,Monday,False,Latte with add,440.0,440.0,card,2025-07-14 12:58:49,Afternoon
TX_1283,CUST_6772,2025-07-14,13:09:26,1,Monday,False,Batch brew,240.0,240.0,card,2025-07-14 13:09:26,Afternoon
TX_2980,CUST_4287,2025-07-14,13:13:06,1,Monday,False,Latte with add,440.0,440.0,card,2025-07-14 13:13:06,Afternoon
TX_1159,CUST_8987,2025-07-14,13:26:18,1,Monday,False,Latte with add,440.0,440.0,card,2025-07-14 13:26:18,Afternoon
TX_1014,CUST_7864,2025-07-14,13:26:19,1,Monday,False,Latte,340.0,340.0,cash,2025-07-14 13:26:19,Afternoon
TX_0152,CUST_4612,2025-07-14,13:26:34,1,Monday,False,Latte with add,440.0,440.0,cash,2025-07-14 13:26:34,Afternoon
TX_0373,CUST_1026,2025-07-14,13:31:15,1,Monday,False,Cappuccino,320.0,320.0,cash,2025-07-14 13:31:15,Afternoon
TX_0702,CUST_3914,2025-07-14,13:36:14,1,Monday,False,Batch brew,240.0,560.0,card,2025-07-14 13:36:14,Afternoon
TX_0702,CUST_3914,2025-07-14,13:36:14,1,Monday,False,Cappuccino,320.0,560.0,card,2025-07-14 13:36:14,Afternoon
TX_0108,CUST_1306,2025-07-14,13:41:37,1,Monday,False,Latte,340.0,340.0,card,2025-07-14 13:41:37,Afternoon
TX_1108,CUST_5983,2025-07-14,14:07:15,1,Monday,False,Cappuccino,320.0,320.0,card,2025-07-14 14:07:15,Afternoon
TX_2733,CUST_1409,2025-07-14,14:08:45,1,Monday,False,Raf coffee,420.0,420.0,card,2025-07-14 14:08:45,Afternoon
TX_2127,CUST_7860,2025-07-14,14:12:53,1,Monday,False,Raf coffee,420.0,420.0,card,2025-07-14 14:12:53,Afternoon
TX_2787,CUST_3739,2025-07-14,14:13:38,1,Monday,False,Cappuccino,320.0,320.0,cash,2025-07-14 14:13:38,Afternoon
TX_1245,CUST_4616,2025-07-14,14:20:23,1,Monday,False,Cappuccino,320.0,740.0,card,2025-07-14 14:20:23,Afternoon
TX_1245,CUST_4616,2025-07-14,14:20:23,1,Monday,False,Raf coffee,420.0,740.0,card,2025-07-14 14:20:23,Afternoon
TX_1788,CUST_7918,2025-07-14,14:25:23,1,Monday,False,Warming drinks (tea),400.0,400.0,card,2025-07-14 14:25:23,Afternoon
TX_2621,CUST_7563,2025-07-14,14:40:56,1,Monday,False,Cappuccino,320.0,320.0,card,2025-07-14 14:40:56,Afternoon
TX_1422,CUST_9020,2025-07-14,17:35:52,1,Monday,False,Cappuccino,320.0,320.0,cash,2025-07-14 17:35:52,Evening
TX_1582,CUST_4554,2025-07-14,18:30:50,1,Monday,False,Latte with add,440.0,440.0,card,2025-07-14 18:30:50,Evening
TX_0324,CUST_4780,2025-07-14,18:40:22,1,Monday,False,Batch brew,240.0,240.0,cash,2025-07-14 18:40:22,Evening
TX_1091,CUST_4407,2025-07-14,18:51:11,1,Monday,False,Batch brew,240.0,240.0,card,2025-07-14 18:51:11,Evening
TX_3096,CUST_6962,2025-07-14,19:40:27,1,Monday,False,Raf coffee,420.0,420.0,card,2025-07-14 19:40:27,Evening
TX_2919,CUST_8542,2025-07-15,08:00:25,2,Tuesday,False,Cappuccino,320.0,1000.0,card,2025-07-15 08:00:25,Morning
TX_2919,CUST_8542,2025-07-15,08:00:25,2,Tuesday,False,Latte with add,440.0,1000.0,card,2025-07-15 08:00:25,Morning
TX_2919,CUST_8542,2025-07-15,08:00:25,2,Tuesday,False,Batch brew,240.0,1000.0,card,2025-07-15 08:00:25,Morning
TX_3017,CUST_6009,2025-07-15,08:27:47,2,Tuesday,False,Latte,340.0,340.0,cash,2025-07-15 08:27:47,Morning
TX_0270,CUST_8848,2025-07-15,08:41:17,2,Tuesday,False,Latte,340.0,340.0,card,2025-07-15 08:41:17,Morning
TX_3192,CUST_4350,2025-07-15,08:56:30,2,Tuesday,False,Latte with add,440.0,440.0,cash,2025-07-15 08:56:30,Morning
TX_2856,CUST_2285,2025-07-15,09:17:08,2,Tuesday,False,Cappuccino,320.0,320.0,card,2025-07-15 09:17:08,Morning
TX_1070,CUST_7436,2025-07-15,09:26:26,2,Tuesday,False,Batch brew,240.0,560.0,card,2025-07-15 09:26:26,Morning
TX_1070,CUST_7436,2025-07-15,09:26:26,2,Tuesday,False,Cappuccino,320.0,560.0,card,2025-07-15 09:26:26,Morning
TX_1674,CUST_4692,2025-07-15,09:33:53,2,Tuesday,False,Cappuccino,320.0,320.0,cash,2025-07-15 09:33:53,Morning
TX_2995,CUST_8136,2025-07-15,09:37:47,2,Tuesday,False,Latte,340.0,340.0,card,2025-07-15 09:37:47,Morning
TX_3101,CUST_2045,2025-07-15,09:41:51,2,Tuesday,False,Latte with add,440.0,440.0,card,2025-07-15 09:41:51,Morning
TX_0094,CUST_6758,2025-07-15,09:44:54,2,Tuesday,False,Cappuccino,320.0,320.0,card,2025-07-15 09:44:54,Morning
TX_3227,CUST_6162,2025-07-15,09:58:00,2,Tuesday,False,Flat white,340.0,340.0,card,2025-07-15 09:58:00,Morning
TX_0405,CUST_7959,2025-07-15,10:01:17,2,Tuesday,False,Cappuccino,320.0,320.0,card,2025-07-15 10:01:17,Morning
TX_2422,CUST_9837,2025-07-15,10:01:42,2,Tuesday,False,Espresso,230.0,230.0,cash,2025-07-15 10:01:42,Morning
TX_2947,CUST_8018,2025-07-15,10:03:30,2,Tuesday,False,Batch brew,240.0,240.0,card,2025-07-15 10:03:30,Morning
TX_1818,CUST_1312,2025-07-15,10:18:07,2,Tuesday,False,Flat white,340.0,340.0,cash,2025-07-15 10:18:07,Morning
TX_1508,CUST_5567,2025-07-15,10:23:42,2,Tuesday,False,Cappuccino,320.0,320.0,card,2025-07-15 10:23:42,Morning
TX_0931,CUST_9170,2025-07-15,10:31:11,2,Tuesday,False,Cappuccino,320.0,320.0,card,2025-07-15 10:31:11,Morning
TX_3456,CUST_9800,2025-07-15,12:10:22,2,Tuesday,False,Latte with add,440.0,440.0,cash,2025-07-15 12:10:22,Afternoon
TX_1671,CUST_1490,2025-07-15,12:32:34,2,Tuesday,False,Latte,340.0,340.0,card,2025-07-15 12:32:34,Afternoon
TX_1872,CUST_8633,2025-07-15,12:40:03,2,Tuesday,False,Latte,340.0,340.0,card,2025-07-15 12:40:03,Afternoon
TX_1864,CUST_7433,2025-07-15,13:12:13,2,Tuesday,False,Batch brew,240.0,240.0,card,2025-07-15 13:12:13,Afternoon
TX_0635,CUST_6933,2025-07-15,13:19:17,2,Tuesday,False,Cappuccino,320.0,320.0,card,2025-07-15 13:19:17,Afternoon
TX_0420,CUST_2611,2025-07-15,13:22:44,2,Tuesday,False,Cappuccino,320.0,320.0,card,2025-07-15 13:22:44,Afternoon
TX_3347,CUST_3407,2025-07-15,13:24:19,2,Tuesday,False,Latte,340.0,340.0,cash,2025-07-15 13:24:19,Afternoon
TX_3518,CUST_6805,2025-07-15,13:37:34,2,Tuesday,False,Cappuccino,320.0,320.0,card,2025-07-15 13:37:34,Afternoon
TX_0565,CUST_7085,2025-07-15,13:38:16,2,Tuesday,False,Cappuccino,320.0,320.0,card,2025-07-15 13:38:16,Afternoon
TX_2516,CUST_8116,2025-07-15,13:39:27,2,Tuesday,False,Cappuccino,320.0,640.0,cash,2025-07-15 13:39:27,Afternoon
TX_2516,CUST_8116,2025-07-15,13:39:27,2,Tuesday,False,Cappuccino,320.0,640.0,cash,2025-07-15 13:39:27,Afternoon
TX_2545,CUST_8079,2025-07-15,13:43:45,2,Tuesday,False,Batch brew,240.0,920.0,card,2025-07-15 13:43:45,Afternoon
TX_2545,CUST_8079,2025-07-15,13:43:45,2,Tuesday,False,Latte,340.0,920.0,card,2025-07-15 13:43:45,Afternoon
TX_2545,CUST_8079,2025-07-15,13:43:45,2,Tuesday,False,Latte,340.0,920.0,card,2025-07-15 13:43:45,Afternoon
TX_3356,CUST_3732,2025-07-15,13:55:34,2,Tuesday,False,Latte,340.0,340.0,card,2025-07-15 13:55:34,Afternoon
TX_0288,CUST_9761,2025-07-15,13:57:13,2,Tuesday,False,Warming drinks (tea),400.0,640.0,card,2025-07-15 13:57:13,Afternoon
TX_0288,CUST_9761,2025-07-15,13:57:13,2,Tuesday,False,Batch brew,240.0,640.0,card,2025-07-15 13:57:13,Afternoon
TX_0640,CUST_4096,2025-07-15,13:57:58,2,Tuesday,False,Cappuccino,320.0,320.0,card,2025-07-15 13:57:58,Afternoon
TX_2287,CUST_6514,2025-07-15,13:59:19,2,Tuesday,False,Cappuccino,320.0,320.0,card,2025-07-15 13:59:19,Afternoon
TX_2753,CUST_8182,2025-07-15,14:13:39,2,Tuesday,False,Cappuccino,320.0,320.0,card,2025-07-15 14:13:39,Afternoon
TX_1920,CUST_4657,2025-07-15,14:20:02,2,Tuesday,False,Latte with add,440.0,780.0,card,2025-07-15 14:20:02,Afternoon
TX_1920,CUST_4657,2025-07-15,14:20:02,2,Tuesday,False,Latte,340.0,780.0,card,2025-07-15 14:20:02,Afternoon
TX_2780,CUST_1963,2025-07-15,14:25:35,2,Tuesday,False,Batch brew,240.0,1000.0,card,2025-07-15 14:25:35,Afternoon
TX_2780,CUST_1963,2025-07-15,14:25:35,2,Tuesday,False,Cappuccino,320.0,1000.0,card,2025-07-15 14:25:35,Afternoon
TX_2780,CUST_1963,2025-07-15,14:25:35,2,Tuesday,False,Latte with add,440.0,1000.0,card,2025-07-15 14:25:35,Afternoon
TX_1804,CUST_9922,2025-07-15,14:57:23,2,Tuesday,False,Cappuccino,320.0,320.0,cash,2025-07-15 14:57:23,Afternoon
TX_1442,CUST_1979,2025-07-15,15:15:31,2,Tuesday,False,Cappuccino,320.0,320.0,card,2025-07-15 15:15:31,Afternoon
TX_1746,CUST_5433,2025-07-15,17:33:12,2,Tuesday,False,Cappuccino,320.0,320.0,cash,2025-07-15 17:33:12,Evening
TX_2171,CUST_5109,2025-07-16,08:06:12,3,Wednesday,False,Cappuccino,320.0,320.0,card,2025-07-16 08:06:12,Morning
TX_2215,CUST_9067,2025-07-16,08:06:28,3,Wednesday,False,Warming drinks (tea),400.0,400.0,cash,2025-07-16 08:06:28,Morning
TX_3333,CUST_4640,2025-07-16,08:38:17,3,Wednesday,False,Cappuccino,320.0,320.0,card,2025-07-16 08:38:17,Morning
TX_0664,CUST_2308,2025-07-16,08:43:08,3,Wednesday,False,Cappuccino,320.0,320.0,card,2025-07-16 08:43:08,Morning
TX_2398,CUST_8443,2025-07-16,08:45:10,3,Wednesday,False,Latte with add,440.0,760.0,cash,2025-07-16 08:45:10,Morning
TX_2398,CUST_8443,2025-07-16,08:45:10,3,Wednesday,False,Cappuccino,320.0,760.0,cash,2025-07-16 08:45:10,Morning
TX_2500,CUST_1894,2025-07-16,08:48:57,3,Wednesday,False,Raf coffee,420.0,420.0,cash,2025-07-16 08:48:57,Morning
TX_2224,CUST_6090,2025-07-16,08:55:42,3,Wednesday,False,Latte,340.0,340.0,cash,2025-07-16 08:55:42,Morning
TX_1701,CUST_1593,2025-07-16,09:27:26,3,Wednesday,False,Cappuccino,320.0,320.0,card,2025-07-16 09:27:26,Morning
TX_0936,CUST_7479,2025-07-16,09:28:18,3,Wednesday,False,Cappuccino,320.0,320.0,card,2025-07-16 09:28:18,Morning
TX_2321,CUST_1705,2025-07-16,09:30:22,3,Wednesday,False,Cappuccino,320.0,1000.0,card,2025-07-16 09:30:22,Morning
TX_2321,CUST_1705,2025-07-16,09:30:22,3,Wednesday,False,Latte,340.0,1000.0,card,2025-07-16 09:30:22,Morning
TX_2321,CUST_1705,2025-07-16,09:30:22,3,Wednesday,False,Latte,340.0,1000.0,card,2025-07-16 09:30:22,Morning
TX_0329,CUST_3233,2025-07-16,09:33:04,3,Wednesday,False,Cappuccino,320.0,320.0,card,2025-07-16 09:33:04,Morning
TX_2006,CUST_2649,2025-07-16,09:40:57,3,Wednesday,False,Latte with add,440.0,440.0,card,2025-07-16 09:40:57,Morning
TX_1415,CUST_5925,2025-07-16,09:49:43,3,Wednesday,False,Raf coffee,420.0,420.0,card,2025-07-16 09:49:43,Morning
TX_2101,CUST_5634,2025-07-16,09:59:42,3,Wednesday,False,Flat white,340.0,340.0,card,2025-07-16 09:59:42,Morning
TX_3317,CUST_3289,2025-07-16,10:01:12,3,Wednesday,False,Cappuccino,320.0,320.0,card,2025-07-16 10:01:12,Morning
TX_2228,CUST_6958,2025-07-16,10:01:46,3,Wednesday,False,Latte,340.0,340.0,card,2025-07-16 10:01:46,Morning
TX_0961,CUST_4023,2025-07-16,10:02:02,3,Wednesday,False,Batch brew,240.0,640.0,card,2025-07-16 10:02:02,Morning
TX_0961,CUST_4023,2025-07-16,10:02:02,3,Wednesday,False,Warming drinks (tea),400.0,640.0,card,2025-07-16 10:02:02,Morning
TX_3095,CUST_7960,2025-07-16,10:09:29,3,Wednesday,False,Raf coffee,420.0,420.0,card,2025-07-16 10:09:29,Morning
TX_1235,CUST_8921,2025-07-16,10:09:58,3,Wednesday,False,Cappuccino,320.0,900.0,cash,2025-07-16 10:09:58,Morning
TX_1235,CUST_8921,2025-07-16,10:09:58,3,Wednesday,False,Latte,340.0,900.0,cash,2025-07-16 10:09:58,Morning
TX_1235,CUST_8921,2025-07-16,10:09:58,3,Wednesday,False,Batch brew,240.0,900.0,cash,2025-07-16 10:09:58,Morning
TX_0819,CUST_1511,2025-07-16,10:18:30,3,Wednesday,False,Raf coffee,420.0,1090.0,cash,2025-07-16 10:18:30,Morning
TX_0819,CUST_1511,2025-07-16,10:18:30,3,Wednesday,False,Espresso,230.0,1090.0,cash,2025-07-16 10:18:30,Morning
TX_0819,CUST_1511,2025-07-16,10:18:30,3,Wednesday,False,Latte with add,440.0,1090.0,cash,2025-07-16 10:18:30,Morning
TX_1309,CUST_3946,2025-07-16,10:18:31,3,Wednesday,False,Latte with add,440.0,1020.0,card,2025-07-16 10:18:31,Morning
TX_1309,CUST_3946,2025-07-16,10:18:31,3,Wednesday,False,Latte,340.0,1020.0,card,2025-07-16 10:18:31,Morning
TX_1309,CUST_3946,2025-07-16,10:18:31,3,Wednesday,False,Batch brew,240.0,1020.0,card,2025-07-16 10:18:31,Morning
TX_3133,CUST_6224,2025-07-16,11:41:58,3,Wednesday,False,Cappuccino,320.0,980.0,card,2025-07-16 11:41:58,Afternoon
TX_3133,CUST_6224,2025-07-16,11:41:58,3,Wednesday,False,Batch brew,240.0,980.0,card,2025-07-16 11:41:58,Afternoon
TX_3133,CUST_6224,2025-07-16,11:41:58,3,Wednesday,False,Raf coffee,420.0,980.0,card,2025-07-16 11:41:58,Afternoon
TX_2423,CUST_8320,2025-07-16,12:15:33,3,Wednesday,False,Flat white,340.0,340.0,card,2025-07-16 12:15:33,Afternoon
TX_2242,CUST_6235,2025-07-16,12:18:27,3,Wednesday,False,Raf coffee,420.0,1100.0,card,2025-07-16 12:18:27,Afternoon
TX_2242,CUST_6235,2025-07-16,12:18:27,3,Wednesday,False,Latte with add,440.0,1100.0,card,2025-07-16 12:18:27,Afternoon
TX_2242,CUST_6235,2025-07-16,12:18:27,3,Wednesday,False,Batch brew,240.0,1100.0,card,2025-07-16 12:18:27,Afternoon
TX_1112,CUST_7186,2025-07-16,12:31:46,3,Wednesday,False,Cappuccino,320.0,320.0,card,2025-07-16 12:31:46,Afternoon
TX_0061,CUST_7580,2025-07-16,12:41:58,3,Wednesday,False,Warming drinks (tea),400.0,400.0,cash,2025-07-16 12:41:58,Afternoon
TX_1784,CUST_5433,2025-07-16,13:10:24,3,Wednesday,False,Raf coffee,420.0,420.0,card,2025-07-16 13:10:24,Afternoon
TX_0888,CUST_5077,2025-07-16,13:15:11,3,Wednesday,False,Batch brew,240.0,240.0,card,2025-07-16 13:15:11,Afternoon
TX_2593,CUST_2597,2025-07-16,13:26:28,3,Wednesday,False,Cappuccino,320.0,320.0,card,2025-07-16 13:26:28,Afternoon
TX_2170,CUST_2975,2025-07-16,13:35:50,3,Wednesday,False,Warming drinks (tea),400.0,400.0,cash,2025-07-16 13:35:50,Afternoon
TX_3031,CUST_1275,2025-07-16,13:37:15,3,Wednesday,False,Flat white,340.0,340.0,cash,2025-07-16 13:37:15,Afternoon
TX_2402,CUST_3832,2025-07-16,13:51:50,3,Wednesday,False,Raf coffee,420.0,980.0,cash,2025-07-16 13:51:50,Afternoon
TX_2402,CUST_3832,2025-07-16,13:51:50,3,Wednesday,False,Batch brew,240.0,980.0,cash,2025-07-16 13:51:50,Afternoon
TX_2402,CUST_3832,2025-07-16,13:51:50,3,Wednesday,False,Cappuccino,320.0,980.0,cash,2025-07-16 13:51:50,Afternoon
TX_1561,CUST_1186,2025-07-16,13:58:24,3,Wednesday,False,Latte with add,440.0,780.0,card,2025-07-16 13:58:24,Afternoon
TX_1561,CUST_1186,2025-07-16,13:58:24,3,Wednesday,False,Flat white,340.0,780.0,card,2025-07-16 13:58:24,Afternoon
TX_0374,CUST_2838,2025-07-16,13:59:01,3,Wednesday,False,Latte,340.0,340.0,card,2025-07-16 13:59:01,Afternoon
TX_2139,CUST_8532,2025-07-16,14:15:24,3,Wednesday,False,Warming drinks (tea),400.0,400.0,cash,2025-07-16 14:15:24,Afternoon
TX_2288,CUST_6038,2025-07-16,14:28:56,3,Wednesday,False,Espresso,230.0,230.0,card,2025-07-16 14:28:56,Afternoon
TX_3452,CUST_4767,2025-07-16,14:57:48,3,Wednesday,False,Batch brew,240.0,560.0,cash,2025-07-16 14:57:48,Afternoon
TX_3452,CUST_4767,2025-07-16,14:57:48,3,Wednesday,False,Cappuccino,320.0,560.0,cash,2025-07-16 14:57:48,Afternoon
TX_2156,CUST_6668,2025-07-16,17:28:58,3,Wednesday,False,Cappuccino,320.0,320.0,cash,2025-07-16 17:28:58,Evening
TX_1458,CUST_4254,2025-07-16,17:38:22,3,Wednesday,False,Cappuccino,320.0,320.0,card,2025-07-16 17:38:22,Evening
TX_1262,CUST_8608,2025-07-16,17:59:01,3,Wednesday,False,Latte,340.0,340.0,card,2025-07-16 17:59:01,Evening
TX_1007,CUST_6039,2025-07-17,08:00:02,4,Thursday,False,Raf coffee,420.0,420.0,cash,2025-07-17 08:00:02,Morning
TX_0889,CUST_9462,2025-07-17,08:03:24,4,Thursday,False,Batch brew,240.0,240.0,card,2025-07-17 08:03:24,Morning
TX_1731,CUST_4131,2025-07-17,08:24:42,4,Thursday,False,Cappuccino,320.0,320.0,card,2025-07-17 08:24:42,Morning
TX_2768,CUST_4841,2025-07-17,08:56:05,4,Thursday,False,Latte,340.0,340.0,cash,2025-07-17 08:56:05,Morning
TX_2046,CUST_2971,2025-07-17,09:03:04,4,Thursday,False,Latte,340.0,910.0,card,2025-07-17 09:03:04,Morning
TX_2046,CUST_2971,2025-07-17,09:03:04,4,Thursday,False,Espresso,230.0,910.0,card,2025-07-17 09:03:04,Morning
TX_2046,CUST_2971,2025-07-17,09:03:04,4,Thursday,False,Latte,340.0,910.0,card,2025-07-17 09:03:04,Morning
TX_2990,CUST_9114,2025-07-17,09:07:08,4,Thursday,False,Espresso,230.0,230.0,card,2025-07-17 09:07:08,Morning
TX_3409,CUST_1758,2025-07-17,09:07:35,4,Thursday,False,Batch brew,240.0,240.0,cash,2025-07-17 09:07:35,Morning
TX_2264,CUST_1116,2025-07-17,09:08:43,4,Thursday,False,Batch brew,240.0,240.0,cash,2025-07-17 09:08:43,Morning
TX_2290,CUST_4450,2025-07-17,09:13:21,4,Thursday,False,Batch brew,240.0,580.0,cash,2025-07-17 09:13:21,Morning
TX_2290,CUST_4450,2025-07-17,09:13:21,4,Thursday,False,Latte,340.0,580.0,cash,2025-07-17 09:13:21,Morning
TX_0356,CUST_4926,2025-07-17,09:13:47,4,Thursday,False,Latte with add,440.0,670.0,card,2025-07-17 09:13:47,Morning
TX_0356,CUST_4926,2025-07-17,09:13:47,4,Thursday,False,Espresso,230.0,670.0,card,2025-07-17 09:13:47,Morning
TX_2661,CUST_1730,2025-07-17,09:20:43,4,Thursday,False,Cappuccino,320.0,550.0,card,2025-07-17 09:20:43,Morning
TX_2661,CUST_1730,2025-07-17,09:20:43,4,Thursday,False,Espresso,230.0,550.0,card,2025-07-17 09:20:43,Morning
TX_0722,CUST_5924,2025-07-17,09:23:11,4,Thursday,False,Latte,340.0,680.0,cash,2025-07-17 09:23:11,Morning
TX_0722,CUST_5924,2025-07-17,09:23:11,4,Thursday,False,Latte,340.0,680.0,cash,2025-07-17 09:23:11,Morning
TX_3547,CUST_7146,2025-07-17,09:23:48,4,Thursday,False,Flat white,340.0,580.0,card,2025-07-17 09:23:48,Morning
TX_3547,CUST_7146,2025-07-17,09:23:48,4,Thursday,False,Batch brew,240.0,580.0,card,2025-07-17 09:23:48,Morning
TX_1938,CUST_8057,2025-07-17,09:27:28,4,Thursday,False,Latte,340.0,760.0,card,2025-07-17 09:27:28,Morning
TX_1938,CUST_8057,2025-07-17,09:27:28,4,Thursday,False,Raf coffee,420.0,760.0,card,2025-07-17 09:27:28,Morning
TX_1208,CUST_7736,2025-07-17,09:29:32,4,Thursday,False,Cappuccino,320.0,320.0,card,2025-07-17 09:29:32,Morning
TX_1532,CUST_9228,2025-07-17,09:41:17,4,Thursday,False,Latte with add,440.0,440.0,card,2025-07-17 09:41:17,Morning
TX_2855,CUST_7127,2025-07-17,09:43:18,4,Thursday,False,Batch brew,240.0,240.0,card,2025-07-17 09:43:18,Morning
TX_1348,CUST_8209,2025-07-17,09:46:10,4,Thursday,False,Warming drinks (tea),400.0,400.0,card,2025-07-17 09:46:10,Morning
TX_0716,CUST_3113,2025-07-17,09:58:56,4,Thursday,False,Latte with add,440.0,440.0,card,2025-07-17 09:58:56,Morning
TX_1944,CUST_8385,2025-07-17,09:59:05,4,Thursday,False,Flat white,340.0,340.0,card,2025-07-17 09:59:05,Morning
TX_2255,CUST_3026,2025-07-17,10:01:18,4,Thursday,False,Raf coffee,420.0,1160.0,card,2025-07-17 10:01:18,Morning
TX_2255,CUST_3026,2025-07-17,10:01:18,4,Thursday,False,Warming drinks (tea),400.0,1160.0,card,2025-07-17 10:01:18,Morning
TX_2255,CUST_3026,2025-07-17,10:01:18,4,Thursday,False,Flat white,340.0,1160.0,card,2025-07-17 10:01:18,Morning
TX_1661,CUST_8168,2025-07-17,10:06:34,4,Thursday,False,Batch brew,240.0,680.0,card,2025-07-17 10:06:34,Morning
TX_1661,CUST_8168,2025-07-17,10:06:34,4,Thursday,False,Latte with add,440.0,680.0,card,2025-07-17 10:06:34,Morning
TX_2119,CUST_5895,2025-07-17,10:22:05,4,Thursday,False,Batch brew,240.0,240.0,cash,2025-07-17 10:22:05,Morning
TX_1562,CUST_9852,2025-07-17,10:37:26,4,Thursday,False,Latte with add,440.0,760.0,card,2025-07-17 10:37:26,Morning
TX_1562,CUST_9852,2025-07-17,10:37:26,4,Thursday,False,Cappuccino,320.0,760.0,card,2025-07-17 10:37:26,Morning
TX_0781,CUST_7148,2025-07-17,11:00:18,4,Thursday,False,Latte,340.0,570.0,card,2025-07-17 11:00:18,Afternoon
TX_0781,CUST_7148,2025-07-17,11:00:18,4,Thursday,False,Espresso,230.0,570.0,card,2025-07-17 11:00:18,Afternoon
TX_0522,CUST_4039,2025-07-17,11:38:14,4,Thursday,False,Cappuccino,320.0,320.0,card,2025-07-17 11:38:14,Afternoon
TX_1310,CUST_9628,2025-07-17,11:53:56,4,Thursday,False,Latte with add,440.0,440.0,card,2025-07-17 11:53:56,Afternoon
TX_0470,CUST_7393,2025-07-17,12:38:20,4,Thursday,False,Latte with add,440.0,680.0,card,2025-07-17 12:38:20,Afternoon
TX_2022,CUST_7874,2025-07-17,12:38:20,4,Thursday,False,Latte,340.0,980.0,cash,2025-07-17 12:38:20,Afternoon
TX_0470,CUST_7393,2025-07-17,12:38:20,4,Thursday,False,Batch brew,240.0,680.0,card,2025-07-17 12:38:20,Afternoon
TX_2022,CUST_7874,2025-07-17,12:38:20,4,Thursday,False,Cappuccino,320.0,980.0,cash,2025-07-17 12:38:20,Afternoon
TX_2022,CUST_7874,2025-07-17,12:38:20,4,Thursday,False,Cappuccino,320.0,980.0,cash,2025-07-17 12:38:20,Afternoon
TX_0736,CUST_2091,2025-07-17,12:46:30,4,Thursday,False,Latte with add,440.0,440.0,card,2025-07-17 12:46:30,Afternoon
TX_2080,CUST_2411,2025-07-17,13:07:55,4,Thursday,False,Latte with add,440.0,440.0,card,2025-07-17 13:07:55,Afternoon
TX_0085,CUST_5743,2025-07-17,13:16:33,4,Thursday,False,Latte,340.0,340.0,card,2025-07-17 13:16:33,Afternoon
TX_1401,CUST_5211,2025-07-17,13:30:01,4,Thursday,False,Flat white,340.0,340.0,card,2025-07-17 13:30:01,Afternoon
TX_0607,CUST_3514,2025-07-17,13:41:44,4,Thursday,False,Batch brew,240.0,580.0,card,2025-07-17 13:41:44,Afternoon
TX_0607,CUST_3514,2025-07-17,13:41:44,4,Thursday,False,Latte,340.0,580.0,card,2025-07-17 13:41:44,Afternoon
TX_0213,CUST_3940,2025-07-17,13:47:26,4,Thursday,False,Batch brew,240.0,800.0,card,2025-07-17 13:47:26,Afternoon
TX_0213,CUST_3940,2025-07-17,13:47:26,4,Thursday,False,Cappuccino,320.0,800.0,card,2025-07-17 13:47:26,Afternoon
TX_0213,CUST_3940,2025-07-17,13:47:26,4,Thursday,False,Batch brew,240.0,800.0,card,2025-07-17 13:47:26,Afternoon
TX_1770,CUST_3204,2025-07-17,14:01:05,4,Thursday,False,Latte with add,440.0,440.0,card,2025-07-17 14:01:05,Afternoon
TX_2639,CUST_6639,2025-07-17,14:02:28,4,Thursday,False,Batch brew,240.0,560.0,card,2025-07-17 14:02:28,Afternoon
TX_2639,CUST_6639,2025-07-17,14:02:28,4,Thursday,False,Cappuccino,320.0,560.0,card,2025-07-17 14:02:28,Afternoon
TX_0734,CUST_9252,2025-07-17,14:05:07,4,Thursday,False,Latte with add,440.0,440.0,cash,2025-07-17 14:05:07,Afternoon
TX_2322,CUST_5636,2025-07-17,14:06:36,4,Thursday,False,Warming drinks (tea),400.0,400.0,cash,2025-07-17 14:06:36,Afternoon
TX_0109,CUST_4244,2025-07-17,14:09:39,4,Thursday,False,Latte with add,440.0,440.0,card,2025-07-17 14:09:39,Afternoon
TX_0429,CUST_9665,2025-07-17,14:20:20,4,Thursday,False,Flat white,340.0,340.0,cash,2025-07-17 14:20:20,Afternoon
TX_1308,CUST_1603,2025-07-17,14:36:28,4,Thursday,False,Latte,340.0,340.0,card,2025-07-17 14:36:28,Afternoon
TX_0363,CUST_6767,2025-07-17,17:16:51,4,Thursday,False,Latte,340.0,780.0,card,2025-07-17 17:16:51,Evening
TX_0363,CUST_6767,2025-07-17,17:16:51,4,Thursday,False,Latte with add,440.0,780.0,card,2025-07-17 17:16:51,Evening
TX_0886,CUST_5273,2025-07-17,17:52:05,4,Thursday,False,Latte with add,440.0,780.0,card,2025-07-17 17:52:05,Evening
TX_0886,CUST_5273,2025-07-17,17:52:05,4,Thursday,False,Latte,340.0,780.0,card,2025-07-17 17:52:05,Evening
TX_0264,CUST_3173,2025-07-17,18:04:20,4,Thursday,False,Latte with add,440.0,440.0,cash,2025-07-17 18:04:20,Evening
TX_3229,CUST_7952,2025-07-17,18:05:24,4,Thursday,False,Cappuccino,320.0,320.0,card,2025-07-17 18:05:24,Evening
TX_0554,CUST_8867,2025-07-18,08:31:34,5,Friday,False,Batch brew,240.0,240.0,cash,2025-07-18 08:31:34,Morning
TX_3149,CUST_8595,2025-07-18,08:58:22,5,Friday,False,Batch brew,240.0,240.0,cash,2025-07-18 08:58:22,Morning
TX_2192,CUST_7680,2025-07-18,09:06:34,5,Friday,False,Batch brew,240.0,240.0,card,2025-07-18 09:06:34,Morning
TX_1555,CUST_1713,2025-07-18,09:14:47,5,Friday,False,Espresso,230.0,570.0,card,2025-07-18 09:14:47,Morning
TX_1555,CUST_1713,2025-07-18,09:14:47,5,Friday,False,Flat white,340.0,570.0,card,2025-07-18 09:14:47,Morning
TX_1476,CUST_4504,2025-07-18,09:20:52,5,Friday,False,Cappuccino,320.0,320.0,cash,2025-07-18 09:20:52,Morning
TX_1412,CUST_1833,2025-07-18,09:30:16,5,Friday,False,Cappuccino,320.0,320.0,card,2025-07-18 09:30:16,Morning
TX_1693,CUST_7913,2025-07-18,09:50:27,5,Friday,False,Latte,340.0,340.0,cash,2025-07-18 09:50:27,Morning
TX_2182,CUST_8550,2025-07-18,09:59:51,5,Friday,False,Batch brew,240.0,580.0,card,2025-07-18 09:59:51,Morning
TX_2182,CUST_8550,2025-07-18,09:59:51,5,Friday,False,Latte,340.0,580.0,card,2025-07-18 09:59:51,Morning
TX_0771,CUST_9535,2025-07-18,10:57:18,5,Friday,False,Cappuccino,320.0,320.0,card,2025-07-18 10:57:18,Morning
TX_2118,CUST_1143,2025-07-18,11:58:13,5,Friday,False,Latte,340.0,340.0,cash,2025-07-18 11:58:13,Afternoon
TX_2347,CUST_2248,2025-07-18,12:05:03,5,Friday,False,Latte,340.0,340.0,card,2025-07-18 12:05:03,Afternoon
TX_1581,CUST_6514,2025-07-18,12:12:09,5,Friday,False,Latte,340.0,760.0,card,2025-07-18 12:12:09,Afternoon
TX_1581,CUST_6514,2025-07-18,12:12:09,5,Friday,False,Raf coffee,420.0,760.0,card,2025-07-18 12:12:09,Afternoon
TX_0985,CUST_1079,2025-07-18,12:36:57,5,Friday,False,Latte with add,440.0,440.0,cash,2025-07-18 12:36:57,Afternoon
TX_2438,CUST_4192,2025-07-18,12:52:45,5,Friday,False,Cappuccino,320.0,320.0,card,2025-07-18 12:52:45,Afternoon
TX_1825,CUST_7695,2025-07-18,12:54:04,5,Friday,False,Cappuccino,320.0,320.0,card,2025-07-18 12:54:04,Afternoon
TX_0696,CUST_4908,2025-07-18,13:08:50,5,Friday,False,Latte with add,440.0,440.0,card,2025-07-18 13:08:50,Afternoon
TX_3014,CUST_9122,2025-07-18,13:11:40,5,Friday,False,Cappuccino,320.0,760.0,cash,2025-07-18 13:11:40,Afternoon
TX_3014,CUST_9122,2025-07-18,13:11:40,5,Friday,False,Latte with add,440.0,760.0,cash,2025-07-18 13:11:40,Afternoon
TX_2078,CUST_4273,2025-07-18,13:13:39,5,Friday,False,Batch brew,240.0,240.0,cash,2025-07-18 13:13:39,Afternoon
TX_3265,CUST_3827,2025-07-18,13:16:40,5,Friday,False,Latte,340.0,1080.0,card,2025-07-18 13:16:40,Afternoon
TX_3265,CUST_3827,2025-07-18,13:16:40,5,Friday,False,Warming drinks (tea),400.0,1080.0,card,2025-07-18 13:16:40,Afternoon
TX_3265,CUST_3827,2025-07-18,13:16:40,5,Friday,False,Latte,340.0,1080.0,card,2025-07-18 13:16:40,Afternoon
TX_3414,CUST_6166,2025-07-18,13:17:34,5,Friday,False,Latte with add,440.0,440.0,card,2025-07-18 13:17:34,Afternoon
TX_1903,CUST_6506,2025-07-18,13:19:07,5,Friday,False,Latte,340.0,340.0,cash,2025-07-18 13:19:07,Afternoon
TX_2791,CUST_9122,2025-07-18,13:24:05,5,Friday,False,Latte with add,440.0,1100.0,card,2025-07-18 13:24:05,Afternoon
TX_2791,CUST_9122,2025-07-18,13:24:05,5,Friday,False,Cappuccino,320.0,1100.0,card,2025-07-18 13:24:05,Afternoon
TX_2791,CUST_9122,2025-07-18,13:24:05,5,Friday,False,Latte,340.0,1100.0,card,2025-07-18 13:24:05,Afternoon
TX_0807,CUST_9680,2025-07-18,13:24:30,5,Friday,False,Latte,340.0,340.0,card,2025-07-18 13:24:30,Afternoon
TX_1646,CUST_9308,2025-07-18,13:24:51,5,Friday,False,Latte,340.0,340.0,cash,2025-07-18 13:24:51,Afternoon
TX_3060,CUST_9570,2025-07-18,13:26:13,5,Friday,False,Latte with add,440.0,440.0,card,2025-07-18 13:26:13,Afternoon
TX_3261,CUST_9958,2025-07-18,13:26:14,5,Friday,False,Cappuccino,320.0,320.0,cash,2025-07-18 13:26:14,Afternoon
TX_2282,CUST_8817,2025-07-18,13:28:00,5,Friday,False,Latte with add,440.0,1160.0,card,2025-07-18 13:28:00,Afternoon
TX_2282,CUST_8817,2025-07-18,13:28:00,5,Friday,False,Cappuccino,320.0,1160.0,card,2025-07-18 13:28:00,Afternoon
TX_2282,CUST_8817,2025-07-18,13:28:00,5,Friday,False,Warming drinks (tea),400.0,1160.0,card,2025-07-18 13:28:00,Afternoon
TX_1945,CUST_4597,2025-07-18,13:29:16,5,Friday,False,Batch brew,240.0,240.0,card,2025-07-18 13:29:16,Afternoon
TX_2729,CUST_6531,2025-07-18,13:30:09,5,Friday,False,Cappuccino,320.0,320.0,card,2025-07-18 13:30:09,Afternoon
TX_3407,CUST_5589,2025-07-18,13:33:00,5,Friday,False,Espresso,230.0,570.0,card,2025-07-18 13:33:00,Afternoon
TX_3407,CUST_5589,2025-07-18,13:33:00,5,Friday,False,Latte,340.0,570.0,card,2025-07-18 13:33:00,Afternoon
TX_0633,CUST_6783,2025-07-18,13:38:32,5,Friday,False,Flat white,340.0,340.0,card,2025-07-18 13:38:32,Afternoon
TX_0787,CUST_8889,2025-07-18,13:40:58,5,Friday,False,Latte with add,440.0,440.0,cash,2025-07-18 13:40:58,Afternoon
TX_1142,CUST_6108,2025-07-18,13:51:55,5,Friday,False,Latte with add,440.0,440.0,card,2025-07-18 13:51:55,Afternoon
TX_2045,CUST_8436,2025-07-18,13:55:46,5,Friday,False,Batch brew,240.0,820.0,card,2025-07-18 13:55:46,Afternoon
TX_2045,CUST_8436,2025-07-18,13:55:46,5,Friday,False,Latte,340.0,820.0,card,2025-07-18 13:55:46,Afternoon
TX_2045,CUST_8436,2025-07-18,13:55:46,5,Friday,False,Batch brew,240.0,820.0,card,2025-07-18 13:55:46,Afternoon
TX_0390,CUST_8330,2025-07-18,14:06:05,5,Friday,False,Latte,340.0,340.0,cash,2025-07-18 14:06:05,Afternoon
TX_1757,CUST_3403,2025-07-18,14:31:06,5,Friday,False,Latte with add,440.0,440.0,card,2025-07-18 14:31:06,Afternoon
TX_2962,CUST_3444,2025-07-18,14:35:46,5,Friday,False,Latte with add,440.0,1100.0,card,2025-07-18 14:35:46,Afternoon
TX_2962,CUST_3444,2025-07-18,14:35:46,5,Friday,False,Flat white,340.0,1100.0,card,2025-07-18 14:35:46,Afternoon
TX_2962,CUST_3444,2025-07-18,14:35:46,5,Friday,False,Cappuccino,320.0,1100.0,card,2025-07-18 14:35:46,Afternoon
TX_3177,CUST_8142,2025-07-18,16:00:38,5,Friday,False,Warming drinks (tea),400.0,400.0,card,2025-07-18 16:00:38,Evening
TX_2263,CUST_1319,2025-07-18,16:57:24,5,Friday,False,Espresso,230.0,670.0,card,2025-07-18 16:57:24,Evening
TX_2263,CUST_1319,2025-07-18,16:57:24,5,Friday,False,Latte with add,440.0,670.0,card,2025-07-18 16:57:24,Evening
TX_2951,CUST_2825,2025-07-18,17:42:49,5,Friday,False,Cappuccino,320.0,320.0,cash,2025-07-18 17:42:49,Evening
TX_0481,CUST_8051,2025-07-18,17:46:56,5,Friday,False,Raf coffee,420.0,860.0,cash,2025-07-18 17:46:56,Evening
TX_0481,CUST_8051,2025-07-18,17:46:56,5,Friday,False,Latte with add,440.0,860.0,cash,2025-07-18 17:46:56,Evening
TX_1734,CUST_3876,2025-07-18,17:58:26,5,Friday,False,Latte with add,440.0,440.0,card,2025-07-18 17:58:26,Evening
TX_2634,CUST_6066,2025-07-18,18:20:22,5,Friday,False,Batch brew,240.0,240.0,cash,2025-07-18 18:20:22,Evening
TX_3411,CUST_2604,2025-07-18,18:43:24,5,Friday,False,Warming drinks (tea),400.0,640.0,cash,2025-07-18 18:43:24,Evening
TX_3411,CUST_2604,2025-07-18,18:43:24,5,Friday,False,Batch brew,240.0,640.0,cash,2025-07-18 18:43:24,Evening
TX_0223,CUST_8944,2025-07-19,08:08:51,6,Saturday,True,Warming drinks (tea),400.0,400.0,card,2025-07-19 08:08:51,Morning
TX_1388,CUST_7174,2025-07-19,09:15:02,6,Saturday,True,Latte,340.0,340.0,cash,2025-07-19 09:15:02,Morning
TX_3181,CUST_8078,2025-07-19,09:28:24,6,Saturday,True,Cappuccino,320.0,320.0,card,2025-07-19 09:28:24,Morning
TX_1682,CUST_4158,2025-07-19,09:36:30,6,Saturday,True,Flat white,340.0,340.0,card,2025-07-19 09:36:30,Morning
TX_0419,CUST_5011,2025-07-19,10:12:25,6,Saturday,True,Flat white,340.0,680.0,card,2025-07-19 10:12:25,Morning
TX_0419,CUST_5011,2025-07-19,10:12:25,6,Saturday,True,Latte,340.0,680.0,card,2025-07-19 10:12:25,Morning
TX_1833,CUST_9213,2025-07-19,10:21:53,6,Saturday,True,Latte,340.0,340.0,card,2025-07-19 10:21:53,Morning
TX_0361,CUST_5934,2025-07-19,10:49:53,6,Saturday,True,Raf coffee,420.0,420.0,card,2025-07-19 10:49:53,Morning
TX_2765,CUST_6532,2025-07-19,10:51:04,6,Saturday,True,Espresso,230.0,1030.0,card,2025-07-19 10:51:04,Morning
TX_2765,CUST_6532,2025-07-19,10:51:04,6,Saturday,True,Warming drinks (tea),400.0,1030.0,card,2025-07-19 10:51:04,Morning
TX_2765,CUST_6532,2025-07-19,10:51:04,6,Saturday,True,Warming drinks (tea),400.0,1030.0,card,2025-07-19 10:51:04,Morning
TX_0721,CUST_1633,2025-07-19,11:00:45,6,Saturday,True,Latte with add,440.0,1120.0,cash,2025-07-19 11:00:45,Afternoon
TX_0721,CUST_1633,2025-07-19,11:00:45,6,Saturday,True,Latte,340.0,1120.0,cash,2025-07-19 11:00:45,Afternoon
TX_0721,CUST_1633,2025-07-19,11:00:45,6,Saturday,True,Latte,340.0,1120.0,cash,2025-07-19 11:00:45,Afternoon
TX_1045,CUST_1951,2025-07-19,11:57:36,6,Saturday,True,Cappuccino,320.0,740.0,card,2025-07-19 11:57:36,Afternoon
TX_1045,CUST_1951,2025-07-19,11:57:36,6,Saturday,True,Raf coffee,420.0,740.0,card,2025-07-19 11:57:36,Afternoon
TX_3161,CUST_9751,2025-07-19,12:29:20,6,Saturday,True,Warming drinks (tea),400.0,400.0,cash,2025-07-19 12:29:20,Afternoon
TX_3191,CUST_2250,2025-07-19,12:31:21,6,Saturday,True,Batch brew,240.0,240.0,card,2025-07-19 12:31:21,Afternoon
TX_1029,CUST_2499,2025-07-19,12:39:32,6,Saturday,True,Latte with add,440.0,440.0,card,2025-07-19 12:39:32,Afternoon
TX_2013,CUST_4599,2025-07-19,12:39:55,6,Saturday,True,Latte,340.0,340.0,card,2025-07-19 12:39:55,Afternoon
TX_0290,CUST_6252,2025-07-19,12:48:45,6,Saturday,True,Latte,340.0,340.0,card,2025-07-19 12:48:45,Afternoon
TX_3419,CUST_3665,2025-07-19,12:56:41,6,Saturday,True,Latte,340.0,340.0,cash,2025-07-19 12:56:41,Afternoon
TX_0437,CUST_6949,2025-07-19,13:07:22,6,Saturday,True,Flat white,340.0,340.0,card,2025-07-19 13:07:22,Afternoon
TX_2714,CUST_8993,2025-07-19,13:07:46,6,Saturday,True,Espresso,230.0,890.0,card,2025-07-19 13:07:46,Afternoon
TX_2714,CUST_8993,2025-07-19,13:07:46,6,Saturday,True,Flat white,340.0,890.0,card,2025-07-19 13:07:46,Afternoon
TX_2714,CUST_8993,2025-07-19,13:07:46,6,Saturday,True,Cappuccino,320.0,890.0,card,2025-07-19 13:07:46,Afternoon
TX_0360,CUST_2772,2025-07-19,13:16:20,6,Saturday,True,Raf coffee,420.0,420.0,cash,2025-07-19 13:16:20,Afternoon
TX_1940,CUST_2758,2025-07-19,13:22:48,6,Saturday,True,Latte with add,440.0,440.0,cash,2025-07-19 13:22:48,Afternoon
TX_1579,CUST_5252,2025-07-19,13:23:24,6,Saturday,True,Latte,340.0,340.0,cash,2025-07-19 13:23:24,Afternoon
TX_3067,CUST_1031,2025-07-19,13:24:26,6,Saturday,True,Batch brew,240.0,240.0,cash,2025-07-19 13:24:26,Afternoon
TX_3162,CUST_2947,2025-07-19,13:24:28,6,Saturday,True,Raf coffee,420.0,420.0,card,2025-07-19 13:24:28,Afternoon
TX_1565,CUST_9131,2025-07-19,13:25:52,6,Saturday,True,Latte,340.0,920.0,card,2025-07-19 13:25:52,Afternoon
TX_1565,CUST_9131,2025-07-19,13:25:52,6,Saturday,True,Latte,340.0,920.0,card,2025-07-19 13:25:52,Afternoon
TX_1565,CUST_9131,2025-07-19,13:25:52,6,Saturday,True,Batch brew,240.0,920.0,card,2025-07-19 13:25:52,Afternoon
TX_1524,CUST_9909,2025-07-19,13:26:06,6,Saturday,True,Cappuccino,320.0,660.0,cash,2025-07-19 13:26:06,Afternoon
TX_1524,CUST_9909,2025-07-19,13:26:06,6,Saturday,True,Latte,340.0,660.0,cash,2025-07-19 13:26:06,Afternoon
TX_1549,CUST_1882,2025-07-19,13:28:38,6,Saturday,True,Latte with add,440.0,860.0,card,2025-07-19 13:28:38,Afternoon
TX_1549,CUST_1882,2025-07-19,13:28:38,6,Saturday,True,Raf coffee,420.0,860.0,card,2025-07-19 13:28:38,Afternoon
TX_1471,CUST_9242,2025-07-19,13:33:01,6,Saturday,True,Cappuccino,320.0,320.0,card,2025-07-19 13:33:01,Afternoon
TX_0340,CUST_9793,2025-07-19,13:35:07,6,Saturday,True,Latte,340.0,340.0,card,2025-07-19 13:35:07,Afternoon
TX_2218,CUST_8489,2025-07-19,13:50:19,6,Saturday,True,Latte,340.0,340.0,cash,2025-07-19 13:50:19,Afternoon
TX_0025,CUST_7905,2025-07-19,13:50:39,6,Saturday,True,Latte,340.0,340.0,card,2025-07-19 13:50:39,Afternoon
TX_1600,CUST_4102,2025-07-19,13:51:30,6,Saturday,True,Cappuccino,320.0,320.0,cash,2025-07-19 13:51:30,Afternoon
TX_0473,CUST_8053,2025-07-19,13:51:42,6,Saturday,True,Latte,340.0,340.0,card,2025-07-19 13:51:42,Afternoon
TX_2184,CUST_8727,2025-07-19,14:05:10,6,Saturday,True,Cappuccino,320.0,320.0,card,2025-07-19 14:05:10,Afternoon
TX_1121,CUST_8475,2025-07-19,14:06:14,6,Saturday,True,Latte,340.0,660.0,cash,2025-07-19 14:06:14,Afternoon
TX_1121,CUST_8475,2025-07-19,14:06:14,6,Saturday,True,Cappuccino,320.0,660.0,cash,2025-07-19 14:06:14,Afternoon
TX_0918,CUST_1878,2025-07-19,14:07:00,6,Saturday,True,Latte with add,440.0,760.0,cash,2025-07-19 14:07:00,Afternoon
TX_0918,CUST_1878,2025-07-19,14:07:00,6,Saturday,True,Cappuccino,320.0,760.0,cash,2025-07-19 14:07:00,Afternoon
TX_2965,CUST_6777,2025-07-19,14:15:35,6,Saturday,True,Latte,340.0,340.0,card,2025-07-19 14:15:35,Afternoon
TX_3408,CUST_5430,2025-07-19,14:20:54,6,Saturday,True,Flat white,340.0,340.0,cash,2025-07-19 14:20:54,Afternoon
TX_1209,CUST_1607,2025-07-19,14:23:11,6,Saturday,True,Batch brew,240.0,1000.0,card,2025-07-19 14:23:11,Afternoon
TX_1209,CUST_1607,2025-07-19,14:23:11,6,Saturday,True,Raf coffee,420.0,1000.0,card,2025-07-19 14:23:11,Afternoon
TX_1209,CUST_1607,2025-07-19,14:23:11,6,Saturday,True,Latte,340.0,1000.0,card,2025-07-19 14:23:11,Afternoon
TX_0474,CUST_5577,2025-07-19,14:44:39,6,Saturday,True,Cappuccino,320.0,760.0,card,2025-07-19 14:44:39,Afternoon
TX_0474,CUST_5577,2025-07-19,14:44:39,6,Saturday,True,Latte with add,440.0,760.0,card,2025-07-19 14:44:39,Afternoon
TX_3046,CUST_5507,2025-07-19,17:41:07,6,Saturday,True,Batch brew,240.0,240.0,cash,2025-07-19 17:41:07,Evening
TX_2997,CUST_3947,2025-07-19,17:48:37,6,Saturday,True,Espresso,230.0,230.0,cash,2025-07-19 17:48:37,Evening
TX_1776,CUST_7840,2025-07-19,18:08:22,6,Saturday,True,Latte with add,440.0,440.0,card,2025-07-19 18:08:22,Evening
TX_0216,CUST_5791,2025-07-19,18:09:17,6,Saturday,True,Raf coffee,420.0,760.0,card,2025-07-19 18:09:17,Evening
TX_0216,CUST_5791,2025-07-19,18:09:17,6,Saturday,True,Latte,340.0,760.0,card,2025-07-19 18:09:17,Evening
TX_2549,CUST_4385,2025-07-19,18:14:44,6,Saturday,True,Latte with add,440.0,440.0,card,2025-07-19 18:14:44,Evening
TX_2270,CUST_3974,2025-07-19,18:20:55,6,Saturday,True,Raf coffee,420.0,420.0,card,2025-07-19 18:20:55,Evening
TX_2534,CUST_2174,2025-07-19,18:54:41,6,Saturday,True,Raf coffee,420.0,420.0,cash,2025-07-19 18:54:41,Evening
TX_1314,CUST_4517,2025-07-19,18:55:19,6,Saturday,True,Latte,340.0,340.0,card,2025-07-19 18:55:19,Evening
TX_3273,CUST_2296,2025-07-19,19:02:56,6,Saturday,True,Cappuccino,320.0,560.0,card,2025-07-19 19:02:56,Evening
TX_3273,CUST_2296,2025-07-19,19:02:56,6,Saturday,True,Batch brew,240.0,560.0,card,2025-07-19 19:02:56,Evening
TX_1493,CUST_5353,2025-07-20,08:00:57,7,Sunday,True,Flat white,340.0,340.0,card,2025-07-20 08:00:57,Morning
TX_1907,CUST_4470,2025-07-20,09:22:02,7,Sunday,True,Latte,340.0,340.0,cash,2025-07-20 09:22:02,Morning
TX_0115,CUST_4179,2025-07-20,09:38:07,7,Sunday,True,Latte,340.0,340.0,card,2025-07-20 09:38:07,Morning
TX_0984,CUST_9883,2025-07-20,09:47:42,7,Sunday,True,Latte,340.0,1100.0,cash,2025-07-20 09:47:42,Morning
TX_0984,CUST_9883,2025-07-20,09:47:42,7,Sunday,True,Cappuccino,320.0,1100.0,cash,2025-07-20 09:47:42,Morning
TX_0984,CUST_9883,2025-07-20,09:47:42,7,Sunday,True,Latte with add,440.0,1100.0,cash,2025-07-20 09:47:42,Morning
TX_2291,CUST_4423,2025-07-20,09:52:22,7,Sunday,True,Warming drinks (tea),400.0,400.0,card,2025-07-20 09:52:22,Morning
TX_1611,CUST_5272,2025-07-20,10:48:12,7,Sunday,True,Latte,340.0,570.0,card,2025-07-20 10:48:12,Morning
TX_1611,CUST_5272,2025-07-20,10:48:12,7,Sunday,True,Espresso,230.0,570.0,card,2025-07-20 10:48:12,Morning
TX_0208,CUST_1895,2025-07-20,11:00:00,7,Sunday,True,Latte,340.0,340.0,cash,2025-07-20 11:00:00,Afternoon
TX_3274,CUST_3887,2025-07-20,11:38:15,7,Sunday,True,Raf coffee,420.0,860.0,cash,2025-07-20 11:38:15,Afternoon
TX_3274,CUST_3887,2025-07-20,11:38:15,7,Sunday,True,Latte with add,440.0,860.0,cash,2025-07-20 11:38:15,Afternoon
TX_1284,CUST_8535,2025-07-20,12:27:35,7,Sunday,True,Latte with add,440.0,440.0,card,2025-07-20 12:27:35,Afternoon
TX_1714,CUST_7061,2025-07-20,12:38:43,7,Sunday,True,Raf coffee,420.0,420.0,cash,2025-07-20 12:38:43,Afternoon
TX_1098,CUST_4411,2025-07-20,12:38:44,7,Sunday,True,Cappuccino,320.0,320.0,card,2025-07-20 12:38:44,Afternoon
TX_1897,CUST_9229,2025-07-20,13:03:00,7,Sunday,True,Latte,340.0,340.0,card,2025-07-20 13:03:00,Afternoon
TX_3371,CUST_2048,2025-07-20,13:03:43,7,Sunday,True,Cappuccino,320.0,320.0,card,2025-07-20 13:03:43,Afternoon
TX_0443,CUST_8484,2025-07-20,13:05:56,7,Sunday,True,Latte,340.0,340.0,cash,2025-07-20 13:05:56,Afternoon
TX_1583,CUST_3284,2025-07-20,13:14:03,7,Sunday,True,Batch brew,240.0,240.0,card,2025-07-20 13:14:03,Afternoon
TX_3105,CUST_3750,2025-07-20,13:34:33,7,Sunday,True,Latte,340.0,740.0,cash,2025-07-20 13:34:33,Afternoon
TX_3105,CUST_3750,2025-07-20,13:34:33,7,Sunday,True,Warming drinks (tea),400.0,740.0,cash,2025-07-20 13:34:33,Afternoon
TX_1801,CUST_3803,2025-07-20,13:36:14,7,Sunday,True,Flat white,340.0,340.0,card,2025-07-20 13:36:14,Afternoon
TX_0040,CUST_9313,2025-07-20,13:42:45,7,Sunday,True,Latte,340.0,760.0,card,2025-07-20 13:42:45,Afternoon
TX_0040,CUST_9313,2025-07-20,13:42:45,7,Sunday,True,Raf coffee,420.0,760.0,card,2025-07-20 13:42:45,Afternoon
TX_1170,CUST_4299,2025-07-20,13:43:23,7,Sunday,True,Cappuccino,320.0,320.0,card,2025-07-20 13:43:23,Afternoon
TX_1805,CUST_9420,2025-07-20,13:56:48,7,Sunday,True,Raf coffee,420.0,420.0,cash,2025-07-20 13:56:48,Afternoon
TX_2721,CUST_4955,2025-07-20,13:58:02,7,Sunday,True,Batch brew,240.0,240.0,card,2025-07-20 13:58:02,Afternoon
TX_3150,CUST_1135,2025-07-20,14:00:39,7,Sunday,True,Batch brew,240.0,240.0,card,2025-07-20 14:00:39,Afternoon
TX_0601,CUST_3962,2025-07-20,14:03:35,7,Sunday,True,Latte,340.0,340.0,card,2025-07-20 14:03:35,Afternoon
TX_1645,CUST_3752,2025-07-20,14:37:07,7,Sunday,True,Latte with add,440.0,440.0,cash,2025-07-20 14:37:07,Afternoon
TX_2425,CUST_3312,2025-07-20,14:39:49,7,Sunday,True,Flat white,340.0,340.0,card,2025-07-20 14:39:49,Afternoon
TX_3099,CUST_6718,2025-07-20,14:42:56,7,Sunday,True,Cappuccino,320.0,320.0,card,2025-07-20 14:42:56,Afternoon
TX_1739,CUST_7102,2025-07-20,17:01:43,7,Sunday,True,Cappuccino,320.0,320.0,card,2025-07-20 17:01:43,Evening
TX_0509,CUST_5926,2025-07-20,17:12:29,7,Sunday,True,Raf coffee,420.0,860.0,card,2025-07-20 17:12:29,Evening
TX_0509,CUST_5926,2025-07-20,17:12:29,7,Sunday,True,Latte with add,440.0,860.0,card,2025-07-20 17:12:29,Evening
TX_0605,CUST_9229,2025-07-20,17:17:03,7,Sunday,True,Cappuccino,320.0,320.0,card,2025-07-20 17:17:03,Evening
TX_2399,CUST_9690,2025-07-20,17:25:43,7,Sunday,True,Batch brew,240.0,580.0,card,2025-07-20 17:25:43,Evening
TX_2399,CUST_9690,2025-07-20,17:25:43,7,Sunday,True,Latte,340.0,580.0,card,2025-07-20 17:25:43,Evening
TX_1837,CUST_4211,2025-07-20,17:44:23,7,Sunday,True,Batch brew,240.0,240.0,cash,2025-07-20 17:44:23,Evening
TX_0314,CUST_6712,2025-07-20,17:47:04,7,Sunday,True,Latte,340.0,1080.0,card,2025-07-20 17:47:04,Evening
TX_0314,CUST_6712,2025-07-20,17:47:04,7,Sunday,True,Warming drinks (tea),400.0,1080.0,card,2025-07-20 17:47:04,Evening
TX_0314,CUST_6712,2025-07-20,17:47:04,7,Sunday,True,Latte,340.0,1080.0,card,2025-07-20 17:47:04,Evening
TX_2933,CUST_6803,2025-07-20,18:26:01,7,Sunday,True,Raf coffee,420.0,420.0,card,2025-07-20 18:26:01,Evening
TX_2635,CUST_4929,2025-07-20,19:05:34,7,Sunday,True,Latte with add,440.0,440.0,card,2025-07-20 19:05:34,Evening
TX_1433,CUST_7800,2025-07-21,08:00:05,1,Monday,False,Latte,340.0,340.0,card,2025-07-21 08:00:05,Morning
TX_2172,CUST_2281,2025-07-21,08:00:20,1,Monday,False,Latte,340.0,660.0,cash,2025-07-21 08:00:20,Morning
TX_2172,CUST_2281,2025-07-21,08:00:20,1,Monday,False,Cappuccino,320.0,660.0,cash,2025-07-21 08:00:20,Morning
TX_1368,CUST_4965,2025-07-21,08:05:22,1,Monday,False,Cappuccino,320.0,320.0,card,2025-07-21 08:05:22,Morning
TX_2525,CUST_4825,2025-07-21,08:33:59,1,Monday,False,Flat white,340.0,340.0,card,2025-07-21 08:33:59,Morning
TX_3163,CUST_6510,2025-07-21,08:49:46,1,Monday,False,Batch brew,240.0,240.0,card,2025-07-21 08:49:46,Morning
TX_2648,CUST_3012,2025-07-21,09:01:26,1,Monday,False,Latte,340.0,340.0,card,2025-07-21 09:01:26,Morning
TX_1395,CUST_8635,2025-07-21,09:03:08,1,Monday,False,Flat white,340.0,340.0,card,2025-07-21 09:03:08,Morning
TX_1289,CUST_5294,2025-07-21,09:08:16,1,Monday,False,Latte with add,440.0,440.0,card,2025-07-21 09:08:16,Morning
TX_1618,CUST_6331,2025-07-21,09:08:50,1,Monday,False,Cappuccino,320.0,320.0,cash,2025-07-21 09:08:50,Morning
TX_1250,CUST_1250,2025-07-21,09:23:52,1,Monday,False,Latte,340.0,340.0,card,2025-07-21 09:23:52,Morning
TX_1636,CUST_6248,2025-07-21,09:32:45,1,Monday,False,Latte with add,440.0,680.0,cash,2025-07-21 09:32:45,Morning
TX_1636,CUST_6248,2025-07-21,09:32:45,1,Monday,False,Batch brew,240.0,680.0,cash,2025-07-21 09:32:45,Morning
TX_0298,CUST_9621,2025-07-21,09:34:02,1,Monday,False,Latte,340.0,660.0,card,2025-07-21 09:34:02,Morning
TX_0298,CUST_9621,2025-07-21,09:34:02,1,Monday,False,Cappuccino,320.0,660.0,card,2025-07-21 09:34:02,Morning
TX_2336,CUST_9982,2025-07-21,09:43:08,1,Monday,False,Cappuccino,320.0,320.0,cash,2025-07-21 09:43:08,Morning
TX_1622,CUST_3676,2025-07-21,09:46:42,1,Monday,False,Latte,340.0,340.0,cash,2025-07-21 09:46:42,Morning
TX_1172,CUST_2552,2025-07-21,09:56:22,1,Monday,False,Latte,340.0,680.0,card,2025-07-21 09:56:22,Morning
TX_1172,CUST_2552,2025-07-21,09:56:22,1,Monday,False,Flat white,340.0,680.0,card,2025-07-21 09:56:22,Morning
TX_1843,CUST_9598,2025-07-21,10:00:39,1,Monday,False,Cappuccino,320.0,320.0,card,2025-07-21 10:00:39,Morning
TX_2681,CUST_2155,2025-07-21,10:02:10,1,Monday,False,Batch brew,240.0,240.0,cash,2025-07-21 10:02:10,Morning
TX_3385,CUST_1668,2025-07-21,10:04:06,1,Monday,False,Latte,340.0,340.0,card,2025-07-21 10:04:06,Morning
TX_3458,CUST_5929,2025-07-21,10:19:38,1,Monday,False,Cappuccino,320.0,660.0,cash,2025-07-21 10:19:38,Morning
TX_3458,CUST_5929,2025-07-21,10:19:38,1,Monday,False,Flat white,340.0,660.0,cash,2025-07-21 10:19:38,Morning
TX_1829,CUST_6008,2025-07-21,10:22:53,1,Monday,False,Latte with add,440.0,440.0,cash,2025-07-21 10:22:53,Morning
TX_2106,CUST_9110,2025-07-21,10:42:02,1,Monday,False,Batch brew,240.0,240.0,cash,2025-07-21 10:42:02,Morning
TX_0553,CUST_3636,2025-07-21,12:13:42,1,Monday,False,Batch brew,240.0,240.0,card,2025-07-21 12:13:42,Afternoon
TX_1376,CUST_3228,2025-07-21,13:04:03,1,Monday,False,Flat white,340.0,340.0,cash,2025-07-21 13:04:03,Afternoon
TX_2350,CUST_7225,2025-07-21,13:16:00,1,Monday,False,Flat white,340.0,340.0,card,2025-07-21 13:16:00,Afternoon
TX_2786,CUST_1733,2025-07-21,13:16:37,1,Monday,False,Latte with add,440.0,440.0,card,2025-07-21 13:16:37,Afternoon
TX_2868,CUST_3376,2025-07-21,13:17:01,1,Monday,False,Raf coffee,420.0,1100.0,card,2025-07-21 13:17:01,Afternoon
TX_2868,CUST_3376,2025-07-21,13:17:01,1,Monday,False,Latte,340.0,1100.0,card,2025-07-21 13:17:01,Afternoon
TX_2868,CUST_3376,2025-07-21,13:17:01,1,Monday,False,Latte,340.0,1100.0,card,2025-07-21 13:17:01,Afternoon
TX_2978,CUST_7728,2025-07-21,13:28:32,1,Monday,False,Batch brew,240.0,240.0,cash,2025-07-21 13:28:32,Afternoon
TX_0257,CUST_4891,2025-07-21,13:35:00,1,Monday,False,Raf coffee,420.0,420.0,card,2025-07-21 13:35:00,Afternoon
TX_2569,CUST_1904,2025-07-21,13:40:28,1,Monday,False,Latte with add,440.0,1120.0,cash,2025-07-21 13:40:28,Afternoon
TX_2569,CUST_1904,2025-07-21,13:40:28,1,Monday,False,Latte,340.0,1120.0,cash,2025-07-21 13:40:28,Afternoon
TX_2569,CUST_1904,2025-07-21,13:40:28,1,Monday,False,Latte,340.0,1120.0,cash,2025-07-21 13:40:28,Afternoon
TX_3171,CUST_3113,2025-07-21,13:46:28,1,Monday,False,Warming drinks (tea),400.0,400.0,card,2025-07-21 13:46:28,Afternoon
TX_0495,CUST_8022,2025-07-21,13:51:45,1,Monday,False,Latte,340.0,340.0,cash,2025-07-21 13:51:45,Afternoon
TX_0148,CUST_8023,2025-07-21,13:59:36,1,Monday,False,Raf coffee,420.0,420.0,card,2025-07-21 13:59:36,Afternoon
TX_1404,CUST_5836,2025-07-21,14:02:35,1,Monday,False,Cappuccino,320.0,320.0,card,2025-07-21 14:02:35,Afternoon
TX_2121,CUST_4074,2025-07-21,14:07:08,1,Monday,False,Flat white,340.0,340.0,cash,2025-07-21 14:07:08,Afternoon
TX_3335,CUST_8941,2025-07-21,14:45:59,1,Monday,False,Raf coffee,420.0,420.0,card,2025-07-21 14:45:59,Afternoon
TX_1215,CUST_7810,2025-07-21,14:49:05,1,Monday,False,Cappuccino,320.0,320.0,card,2025-07-21 14:49:05,Afternoon
TX_0657,CUST_9955,2025-07-21,15:10:17,1,Monday,False,Flat white,340.0,340.0,card,2025-07-21 15:10:17,Afternoon
TX_2066,CUST_9882,2025-07-21,15:46:26,1,Monday,False,Latte,340.0,340.0,cash,2025-07-21 15:46:26,Afternoon
TX_0273,CUST_7305,2025-07-21,18:17:22,1,Monday,False,Cappuccino,320.0,320.0,card,2025-07-21 18:17:22,Evening
TX_2373,CUST_6598,2025-07-21,18:23:00,1,Monday,False,Cappuccino,320.0,900.0,cash,2025-07-21 18:23:00,Evening
TX_2373,CUST_6598,2025-07-21,18:23:00,1,Monday,False,Batch brew,240.0,900.0,cash,2025-07-21 18:23:00,Evening
TX_2373,CUST_6598,2025-07-21,18:23:00,1,Monday,False,Latte,340.0,900.0,cash,2025-07-21 18:23:00,Evening
TX_2800,CUST_1808,2025-07-22,08:28:40,2,Tuesday,False,Flat white,340.0,1080.0,card,2025-07-22 08:28:40,Morning
TX_2800,CUST_1808,2025-07-22,08:28:40,2,Tuesday,False,Warming drinks (tea),400.0,1080.0,card,2025-07-22 08:28:40,Morning
TX_2800,CUST_1808,2025-07-22,08:28:40,2,Tuesday,False,Flat white,340.0,1080.0,card,2025-07-22 08:28:40,Morning
TX_1609,CUST_4361,2025-07-22,08:33:52,2,Tuesday,False,Latte with add,440.0,440.0,card,2025-07-22 08:33:52,Morning
TX_2359,CUST_5022,2025-07-22,08:43:05,2,Tuesday,False,Cappuccino,320.0,320.0,cash,2025-07-22 08:43:05,Morning
TX_2907,CUST_8384,2025-07-22,08:53:18,2,Tuesday,False,Batch brew,240.0,560.0,card,2025-07-22 08:53:18,Morning
TX_2907,CUST_8384,2025-07-22,08:53:18,2,Tuesday,False,Cappuccino,320.0,560.0,card,2025-07-22 08:53:18,Morning
TX_0589,CUST_7480,2025-07-22,08:54:50,2,Tuesday,False,Latte,340.0,340.0,card,2025-07-22 08:54:50,Morning
TX_0975,CUST_3355,2025-07-22,08:57:23,2,Tuesday,False,Latte,340.0,660.0,card,2025-07-22 08:57:23,Morning
TX_0975,CUST_3355,2025-07-22,08:57:23,2,Tuesday,False,Cappuccino,320.0,660.0,card,2025-07-22 08:57:23,Morning
TX_2958,CUST_6822,2025-07-22,09:02:13,2,Tuesday,False,Cappuccino,320.0,660.0,card,2025-07-22 09:02:13,Morning
TX_2958,CUST_6822,2025-07-22,09:02:13,2,Tuesday,False,Latte,340.0,660.0,card,2025-07-22 09:02:13,Morning
TX_3085,CUST_7496,2025-07-22,09:08:28,2,Tuesday,False,Latte with add,440.0,440.0,card,2025-07-22 09:08:28,Morning
TX_3158,CUST_5548,2025-07-22,09:21:00,2,Tuesday,False,Cappuccino,320.0,660.0,card,2025-07-22 09:21:00,Morning
TX_3158,CUST_5548,2025-07-22,09:21:00,2,Tuesday,False,Latte,340.0,660.0,card,2025-07-22 09:21:00,Morning
TX_2666,CUST_9258,2025-07-22,09:23:26,2,Tuesday,False,Cappuccino,320.0,320.0,card,2025-07-22 09:23:26,Morning
TX_0690,CUST_6138,2025-07-22,09:24:15,2,Tuesday,False,Cappuccino,320.0,560.0,card,2025-07-22 09:24:15,Morning
TX_0690,CUST_6138,2025-07-22,09:24:15,2,Tuesday,False,Batch brew,240.0,560.0,card,2025-07-22 09:24:15,Morning
TX_3200,CUST_9705,2025-07-22,09:26:24,2,Tuesday,False,Batch brew,240.0,240.0,card,2025-07-22 09:26:24,Morning
TX_2560,CUST_5113,2025-07-22,09:26:26,2,Tuesday,False,Cappuccino,320.0,880.0,cash,2025-07-22 09:26:26,Morning
TX_2560,CUST_5113,2025-07-22,09:26:26,2,Tuesday,False,Batch brew,240.0,880.0,cash,2025-07-22 09:26:26,Morning
TX_2560,CUST_5113,2025-07-22,09:26:26,2,Tuesday,False,Cappuccino,320.0,880.0,cash,2025-07-22 09:26:26,Morning
TX_0637,CUST_7369,2025-07-22,09:27:54,2,Tuesday,False,Latte,340.0,340.0,cash,2025-07-22 09:27:54,Morning
TX_2407,CUST_4126,2025-07-22,09:52:42,2,Tuesday,False,Espresso,230.0,230.0,card,2025-07-22 09:52:42,Morning
TX_3503,CUST_7772,2025-07-22,10:01:04,2,Tuesday,False,Batch brew,240.0,820.0,card,2025-07-22 10:01:04,Morning
TX_3503,CUST_7772,2025-07-22,10:01:04,2,Tuesday,False,Latte,340.0,820.0,card,2025-07-22 10:01:04,Morning
TX_3503,CUST_7772,2025-07-22,10:01:04,2,Tuesday,False,Batch brew,240.0,820.0,card,2025-07-22 10:01:04,Morning
TX_1786,CUST_8948,2025-07-22,10:02:45,2,Tuesday,False,Espresso,230.0,810.0,card,2025-07-22 10:02:45,Morning
TX_1786,CUST_8948,2025-07-22,10:02:45,2,Tuesday,False,Latte,340.0,810.0,card,2025-07-22 10:02:45,Morning
TX_1786,CUST_8948,2025-07-22,10:02:45,2,Tuesday,False,Batch brew,240.0,810.0,card,2025-07-22 10:02:45,Morning
TX_1687,CUST_4468,2025-07-22,10:03:03,2,Tuesday,False,Cappuccino,320.0,320.0,cash,2025-07-22 10:03:03,Morning
TX_2296,CUST_6766,2025-07-22,10:05:42,2,Tuesday,False,Cappuccino,320.0,320.0,card,2025-07-22 10:05:42,Morning
TX_2257,CUST_5558,2025-07-22,10:08:19,2,Tuesday,False,Batch brew,240.0,480.0,card,2025-07-22 10:08:19,Morning
TX_2257,CUST_5558,2025-07-22,10:08:19,2,Tuesday,False,Batch brew,240.0,480.0,card,2025-07-22 10:08:19,Morning
TX_2052,CUST_1304,2025-07-22,10:13:16,2,Tuesday,False,Latte,340.0,340.0,cash,2025-07-22 10:13:16,Morning
TX_0189,CUST_6791,2025-07-22,10:14:41,2,Tuesday,False,Cappuccino,320.0,320.0,card,2025-07-22 10:14:41,Morning
TX_2653,CUST_3569,2025-07-22,10:20:04,2,Tuesday,False,Espresso,230.0,230.0,card,2025-07-22 10:20:04,Morning
TX_2430,CUST_5705,2025-07-22,10:24:22,2,Tuesday,False,Flat white,340.0,340.0,cash,2025-07-22 10:24:22,Morning
TX_2908,CUST_1829,2025-07-22,10:40:55,2,Tuesday,False,Espresso,230.0,230.0,card,2025-07-22 10:40:55,Morning
TX_0575,CUST_6822,2025-07-22,10:41:12,2,Tuesday,False,Cappuccino,320.0,800.0,card,2025-07-22 10:41:12,Morning
TX_0575,CUST_6822,2025-07-22,10:41:12,2,Tuesday,False,Batch brew,240.0,800.0,card,2025-07-22 10:41:12,Morning
TX_0575,CUST_6822,2025-07-22,10:41:12,2,Tuesday,False,Batch brew,240.0,800.0,card,2025-07-22 10:41:12,Morning
TX_2326,CUST_1231,2025-07-22,10:54:29,2,Tuesday,False,Latte,340.0,340.0,card,2025-07-22 10:54:29,Morning
TX_0836,CUST_6326,2025-07-22,12:01:44,2,Tuesday,False,Cappuccino,320.0,320.0,card,2025-07-22 12:01:44,Afternoon
TX_0332,CUST_2948,2025-07-22,12:02:50,2,Tuesday,False,Flat white,340.0,340.0,card,2025-07-22 12:02:50,Afternoon
TX_0967,CUST_7310,2025-07-22,12:15:07,2,Tuesday,False,Latte,340.0,660.0,card,2025-07-22 12:15:07,Afternoon
TX_0967,CUST_7310,2025-07-22,12:15:07,2,Tuesday,False,Cappuccino,320.0,660.0,card,2025-07-22 12:15:07,Afternoon
TX_3440,CUST_3803,2025-07-22,12:18:00,2,Tuesday,False,Raf coffee,420.0,420.0,card,2025-07-22 12:18:00,Afternoon
TX_0858,CUST_4594,2025-07-22,12:38:27,2,Tuesday,False,Latte,340.0,340.0,card,2025-07-22 12:38:27,Afternoon
TX_2456,CUST_9623,2025-07-22,12:38:34,2,Tuesday,False,Raf coffee,420.0,420.0,card,2025-07-22 12:38:34,Afternoon
TX_0318,CUST_4815,2025-07-22,12:45:43,2,Tuesday,False,Espresso,230.0,230.0,card,2025-07-22 12:45:43,Afternoon
TX_0174,CUST_6310,2025-07-22,12:56:53,2,Tuesday,False,Batch brew,240.0,240.0,card,2025-07-22 12:56:53,Afternoon
TX_1315,CUST_6482,2025-07-22,13:07:07,2,Tuesday,False,Latte,340.0,340.0,card,2025-07-22 13:07:07,Afternoon
TX_1392,CUST_3240,2025-07-22,13:11:46,2,Tuesday,False,Cappuccino,320.0,640.0,card,2025-07-22 13:11:46,Afternoon
TX_1392,CUST_3240,2025-07-22,13:11:46,2,Tuesday,False,Cappuccino,320.0,640.0,card,2025-07-22 13:11:46,Afternoon
TX_1656,CUST_4185,2025-07-22,13:21:52,2,Tuesday,False,Latte,340.0,340.0,card,2025-07-22 13:21:52,Afternoon
TX_1702,CUST_6561,2025-07-22,13:26:22,2,Tuesday,False,Batch brew,240.0,240.0,cash,2025-07-22 13:26:22,Afternoon
TX_1073,CUST_3140,2025-07-22,13:44:45,2,Tuesday,False,Latte with add,440.0,440.0,card,2025-07-22 13:44:45,Afternoon
TX_2858,CUST_7960,2025-07-22,14:02:58,2,Tuesday,False,Espresso,230.0,470.0,cash,2025-07-22 14:02:58,Afternoon
TX_2858,CUST_7960,2025-07-22,14:02:58,2,Tuesday,False,Batch brew,240.0,470.0,cash,2025-07-22 14:02:58,Afternoon
TX_2581,CUST_1133,2025-07-22,14:04:35,2,Tuesday,False,Cappuccino,320.0,320.0,card,2025-07-22 14:04:35,Afternoon
TX_1258,CUST_6363,2025-07-22,14:04:37,2,Tuesday,False,Latte,340.0,340.0,cash,2025-07-22 14:04:37,Afternoon
TX_3016,CUST_8853,2025-07-22,14:16:58,2,Tuesday,False,Latte,340.0,340.0,card,2025-07-22 14:16:58,Afternoon
TX_0192,CUST_9697,2025-07-22,14:32:02,2,Tuesday,False,Cappuccino,320.0,320.0,card,2025-07-22 14:32:02,Afternoon
TX_3480,CUST_8830,2025-07-22,15:08:24,2,Tuesday,False,Latte with add,440.0,780.0,card,2025-07-22 15:08:24,Afternoon
TX_3480,CUST_8830,2025-07-22,15:08:24,2,Tuesday,False,Latte,340.0,780.0,card,2025-07-22 15:08:24,Afternoon
TX_2627,CUST_1414,2025-07-22,16:43:26,2,Tuesday,False,Latte,340.0,340.0,card,2025-07-22 16:43:26,Evening
TX_3117,CUST_6361,2025-07-22,17:34:08,2,Tuesday,False,Batch brew,240.0,720.0,card,2025-07-22 17:34:08,Evening
TX_3117,CUST_6361,2025-07-22,17:34:08,2,Tuesday,False,Batch brew,240.0,720.0,card,2025-07-22 17:34:08,Evening
TX_3117,CUST_6361,2025-07-22,17:34:08,2,Tuesday,False,Batch brew,240.0,720.0,card,2025-07-22 17:34:08,Evening
TX_3298,CUST_1025,2025-07-22,17:49:43,2,Tuesday,False,Batch brew,240.0,240.0,cash,2025-07-22 17:49:43,Evening
TX_2292,CUST_9967,2025-07-22,18:12:28,2,Tuesday,False,Batch brew,240.0,240.0,card,2025-07-22 18:12:28,Evening
TX_3235,CUST_9636,2025-07-22,18:53:18,2,Tuesday,False,Cappuccino,320.0,560.0,cash,2025-07-22 18:53:18,Evening
TX_3235,CUST_9636,2025-07-22,18:53:18,2,Tuesday,False,Batch brew,240.0,560.0,cash,2025-07-22 18:53:18,Evening
TX_1241,CUST_4250,2025-07-22,18:54:38,2,Tuesday,False,Latte,340.0,340.0,cash,2025-07-22 18:54:38,Evening
TX_1711,CUST_7642,2025-07-23,08:14:38,3,Wednesday,False,Batch brew,240.0,240.0,cash,2025-07-23 08:14:38,Morning
TX_2915,CUST_1744,2025-07-23,08:21:28,3,Wednesday,False,Latte with add,440.0,440.0,card,2025-07-23 08:21:28,Morning
TX_1053,CUST_1309,2025-07-23,08:33:35,3,Wednesday,False,Cappuccino,320.0,320.0,card,2025-07-23 08:33:35,Morning
TX_2370,CUST_1311,2025-07-23,08:33:47,3,Wednesday,False,Latte,340.0,340.0,cash,2025-07-23 08:33:47,Morning
TX_1527,CUST_9470,2025-07-23,08:48:59,3,Wednesday,False,Batch brew,240.0,660.0,card,2025-07-23 08:48:59,Morning
TX_1527,CUST_9470,2025-07-23,08:48:59,3,Wednesday,False,Raf coffee,420.0,660.0,card,2025-07-23 08:48:59,Morning
TX_0857,CUST_6285,2025-07-23,09:06:41,3,Wednesday,False,Flat white,340.0,340.0,card,2025-07-23 09:06:41,Morning
TX_2837,CUST_1237,2025-07-23,09:11:10,3,Wednesday,False,Cappuccino,320.0,320.0,cash,2025-07-23 09:11:10,Morning
TX_2810,CUST_6514,2025-07-23,09:11:54,3,Wednesday,False,Raf coffee,420.0,420.0,card,2025-07-23 09:11:54,Morning
TX_0941,CUST_3757,2025-07-23,09:34:45,3,Wednesday,False,Latte,340.0,580.0,card,2025-07-23 09:34:45,Morning
TX_0941,CUST_3757,2025-07-23,09:34:45,3,Wednesday,False,Batch brew,240.0,580.0,card,2025-07-23 09:34:45,Morning
TX_0242,CUST_7751,2025-07-23,09:46:01,3,Wednesday,False,Latte,340.0,340.0,card,2025-07-23 09:46:01,Morning
TX_3144,CUST_9072,2025-07-23,10:03:23,3,Wednesday,False,Batch brew,240.0,240.0,card,2025-07-23 10:03:23,Morning
TX_2434,CUST_3577,2025-07-23,10:05:33,3,Wednesday,False,Latte with add,440.0,880.0,card,2025-07-23 10:05:33,Morning
TX_2434,CUST_3577,2025-07-23,10:05:33,3,Wednesday,False,Latte with add,440.0,880.0,card,2025-07-23 10:05:33,Morning
TX_1869,CUST_7720,2025-07-23,10:06:14,3,Wednesday,False,Flat white,340.0,340.0,card,2025-07-23 10:06:14,Morning
TX_2715,CUST_6263,2025-07-23,10:56:51,3,Wednesday,False,Raf coffee,420.0,420.0,cash,2025-07-23 10:56:51,Morning
TX_0026,CUST_8356,2025-07-23,11:31:41,3,Wednesday,False,Batch brew,240.0,240.0,cash,2025-07-23 11:31:41,Afternoon
TX_3359,CUST_6998,2025-07-23,12:21:14,3,Wednesday,False,Latte,340.0,340.0,card,2025-07-23 12:21:14,Afternoon
TX_2793,CUST_2490,2025-07-23,12:35:45,3,Wednesday,False,Cappuccino,320.0,660.0,card,2025-07-23 12:35:45,Afternoon
TX_2793,CUST_2490,2025-07-23,12:35:45,3,Wednesday,False,Flat white,340.0,660.0,card,2025-07-23 12:35:45,Afternoon
TX_3093,CUST_8194,2025-07-23,13:10:06,3,Wednesday,False,Cappuccino,320.0,980.0,card,2025-07-23 13:10:06,Afternoon
TX_3093,CUST_8194,2025-07-23,13:10:06,3,Wednesday,False,Latte,340.0,980.0,card,2025-07-23 13:10:06,Afternoon
TX_3093,CUST_8194,2025-07-23,13:10:06,3,Wednesday,False,Cappuccino,320.0,980.0,card,2025-07-23 13:10:06,Afternoon
TX_3466,CUST_3696,2025-07-23,13:10:41,3,Wednesday,False,Latte,340.0,340.0,card,2025-07-23 13:10:41,Afternoon
TX_2991,CUST_4856,2025-07-23,13:17:59,3,Wednesday,False,Latte,340.0,340.0,card,2025-07-23 13:17:59,Afternoon
TX_2998,CUST_9877,2025-07-23,13:20:21,3,Wednesday,False,Latte,340.0,340.0,card,2025-07-23 13:20:21,Afternoon
TX_1884,CUST_7287,2025-07-23,13:32:45,3,Wednesday,False,Latte with add,440.0,440.0,card,2025-07-23 13:32:45,Afternoon
TX_0150,CUST_8163,2025-07-23,13:35:21,3,Wednesday,False,Cappuccino,320.0,900.0,cash,2025-07-23 13:35:21,Afternoon
TX_0150,CUST_8163,2025-07-23,13:35:21,3,Wednesday,False,Batch brew,240.0,900.0,cash,2025-07-23 13:35:21,Afternoon
TX_0150,CUST_8163,2025-07-23,13:35:21,3,Wednesday,False,Latte,340.0,900.0,cash,2025-07-23 13:35:21,Afternoon
TX_1312,CUST_5364,2025-07-23,13:41:18,3,Wednesday,False,Latte with add,440.0,780.0,card,2025-07-23 13:41:18,Afternoon
TX_1312,CUST_5364,2025-07-23,13:41:18,3,Wednesday,False,Latte,340.0,780.0,card,2025-07-23 13:41:18,Afternoon
TX_0012,CUST_3954,2025-07-23,13:41:36,3,Wednesday,False,Raf coffee,420.0,660.0,card,2025-07-23 13:41:36,Afternoon
TX_0012,CUST_3954,2025-07-23,13:41:36,3,Wednesday,False,Batch brew,240.0,660.0,card,2025-07-23 13:41:36,Afternoon
TX_0906,CUST_3999,2025-07-23,13:47:10,3,Wednesday,False,Cappuccino,320.0,320.0,cash,2025-07-23 13:47:10,Afternoon
TX_2600,CUST_1343,2025-07-23,13:55:27,3,Wednesday,False,Latte,340.0,340.0,card,2025-07-23 13:55:27,Afternoon
TX_1485,CUST_9140,2025-07-23,14:02:29,3,Wednesday,False,Flat white,340.0,920.0,card,2025-07-23 14:02:29,Afternoon
TX_1485,CUST_9140,2025-07-23,14:02:29,3,Wednesday,False,Batch brew,240.0,920.0,card,2025-07-23 14:02:29,Afternoon
TX_1485,CUST_9140,2025-07-23,14:02:29,3,Wednesday,False,Latte,340.0,920.0,card,2025-07-23 14:02:29,Afternoon
TX_0540,CUST_2637,2025-07-23,18:41:21,3,Wednesday,False,Cappuccino,320.0,320.0,cash,2025-07-23 18:41:21,Evening
TX_0350,CUST_6583,2025-07-24,08:06:55,4,Thursday,False,Batch brew,240.0,240.0,card,2025-07-24 08:06:55,Morning
TX_0649,CUST_9144,2025-07-24,08:23:24,4,Thursday,False,Batch brew,240.0,240.0,card,2025-07-24 08:23:24,Morning
TX_1737,CUST_3761,2025-07-24,08:32:35,4,Thursday,False,Batch brew,240.0,240.0,cash,2025-07-24 08:32:35,Morning
TX_0905,CUST_1056,2025-07-24,08:44:17,4,Thursday,False,Cappuccino,320.0,640.0,cash,2025-07-24 08:44:17,Morning
TX_0905,CUST_1056,2025-07-24,08:44:17,4,Thursday,False,Cappuccino,320.0,640.0,cash,2025-07-24 08:44:17,Morning
TX_2761,CUST_6598,2025-07-24,09:09:17,4,Thursday,False,Batch brew,240.0,240.0,cash,2025-07-24 09:09:17,Morning
TX_2934,CUST_1930,2025-07-24,09:11:21,4,Thursday,False,Latte,340.0,660.0,card,2025-07-24 09:11:21,Morning
TX_2934,CUST_1930,2025-07-24,09:11:21,4,Thursday,False,Cappuccino,320.0,660.0,card,2025-07-24 09:11:21,Morning
TX_2630,CUST_6671,2025-07-24,09:13:40,4,Thursday,False,Cappuccino,320.0,320.0,cash,2025-07-24 09:13:40,Morning
TX_3268,CUST_7225,2025-07-24,09:16:27,4,Thursday,False,Cappuccino,320.0,760.0,card,2025-07-24 09:16:27,Morning
TX_3268,CUST_7225,2025-07-24,09:16:27,4,Thursday,False,Latte with add,440.0,760.0,card,2025-07-24 09:16:27,Morning
TX_1491,CUST_8178,2025-07-24,10:01:01,4,Thursday,False,Raf coffee,420.0,420.0,card,2025-07-24 10:01:01,Morning
TX_1214,CUST_1428,2025-07-24,10:01:45,4,Thursday,False,Cappuccino,320.0,560.0,cash,2025-07-24 10:01:45,Morning
TX_1214,CUST_1428,2025-07-24,10:01:45,4,Thursday,False,Batch brew,240.0,560.0,cash,2025-07-24 10:01:45,Morning
TX_3059,CUST_1686,2025-07-24,10:11:58,4,Thursday,False,Cappuccino,320.0,560.0,cash,2025-07-24 10:11:58,Morning
TX_3059,CUST_1686,2025-07-24,10:11:58,4,Thursday,False,Batch brew,240.0,560.0,cash,2025-07-24 10:11:58,Morning
TX_3236,CUST_2959,2025-07-24,10:12:37,4,Thursday,False,Batch brew,240.0,240.0,card,2025-07-24 10:12:37,Morning
TX_3220,CUST_8757,2025-07-24,10:13:14,4,Thursday,False,Cappuccino,320.0,320.0,card,2025-07-24 10:13:14,Morning
TX_3501,CUST_5877,2025-07-24,10:40:00,4,Thursday,False,Latte with add,440.0,780.0,card,2025-07-24 10:40:00,Morning
TX_3501,CUST_5877,2025-07-24,10:40:00,4,Thursday,False,Flat white,340.0,780.0,card,2025-07-24 10:40:00,Morning
TX_1379,CUST_9937,2025-07-24,11:00:19,4,Thursday,False,Latte,340.0,340.0,card,2025-07-24 11:00:19,Afternoon
TX_1101,CUST_7409,2025-07-24,12:11:20,4,Thursday,False,Cappuccino,320.0,320.0,card,2025-07-24 12:11:20,Afternoon
TX_3199,CUST_7747,2025-07-24,12:15:03,4,Thursday,False,Latte with add,440.0,440.0,cash,2025-07-24 12:15:03,Afternoon
TX_0197,CUST_3964,2025-07-24,12:31:19,4,Thursday,False,Latte with add,440.0,440.0,card,2025-07-24 12:31:19,Afternoon
TX_2181,CUST_6122,2025-07-24,12:46:40,4,Thursday,False,Latte,340.0,340.0,card,2025-07-24 12:46:40,Afternoon
TX_2614,CUST_2916,2025-07-24,12:47:24,4,Thursday,False,Cappuccino,320.0,320.0,card,2025-07-24 12:47:24,Afternoon
TX_3041,CUST_5176,2025-07-24,12:50:27,4,Thursday,False,Latte with add,440.0,680.0,card,2025-07-24 12:50:27,Afternoon
TX_3041,CUST_5176,2025-07-24,12:50:27,4,Thursday,False,Batch brew,240.0,680.0,card,2025-07-24 12:50:27,Afternoon
TX_2115,CUST_1145,2025-07-24,13:27:40,4,Thursday,False,Cappuccino,320.0,320.0,card,2025-07-24 13:27:40,Afternoon
TX_0001,CUST_9523,2025-07-24,13:33:29,4,Thursday,False,Cappuccino,320.0,320.0,card,2025-07-24 13:33:29,Afternoon
TX_1885,CUST_5071,2025-07-24,13:41:27,4,Thursday,False,Batch brew,240.0,240.0,cash,2025-07-24 13:41:27,Afternoon
TX_0882,CUST_4951,2025-07-24,13:58:17,4,Thursday,False,Cappuccino,320.0,760.0,card,2025-07-24 13:58:17,Afternoon
TX_0882,CUST_4951,2025-07-24,13:58:17,4,Thursday,False,Latte with add,440.0,760.0,card,2025-07-24 13:58:17,Afternoon
TX_3106,CUST_7002,2025-07-24,13:58:45,4,Thursday,False,Cappuccino,320.0,660.0,card,2025-07-24 13:58:45,Afternoon
TX_3106,CUST_7002,2025-07-24,13:58:45,4,Thursday,False,Latte,340.0,660.0,card,2025-07-24 13:58:45,Afternoon
TX_0532,CUST_7796,2025-07-24,14:03:49,4,Thursday,False,Warming drinks (tea),400.0,1040.0,cash,2025-07-24 14:03:49,Afternoon
TX_0532,CUST_7796,2025-07-24,14:03:49,4,Thursday,False,Batch brew,240.0,1040.0,cash,2025-07-24 14:03:49,Afternoon
TX_0532,CUST_7796,2025-07-24,14:03:49,4,Thursday,False,Warming drinks (tea),400.0,1040.0,cash,2025-07-24 14:03:49,Afternoon
TX_3354,CUST_2891,2025-07-24,14:09:28,4,Thursday,False,Latte with add,440.0,440.0,cash,2025-07-24 14:09:28,Afternoon
TX_2310,CUST_5823,2025-07-24,14:33:36,4,Thursday,False,Latte,340.0,580.0,card,2025-07-24 14:33:36,Afternoon
TX_2310,CUST_5823,2025-07-24,14:33:36,4,Thursday,False,Batch brew,240.0,580.0,card,2025-07-24 14:33:36,Afternoon
TX_2219,CUST_4812,2025-07-24,14:53:54,4,Thursday,False,Latte,340.0,340.0,card,2025-07-24 14:53:54,Afternoon
TX_0229,CUST_2632,2025-07-24,14:57:17,4,Thursday,False,Cappuccino,320.0,660.0,card,2025-07-24 14:57:17,Afternoon
TX_0229,CUST_2632,2025-07-24,14:57:17,4,Thursday,False,Latte,340.0,660.0,card,2025-07-24 14:57:17,Afternoon
TX_0284,CUST_8988,2025-07-24,15:32:17,4,Thursday,False,Cappuccino,320.0,320.0,card,2025-07-24 15:32:17,Afternoon
TX_1285,CUST_8676,2025-07-24,17:42:10,4,Thursday,False,Latte with add,440.0,440.0,cash,2025-07-24 17:42:10,Evening
TX_2537,CUST_4262,2025-07-24,18:06:39,4,Thursday,False,Latte with add,440.0,840.0,card,2025-07-24 18:06:39,Evening
TX_2537,CUST_4262,2025-07-24,18:06:39,4,Thursday,False,Warming drinks (tea),400.0,840.0,card,2025-07-24 18:06:39,Evening
TX_1627,CUST_9738,2025-07-24,18:12:21,4,Thursday,False,Batch brew,240.0,240.0,cash,2025-07-24 18:12:21,Evening
TX_2344,CUST_1281,2025-07-24,18:41:57,4,Thursday,False,Latte with add,440.0,440.0,card,2025-07-24 18:41:57,Evening
TX_3444,CUST_3885,2025-07-25,08:00:20,5,Friday,False,Cappuccino,320.0,320.0,card,2025-07-25 08:00:20,Morning
TX_1503,CUST_6754,2025-07-25,08:03:29,5,Friday,False,Batch brew,240.0,240.0,cash,2025-07-25 08:03:29,Morning
TX_1009,CUST_6296,2025-07-25,08:26:21,5,Friday,False,Flat white,340.0,340.0,cash,2025-07-25 08:26:21,Morning
TX_0577,CUST_7968,2025-07-25,09:15:24,5,Friday,False,Batch brew,240.0,480.0,card,2025-07-25 09:15:24,Morning
TX_0577,CUST_7968,2025-07-25,09:15:24,5,Friday,False,Batch brew,240.0,480.0,card,2025-07-25 09:15:24,Morning
TX_0646,CUST_2588,2025-07-25,09:35:12,5,Friday,False,Latte,340.0,340.0,card,2025-07-25 09:35:12,Morning
TX_1892,CUST_7331,2025-07-25,09:37:22,5,Friday,False,Cappuccino,320.0,1080.0,cash,2025-07-25 09:37:22,Morning
TX_1892,CUST_7331,2025-07-25,09:37:22,5,Friday,False,Latte with add,440.0,1080.0,cash,2025-07-25 09:37:22,Morning
TX_1892,CUST_7331,2025-07-25,09:37:22,5,Friday,False,Cappuccino,320.0,1080.0,cash,2025-07-25 09:37:22,Morning
TX_1288,CUST_8981,2025-07-25,09:37:35,5,Friday,False,Warming drinks (tea),400.0,640.0,card,2025-07-25 09:37:35,Morning
TX_1288,CUST_8981,2025-07-25,09:37:35,5,Friday,False,Batch brew,240.0,640.0,card,2025-07-25 09:37:35,Morning
TX_1700,CUST_9224,2025-07-25,09:38:43,5,Friday,False,Latte,340.0,580.0,card,2025-07-25 09:38:43,Morning
TX_1700,CUST_9224,2025-07-25,09:38:43,5,Friday,False,Batch brew,240.0,580.0,card,2025-07-25 09:38:43,Morning
TX_2772,CUST_9839,2025-07-25,09:42:20,5,Friday,False,Latte,340.0,340.0,card,2025-07-25 09:42:20,Morning
TX_3135,CUST_4386,2025-07-25,09:46:27,5,Friday,False,Raf coffee,420.0,420.0,cash,2025-07-25 09:46:27,Morning
TX_2004,CUST_2579,2025-07-25,09:52:14,5,Friday,False,Latte,340.0,340.0,cash,2025-07-25 09:52:14,Morning
TX_2385,CUST_8091,2025-07-25,10:33:10,5,Friday,False,Latte with add,440.0,440.0,card,2025-07-25 10:33:10,Morning
TX_2865,CUST_7929,2025-07-25,11:52:34,5,Friday,False,Latte with add,440.0,440.0,card,2025-07-25 11:52:34,Afternoon
TX_3485,CUST_5919,2025-07-25,12:26:17,5,Friday,False,Batch brew,240.0,560.0,cash,2025-07-25 12:26:17,Afternoon
TX_3485,CUST_5919,2025-07-25,12:26:17,5,Friday,False,Cappuccino,320.0,560.0,cash,2025-07-25 12:26:17,Afternoon
TX_0181,CUST_9838,2025-07-25,12:34:26,5,Friday,False,Cappuccino,320.0,1080.0,cash,2025-07-25 12:34:26,Afternoon
TX_0181,CUST_9838,2025-07-25,12:34:26,5,Friday,False,Raf coffee,420.0,1080.0,cash,2025-07-25 12:34:26,Afternoon
TX_0181,CUST_9838,2025-07-25,12:34:26,5,Friday,False,Flat white,340.0,1080.0,cash,2025-07-25 12:34:26,Afternoon
TX_2603,CUST_7754,2025-07-25,12:35:52,5,Friday,False,Latte,340.0,1000.0,card,2025-07-25 12:35:52,Afternoon
TX_2603,CUST_7754,2025-07-25,12:35:52,5,Friday,False,Latte,340.0,1000.0,card,2025-07-25 12:35:52,Afternoon
TX_2603,CUST_7754,2025-07-25,12:35:52,5,Friday,False,Cappuccino,320.0,1000.0,card,2025-07-25 12:35:52,Afternoon
TX_1169,CUST_1192,2025-07-25,13:00:25,5,Friday,False,Latte,340.0,340.0,card,2025-07-25 13:00:25,Afternoon
TX_0139,CUST_2366,2025-07-25,13:03:21,5,Friday,False,Raf coffee,420.0,420.0,cash,2025-07-25 13:03:21,Afternoon
TX_2575,CUST_6851,2025-07-25,13:09:47,5,Friday,False,Cappuccino,320.0,320.0,cash,2025-07-25 13:09:47,Afternoon
TX_2097,CUST_5949,2025-07-25,13:15:41,5,Friday,False,Latte,340.0,340.0,cash,2025-07-25 13:15:41,Afternoon
TX_0277,CUST_6012,2025-07-25,13:23:15,5,Friday,False,Batch brew,240.0,660.0,card,2025-07-25 13:23:15,Afternoon
TX_0277,CUST_6012,2025-07-25,13:23:15,5,Friday,False,Raf coffee,420.0,660.0,card,2025-07-25 13:23:15,Afternoon
TX_0121,CUST_6743,2025-07-25,13:26:26,5,Friday,False,Latte,340.0,660.0,card,2025-07-25 13:26:26,Afternoon
TX_0121,CUST_6743,2025-07-25,13:26:26,5,Friday,False,Cappuccino,320.0,660.0,card,2025-07-25 13:26:26,Afternoon
TX_1743,CUST_3498,2025-07-25,13:35:05,5,Friday,False,Batch brew,240.0,240.0,cash,2025-07-25 13:35:05,Afternoon
TX_0620,CUST_7662,2025-07-25,13:36:37,5,Friday,False,Latte,340.0,340.0,cash,2025-07-25 13:36:37,Afternoon
TX_2660,CUST_9723,2025-07-25,13:40:09,5,Friday,False,Latte with add,440.0,780.0,card,2025-07-25 13:40:09,Afternoon
TX_2660,CUST_9723,2025-07-25,13:40:09,5,Friday,False,Latte,340.0,780.0,card,2025-07-25 13:40:09,Afternoon
TX_0248,CUST_4371,2025-07-25,13:44:33,5,Friday,False,Cappuccino,320.0,320.0,card,2025-07-25 13:44:33,Afternoon
TX_3500,CUST_1572,2025-07-25,13:45:43,5,Friday,False,Latte,340.0,340.0,card,2025-07-25 13:45:43,Afternoon
TX_0068,CUST_8930,2025-07-25,13:55:37,5,Friday,False,Flat white,340.0,340.0,cash,2025-07-25 13:55:37,Afternoon
TX_0396,CUST_3896,2025-07-25,13:58:57,5,Friday,False,Batch brew,240.0,240.0,card,2025-07-25 13:58:57,Afternoon
TX_2931,CUST_9766,2025-07-25,14:16:22,5,Friday,False,Cappuccino,320.0,320.0,card,2025-07-25 14:16:22,Afternoon
TX_2070,CUST_9263,2025-07-25,14:25:22,5,Friday,False,Batch brew,240.0,1000.0,card,2025-07-25 14:25:22,Afternoon
TX_2070,CUST_9263,2025-07-25,14:25:22,5,Friday,False,Latte with add,440.0,1000.0,card,2025-07-25 14:25:22,Afternoon
TX_2070,CUST_9263,2025-07-25,14:25:22,5,Friday,False,Cappuccino,320.0,1000.0,card,2025-07-25 14:25:22,Afternoon
TX_0956,CUST_2908,2025-07-25,14:39:00,5,Friday,False,Cappuccino,320.0,320.0,card,2025-07-25 14:39:00,Afternoon
TX_2873,CUST_6544,2025-07-25,14:52:34,5,Friday,False,Batch brew,240.0,240.0,card,2025-07-25 14:52:34,Afternoon
TX_2918,CUST_4333,2025-07-25,15:19:06,5,Friday,False,Flat white,340.0,1020.0,card,2025-07-25 15:19:06,Afternoon
TX_2918,CUST_4333,2025-07-25,15:19:06,5,Friday,False,Latte with add,440.0,1020.0,card,2025-07-25 15:19:06,Afternoon
TX_2918,CUST_4333,2025-07-25,15:19:06,5,Friday,False,Batch brew,240.0,1020.0,card,2025-07-25 15:19:06,Afternoon
TX_0232,CUST_9089,2025-07-25,19:46:34,5,Friday,False,Batch brew,240.0,240.0,card,2025-07-25 19:46:34,Evening
TX_3250,CUST_8959,2025-07-26,08:19:12,6,Saturday,True,Cappuccino,320.0,320.0,card,2025-07-26 08:19:12,Morning
TX_1756,CUST_8852,2025-07-26,08:26:21,6,Saturday,True,Latte with add,440.0,1020.0,cash,2025-07-26 08:26:21,Morning
TX_1756,CUST_8852,2025-07-26,08:26:21,6,Saturday,True,Flat white,340.0,1020.0,cash,2025-07-26 08:26:21,Morning
TX_1756,CUST_8852,2025-07-26,08:26:21,6,Saturday,True,Batch brew,240.0,1020.0,cash,2025-07-26 08:26:21,Morning
TX_2667,CUST_7913,2025-07-26,08:42:12,6,Saturday,True,Cappuccino,320.0,320.0,card,2025-07-26 08:42:12,Morning
TX_1251,CUST_4809,2025-07-26,08:58:30,6,Saturday,True,Latte with add,440.0,440.0,cash,2025-07-26 08:58:30,Morning
TX_1738,CUST_8819,2025-07-26,09:09:31,6,Saturday,True,Latte,340.0,340.0,cash,2025-07-26 09:09:31,Morning
TX_0726,CUST_6625,2025-07-26,09:17:19,6,Saturday,True,Espresso,230.0,230.0,cash,2025-07-26 09:17:19,Morning
TX_1157,CUST_1003,2025-07-26,09:19:32,6,Saturday,True,Espresso,230.0,230.0,card,2025-07-26 09:19:32,Morning
TX_2897,CUST_4376,2025-07-26,09:32:06,6,Saturday,True,Batch brew,240.0,240.0,card,2025-07-26 09:32:06,Morning
TX_0177,CUST_6991,2025-07-26,10:02:34,6,Saturday,True,Cappuccino,320.0,320.0,cash,2025-07-26 10:02:34,Morning
TX_2201,CUST_3329,2025-07-26,10:07:48,6,Saturday,True,Batch brew,240.0,240.0,card,2025-07-26 10:07:48,Morning
TX_1074,CUST_4673,2025-07-26,10:40:18,6,Saturday,True,Raf coffee,420.0,1140.0,cash,2025-07-26 10:40:18,Morning
TX_1074,CUST_4673,2025-07-26,10:40:18,6,Saturday,True,Cappuccino,320.0,1140.0,cash,2025-07-26 10:40:18,Morning
TX_1074,CUST_4673,2025-07-26,10:40:18,6,Saturday,True,Warming drinks (tea),400.0,1140.0,cash,2025-07-26 10:40:18,Morning
TX_3368,CUST_1914,2025-07-26,10:41:50,6,Saturday,True,Cappuccino,320.0,720.0,card,2025-07-26 10:41:50,Morning
TX_3368,CUST_1914,2025-07-26,10:41:50,6,Saturday,True,Warming drinks (tea),400.0,720.0,card,2025-07-26 10:41:50,Morning
TX_1406,CUST_6336,2025-07-26,12:04:35,6,Saturday,True,Warming drinks (tea),400.0,400.0,card,2025-07-26 12:04:35,Afternoon
TX_1509,CUST_6271,2025-07-26,12:51:42,6,Saturday,True,Cappuccino,320.0,640.0,cash,2025-07-26 12:51:42,Afternoon
TX_1509,CUST_6271,2025-07-26,12:51:42,6,Saturday,True,Cappuccino,320.0,640.0,cash,2025-07-26 12:51:42,Afternoon
TX_0751,CUST_1301,2025-07-26,12:53:25,6,Saturday,True,Cappuccino,320.0,320.0,cash,2025-07-26 12:53:25,Afternoon
TX_2717,CUST_1420,2025-07-26,12:53:40,6,Saturday,True,Raf coffee,420.0,420.0,card,2025-07-26 12:53:40,Afternoon
TX_0446,CUST_1378,2025-07-26,12:58:38,6,Saturday,True,Warming drinks (tea),400.0,400.0,card,2025-07-26 12:58:38,Afternoon
TX_1839,CUST_8613,2025-07-26,13:01:35,6,Saturday,True,Latte,340.0,340.0,cash,2025-07-26 13:01:35,Afternoon
TX_0141,CUST_2202,2025-07-26,13:09:01,6,Saturday,True,Batch brew,240.0,240.0,card,2025-07-26 13:09:01,Afternoon
TX_0076,CUST_5225,2025-07-26,13:16:21,6,Saturday,True,Cappuccino,320.0,760.0,card,2025-07-26 13:16:21,Afternoon
TX_0076,CUST_5225,2025-07-26,13:16:21,6,Saturday,True,Latte with add,440.0,760.0,card,2025-07-26 13:16:21,Afternoon
TX_1989,CUST_3527,2025-07-26,13:17:38,6,Saturday,True,Flat white,340.0,340.0,card,2025-07-26 13:17:38,Afternoon
TX_0090,CUST_5977,2025-07-26,13:20:56,6,Saturday,True,Latte with add,440.0,440.0,card,2025-07-26 13:20:56,Afternoon
TX_0548,CUST_9929,2025-07-26,13:24:39,6,Saturday,True,Warming drinks (tea),400.0,400.0,cash,2025-07-26 13:24:39,Afternoon
TX_1336,CUST_2472,2025-07-26,13:36:33,6,Saturday,True,Espresso,230.0,230.0,card,2025-07-26 13:36:33,Afternoon
TX_3436,CUST_3404,2025-07-26,13:37:14,6,Saturday,True,Latte with add,440.0,1120.0,card,2025-07-26 13:37:14,Afternoon
TX_3436,CUST_3404,2025-07-26,13:37:14,6,Saturday,True,Latte,340.0,1120.0,card,2025-07-26 13:37:14,Afternoon
TX_3436,CUST_3404,2025-07-26,13:37:14,6,Saturday,True,Latte,340.0,1120.0,card,2025-07-26 13:37:14,Afternoon
TX_1277,CUST_8514,2025-07-26,13:42:46,6,Saturday,True,Latte,340.0,340.0,card,2025-07-26 13:42:46,Afternoon
TX_1003,CUST_8394,2025-07-26,14:00:24,6,Saturday,True,Latte with add,440.0,440.0,cash,2025-07-26 14:00:24,Afternoon
TX_1162,CUST_5716,2025-07-26,14:07:55,6,Saturday,True,Warming drinks (tea),400.0,740.0,cash,2025-07-26 14:07:55,Afternoon
TX_1162,CUST_5716,2025-07-26,14:07:55,6,Saturday,True,Flat white,340.0,740.0,cash,2025-07-26 14:07:55,Afternoon
TX_2415,CUST_5866,2025-07-26,14:09:54,6,Saturday,True,Warming drinks (tea),400.0,400.0,card,2025-07-26 14:09:54,Afternoon
TX_3222,CUST_9975,2025-07-26,14:11:18,6,Saturday,True,Warming drinks (tea),400.0,400.0,card,2025-07-26 14:11:18,Afternoon
TX_0381,CUST_6059,2025-07-26,14:12:23,6,Saturday,True,Latte,340.0,660.0,cash,2025-07-26 14:12:23,Afternoon
TX_0381,CUST_6059,2025-07-26,14:12:23,6,Saturday,True,Cappuccino,320.0,660.0,cash,2025-07-26 14:12:23,Afternoon
TX_0728,CUST_1992,2025-07-26,14:14:47,6,Saturday,True,Cappuccino,320.0,320.0,cash,2025-07-26 14:14:47,Afternoon
TX_1447,CUST_6118,2025-07-26,14:25:55,6,Saturday,True,Batch brew,240.0,240.0,cash,2025-07-26 14:25:55,Afternoon
TX_3013,CUST_4155,2025-07-26,14:55:40,6,Saturday,True,Warming drinks (tea),400.0,400.0,card,2025-07-26 14:55:40,Afternoon
TX_0876,CUST_8375,2025-07-26,15:11:56,6,Saturday,True,Latte with add,440.0,860.0,card,2025-07-26 15:11:56,Afternoon
TX_0876,CUST_8375,2025-07-26,15:11:56,6,Saturday,True,Raf coffee,420.0,860.0,card,2025-07-26 15:11:56,Afternoon
TX_2319,CUST_8189,2025-07-26,15:50:27,6,Saturday,True,Batch brew,240.0,900.0,card,2025-07-26 15:50:27,Afternoon
TX_2319,CUST_8189,2025-07-26,15:50:27,6,Saturday,True,Latte,340.0,900.0,card,2025-07-26 15:50:27,Afternoon
TX_2319,CUST_8189,2025-07-26,15:50:27,6,Saturday,True,Cappuccino,320.0,900.0,card,2025-07-26 15:50:27,Afternoon
TX_2975,CUST_9283,2025-07-26,16:00:59,6,Saturday,True,Batch brew,240.0,240.0,card,2025-07-26 16:00:59,Evening
TX_1916,CUST_5948,2025-07-26,17:05:01,6,Saturday,True,Batch brew,240.0,240.0,card,2025-07-26 17:05:01,Evening
TX_1291,CUST_4236,2025-07-26,17:25:02,6,Saturday,True,Batch brew,240.0,240.0,card,2025-07-26 17:25:02,Evening
TX_1722,CUST_1422,2025-07-26,18:14:04,6,Saturday,True,Cappuccino,320.0,640.0,card,2025-07-26 18:14:04,Evening
TX_1722,CUST_1422,2025-07-26,18:14:04,6,Saturday,True,Cappuccino,320.0,640.0,card,2025-07-26 18:14:04,Evening
TX_2893,CUST_3627,2025-07-26,18:14:45,6,Saturday,True,Latte with add,440.0,440.0,card,2025-07-26 18:14:45,Evening
TX_3380,CUST_7552,2025-07-26,18:42:30,6,Saturday,True,Cappuccino,320.0,640.0,cash,2025-07-26 18:42:30,Evening
TX_3380,CUST_7552,2025-07-26,18:42:30,6,Saturday,True,Cappuccino,320.0,640.0,cash,2025-07-26 18:42:30,Evening
TX_0756,CUST_8907,2025-07-26,18:50:22,6,Saturday,True,Latte with add,440.0,440.0,card,2025-07-26 18:50:22,Evening
TX_3542,CUST_6349,2025-07-27,08:03:53,7,Sunday,True,Latte with add,440.0,880.0,cash,2025-07-27 08:03:53,Morning
TX_3542,CUST_6349,2025-07-27,08:03:53,7,Sunday,True,Latte with add,440.0,880.0,cash,2025-07-27 08:03:53,Morning
TX_3128,CUST_7855,2025-07-27,08:42:22,7,Sunday,True,Latte with add,440.0,440.0,cash,2025-07-27 08:42:22,Morning
TX_0335,CUST_6533,2025-07-27,09:19:39,7,Sunday,True,Latte,340.0,340.0,card,2025-07-27 09:19:39,Morning
TX_3388,CUST_7899,2025-07-27,09:30:15,7,Sunday,True,Cappuccino,320.0,320.0,card,2025-07-27 09:30:15,Morning
TX_1712,CUST_1083,2025-07-27,09:49:16,7,Sunday,True,Flat white,340.0,340.0,cash,2025-07-27 09:49:16,Morning
TX_2476,CUST_5840,2025-07-27,10:10:10,7,Sunday,True,Latte,340.0,580.0,card,2025-07-27 10:10:10,Morning
TX_2476,CUST_5840,2025-07-27,10:10:10,7,Sunday,True,Batch brew,240.0,580.0,card,2025-07-27 10:10:10,Morning
TX_0073,CUST_7539,2025-07-27,11:58:19,7,Sunday,True,Latte,340.0,340.0,card,2025-07-27 11:58:19,Afternoon
TX_3361,CUST_6200,2025-07-27,12:40:37,7,Sunday,True,Batch brew,240.0,240.0,card,2025-07-27 12:40:37,Afternoon
TX_2993,CUST_2776,2025-07-27,12:47:27,7,Sunday,True,Latte,340.0,660.0,card,2025-07-27 12:47:27,Afternoon
TX_2993,CUST_2776,2025-07-27,12:47:27,7,Sunday,True,Cappuccino,320.0,660.0,card,2025-07-27 12:47:27,Afternoon
TX_3127,CUST_2242,2025-07-27,12:55:28,7,Sunday,True,Cappuccino,320.0,320.0,card,2025-07-27 12:55:28,Afternoon
TX_2835,CUST_1528,2025-07-27,12:59:15,7,Sunday,True,Latte with add,440.0,440.0,cash,2025-07-27 12:59:15,Afternoon
TX_1689,CUST_9313,2025-07-27,13:01:21,7,Sunday,True,Cappuccino,320.0,320.0,cash,2025-07-27 13:01:21,Afternoon
TX_1439,CUST_2592,2025-07-27,13:06:57,7,Sunday,True,Cappuccino,320.0,320.0,cash,2025-07-27 13:06:57,Afternoon
TX_1223,CUST_8775,2025-07-27,13:08:12,7,Sunday,True,Batch brew,240.0,240.0,cash,2025-07-27 13:08:12,Afternoon
TX_0114,CUST_3509,2025-07-27,13:08:50,7,Sunday,True,Batch brew,240.0,240.0,card,2025-07-27 13:08:50,Afternoon
TX_1965,CUST_2825,2025-07-27,13:23:03,7,Sunday,True,Latte,340.0,340.0,card,2025-07-27 13:23:03,Afternoon
TX_2432,CUST_9457,2025-07-27,13:24:16,7,Sunday,True,Latte with add,440.0,1220.0,card,2025-07-27 13:24:16,Afternoon
TX_2432,CUST_9457,2025-07-27,13:24:16,7,Sunday,True,Latte with add,440.0,1220.0,card,2025-07-27 13:24:16,Afternoon
TX_2432,CUST_9457,2025-07-27,13:24:16,7,Sunday,True,Flat white,340.0,1220.0,card,2025-07-27 13:24:16,Afternoon
TX_0453,CUST_5686,2025-07-27,13:40:24,7,Sunday,True,Latte,340.0,340.0,card,2025-07-27 13:40:24,Afternoon
TX_2633,CUST_1423,2025-07-27,13:40:40,7,Sunday,True,Latte with add,440.0,440.0,card,2025-07-27 13:40:40,Afternoon
TX_1771,CUST_7992,2025-07-27,13:40:46,7,Sunday,True,Cappuccino,320.0,320.0,card,2025-07-27 13:40:46,Afternoon
TX_0505,CUST_2072,2025-07-27,13:56:20,7,Sunday,True,Cappuccino,320.0,320.0,card,2025-07-27 13:56:20,Afternoon
TX_0963,CUST_3521,2025-07-27,13:56:50,7,Sunday,True,Latte,340.0,580.0,card,2025-07-27 13:56:50,Afternoon
TX_0963,CUST_3521,2025-07-27,13:56:50,7,Sunday,True,Batch brew,240.0,580.0,card,2025-07-27 13:56:50,Afternoon
TX_3063,CUST_8640,2025-07-27,14:01:49,7,Sunday,True,Raf coffee,420.0,760.0,card,2025-07-27 14:01:49,Afternoon
TX_3063,CUST_8640,2025-07-27,14:01:49,7,Sunday,True,Flat white,340.0,760.0,card,2025-07-27 14:01:49,Afternoon
TX_1050,CUST_3057,2025-07-27,14:05:53,7,Sunday,True,Raf coffee,420.0,760.0,card,2025-07-27 14:05:53,Afternoon
TX_1050,CUST_3057,2025-07-27,14:05:53,7,Sunday,True,Flat white,340.0,760.0,card,2025-07-27 14:05:53,Afternoon
TX_1344,CUST_2960,2025-07-27,14:06:47,7,Sunday,True,Raf coffee,420.0,420.0,card,2025-07-27 14:06:47,Afternoon
TX_1706,CUST_2476,2025-07-27,14:07:41,7,Sunday,True,Cappuccino,320.0,320.0,card,2025-07-27 14:07:41,Afternoon
TX_0426,CUST_1343,2025-07-27,14:09:56,7,Sunday,True,Raf coffee,420.0,420.0,cash,2025-07-27 14:09:56,Afternoon
TX_2339,CUST_6199,2025-07-27,14:26:43,7,Sunday,True,Cappuccino,320.0,320.0,card,2025-07-27 14:26:43,Afternoon
TX_1830,CUST_9193,2025-07-27,14:45:33,7,Sunday,True,Latte,340.0,340.0,card,2025-07-27 14:45:33,Afternoon
TX_1488,CUST_4064,2025-07-27,14:47:34,7,Sunday,True,Flat white,340.0,780.0,card,2025-07-27 14:47:34,Afternoon
TX_1488,CUST_4064,2025-07-27,14:47:34,7,Sunday,True,Latte with add,440.0,780.0,card,2025-07-27 14:47:34,Afternoon
TX_2099,CUST_2751,2025-07-27,16:51:01,7,Sunday,True,Batch brew,240.0,240.0,card,2025-07-27 16:51:01,Evening
TX_2529,CUST_6201,2025-07-27,18:13:20,7,Sunday,True,Cappuccino,320.0,320.0,card,2025-07-27 18:13:20,Evening
TX_1459,CUST_3217,2025-07-27,18:14:27,7,Sunday,True,Latte,340.0,340.0,cash,2025-07-27 18:14:27,Evening
TX_0179,CUST_2111,2025-07-27,18:20:36,7,Sunday,True,Latte,340.0,340.0,card,2025-07-27 18:20:36,Evening
TX_1986,CUST_5375,2025-07-27,19:47:06,7,Sunday,True,Batch brew,240.0,240.0,card,2025-07-27 19:47:06,Evening
TX_3512,CUST_6705,2025-07-27,19:55:49,7,Sunday,True,Espresso,230.0,230.0,cash,2025-07-27 19:55:49,Evening
TX_1024,CUST_7925,2025-07-28,08:35:51,1,Monday,False,Batch brew,240.0,240.0,card,2025-07-28 08:35:51,Morning
TX_2687,CUST_8202,2025-07-28,08:40:35,1,Monday,False,Raf coffee,420.0,740.0,card,2025-07-28 08:40:35,Morning
TX_2687,CUST_8202,2025-07-28,08:40:35,1,Monday,False,Cappuccino,320.0,740.0,card,2025-07-28 08:40:35,Morning
TX_2961,CUST_3946,2025-07-28,08:48:18,1,Monday,False,Flat white,340.0,340.0,cash,2025-07-28 08:48:18,Morning
TX_1556,CUST_8572,2025-07-28,09:08:03,1,Monday,False,Latte,340.0,340.0,card,2025-07-28 09:08:03,Morning
TX_0517,CUST_6289,2025-07-28,09:08:36,1,Monday,False,Raf coffee,420.0,420.0,cash,2025-07-28 09:08:36,Morning
TX_1971,CUST_4072,2025-07-28,10:39:13,1,Monday,False,Latte with add,440.0,440.0,card,2025-07-28 10:39:13,Morning
TX_3231,CUST_4976,2025-07-28,11:00:15,1,Monday,False,Latte,340.0,580.0,cash,2025-07-28 11:00:15,Afternoon
TX_3231,CUST_4976,2025-07-28,11:00:15,1,Monday,False,Batch brew,240.0,580.0,cash,2025-07-28 11:00:15,Afternoon
TX_0220,CUST_6267,2025-07-28,11:00:25,1,Monday,False,Cappuccino,320.0,320.0,card,2025-07-28 11:00:25,Afternoon
TX_1193,CUST_1364,2025-07-28,11:58:59,1,Monday,False,Espresso,230.0,870.0,card,2025-07-28 11:58:59,Afternoon
TX_1193,CUST_1364,2025-07-28,11:58:59,1,Monday,False,Cappuccino,320.0,870.0,card,2025-07-28 11:58:59,Afternoon
TX_1193,CUST_1364,2025-07-28,11:58:59,1,Monday,False,Cappuccino,320.0,870.0,card,2025-07-28 11:58:59,Afternoon
TX_1329,CUST_4604,2025-07-28,12:29:28,1,Monday,False,Warming drinks (tea),400.0,400.0,card,2025-07-28 12:29:28,Afternoon
TX_0313,CUST_7985,2025-07-28,12:32:26,1,Monday,False,Cappuccino,320.0,320.0,card,2025-07-28 12:32:26,Afternoon
TX_0964,CUST_6863,2025-07-28,12:46:42,1,Monday,False,Latte with add,440.0,440.0,card,2025-07-28 12:46:42,Afternoon
TX_1942,CUST_8889,2025-07-28,12:51:19,1,Monday,False,Batch brew,240.0,240.0,card,2025-07-28 12:51:19,Afternoon
TX_1273,CUST_8579,2025-07-28,13:20:46,1,Monday,False,Latte,340.0,340.0,card,2025-07-28 13:20:46,Afternoon
TX_1183,CUST_7888,2025-07-28,13:28:01,1,Monday,False,Batch brew,240.0,240.0,card,2025-07-28 13:28:01,Afternoon
TX_1345,CUST_2436,2025-07-28,13:28:45,1,Monday,False,Latte with add,440.0,440.0,cash,2025-07-28 13:28:45,Afternoon
TX_1544,CUST_6078,2025-07-28,13:49:17,1,Monday,False,Latte,340.0,340.0,card,2025-07-28 13:49:17,Afternoon
TX_0990,CUST_2734,2025-07-28,13:51:15,1,Monday,False,Latte,340.0,340.0,card,2025-07-28 13:51:15,Afternoon
TX_1267,CUST_4607,2025-07-28,13:51:43,1,Monday,False,Latte,340.0,1120.0,card,2025-07-28 13:51:43,Afternoon
TX_1267,CUST_4607,2025-07-28,13:51:43,1,Monday,False,Latte,340.0,1120.0,card,2025-07-28 13:51:43,Afternoon
TX_1267,CUST_4607,2025-07-28,13:51:43,1,Monday,False,Latte with add,440.0,1120.0,card,2025-07-28 13:51:43,Afternoon
TX_2789,CUST_8273,2025-07-28,13:58:29,1,Monday,False,Batch brew,240.0,240.0,card,2025-07-28 13:58:29,Afternoon
TX_2775,CUST_9469,2025-07-28,14:06:50,1,Monday,False,Latte,340.0,340.0,cash,2025-07-28 14:06:50,Afternoon
TX_2579,CUST_9147,2025-07-28,14:15:59,1,Monday,False,Batch brew,240.0,240.0,card,2025-07-28 14:15:59,Afternoon
TX_0907,CUST_6740,2025-07-28,14:19:07,1,Monday,False,Cappuccino,320.0,320.0,card,2025-07-28 14:19:07,Afternoon
TX_1613,CUST_5320,2025-07-28,14:22:11,1,Monday,False,Latte,340.0,340.0,card,2025-07-28 14:22:11,Afternoon
TX_3325,CUST_6312,2025-07-28,14:26:46,1,Monday,False,Cappuccino,320.0,660.0,card,2025-07-28 14:26:46,Afternoon
TX_3325,CUST_6312,2025-07-28,14:26:46,1,Monday,False,Latte,340.0,660.0,card,2025-07-28 14:26:46,Afternoon
TX_3225,CUST_1154,2025-07-28,14:28:43,1,Monday,False,Latte with add,440.0,440.0,card,2025-07-28 14:28:43,Afternoon
TX_0207,CUST_7284,2025-07-28,14:46:19,1,Monday,False,Cappuccino,320.0,320.0,card,2025-07-28 14:46:19,Afternoon
TX_2179,CUST_2879,2025-07-28,14:47:31,1,Monday,False,Latte with add,440.0,440.0,card,2025-07-28 14:47:31,Afternoon
TX_1778,CUST_2646,2025-07-28,17:58:16,1,Monday,False,Raf coffee,420.0,420.0,card,2025-07-28 17:58:16,Evening
TX_2751,CUST_4316,2025-07-28,18:25:42,1,Monday,False,Latte with add,440.0,440.0,cash,2025-07-28 18:25:42,Evening
TX_1204,CUST_3815,2025-07-28,18:31:17,1,Monday,False,Latte,340.0,340.0,cash,2025-07-28 18:31:17,Evening
TX_2597,CUST_8624,2025-07-29,08:00:06,2,Tuesday,False,Warming drinks (tea),400.0,980.0,card,2025-07-29 08:00:06,Morning
TX_2597,CUST_8624,2025-07-29,08:00:06,2,Tuesday,False,Latte,340.0,980.0,card,2025-07-29 08:00:06,Morning
TX_2597,CUST_8624,2025-07-29,08:00:06,2,Tuesday,False,Batch brew,240.0,980.0,card,2025-07-29 08:00:06,Morning
TX_0672,CUST_7215,2025-07-29,08:08:50,2,Tuesday,False,Cappuccino,320.0,640.0,card,2025-07-29 08:08:50,Morning
TX_0672,CUST_7215,2025-07-29,08:08:50,2,Tuesday,False,Cappuccino,320.0,640.0,card,2025-07-29 08:08:50,Morning
TX_0487,CUST_8433,2025-07-29,08:30:05,2,Tuesday,False,Batch brew,240.0,640.0,card,2025-07-29 08:30:05,Morning
TX_0487,CUST_8433,2025-07-29,08:30:05,2,Tuesday,False,Warming drinks (tea),400.0,640.0,card,2025-07-29 08:30:05,Morning
TX_2994,CUST_3678,2025-07-29,08:38:23,2,Tuesday,False,Raf coffee,420.0,420.0,card,2025-07-29 08:38:23,Morning
TX_2854,CUST_6745,2025-07-29,08:54:36,2,Tuesday,False,Raf coffee,420.0,420.0,card,2025-07-29 08:54:36,Morning
TX_1983,CUST_2708,2025-07-29,09:06:19,2,Tuesday,False,Batch brew,240.0,240.0,cash,2025-07-29 09:06:19,Morning
TX_0399,CUST_3677,2025-07-29,09:25:14,2,Tuesday,False,Batch brew,240.0,240.0,card,2025-07-29 09:25:14,Morning
TX_0178,CUST_1879,2025-07-29,09:27:31,2,Tuesday,False,Batch brew,240.0,240.0,card,2025-07-29 09:27:31,Morning
TX_1092,CUST_7680,2025-07-29,09:38:30,2,Tuesday,False,Latte with add,440.0,780.0,card,2025-07-29 09:38:30,Morning
TX_1092,CUST_7680,2025-07-29,09:38:30,2,Tuesday,False,Latte,340.0,780.0,card,2025-07-29 09:38:30,Morning
TX_2161,CUST_1048,2025-07-29,09:39:55,2,Tuesday,False,Latte,340.0,340.0,card,2025-07-29 09:39:55,Morning
TX_0955,CUST_4168,2025-07-29,10:10:05,2,Tuesday,False,Latte,340.0,570.0,card,2025-07-29 10:10:05,Morning
TX_0955,CUST_4168,2025-07-29,10:10:05,2,Tuesday,False,Espresso,230.0,570.0,card,2025-07-29 10:10:05,Morning
TX_2093,CUST_7187,2025-07-29,10:44:40,2,Tuesday,False,Flat white,340.0,340.0,card,2025-07-29 10:44:40,Morning
TX_3410,CUST_5854,2025-07-29,12:08:31,2,Tuesday,False,Cappuccino,320.0,320.0,card,2025-07-29 12:08:31,Afternoon
TX_2632,CUST_9966,2025-07-29,12:20:33,2,Tuesday,False,Latte with add,440.0,440.0,card,2025-07-29 12:20:33,Afternoon
TX_3026,CUST_8237,2025-07-29,12:54:16,2,Tuesday,False,Flat white,340.0,340.0,card,2025-07-29 12:54:16,Afternoon
TX_2196,CUST_1235,2025-07-29,13:02:28,2,Tuesday,False,Cappuccino,320.0,660.0,card,2025-07-29 13:02:28,Afternoon
TX_2196,CUST_1235,2025-07-29,13:02:28,2,Tuesday,False,Latte,340.0,660.0,card,2025-07-29 13:02:28,Afternoon
TX_1741,CUST_8417,2025-07-29,13:07:03,2,Tuesday,False,Flat white,340.0,780.0,card,2025-07-29 13:07:03,Afternoon
TX_1741,CUST_8417,2025-07-29,13:07:03,2,Tuesday,False,Latte with add,440.0,780.0,card,2025-07-29 13:07:03,Afternoon
TX_2914,CUST_5654,2025-07-29,13:10:24,2,Tuesday,False,Latte with add,440.0,440.0,card,2025-07-29 13:10:24,Afternoon
TX_1164,CUST_6186,2025-07-29,13:11:25,2,Tuesday,False,Cappuccino,320.0,320.0,card,2025-07-29 13:11:25,Afternoon
TX_0511,CUST_2333,2025-07-29,13:39:51,2,Tuesday,False,Batch brew,240.0,240.0,card,2025-07-29 13:39:51,Afternoon
TX_1838,CUST_2011,2025-07-29,13:55:00,2,Tuesday,False,Cappuccino,320.0,320.0,card,2025-07-29 13:55:00,Afternoon
TX_0978,CUST_7865,2025-07-29,14:07:51,2,Tuesday,False,Flat white,340.0,680.0,card,2025-07-29 14:07:51,Afternoon
TX_0978,CUST_7865,2025-07-29,14:07:51,2,Tuesday,False,Latte,340.0,680.0,card,2025-07-29 14:07:51,Afternoon
TX_1487,CUST_8475,2025-07-29,14:18:00,2,Tuesday,False,Latte with add,440.0,440.0,card,2025-07-29 14:18:00,Afternoon
TX_0701,CUST_4780,2025-07-29,14:28:29,2,Tuesday,False,Latte,340.0,340.0,card,2025-07-29 14:28:29,Afternoon
TX_0613,CUST_4709,2025-07-29,14:34:04,2,Tuesday,False,Batch brew,240.0,240.0,cash,2025-07-29 14:34:04,Afternoon
TX_2665,CUST_4523,2025-07-29,14:35:42,2,Tuesday,False,Cappuccino,320.0,980.0,cash,2025-07-29 14:35:42,Afternoon
TX_2665,CUST_4523,2025-07-29,14:35:42,2,Tuesday,False,Cappuccino,320.0,980.0,cash,2025-07-29 14:35:42,Afternoon
TX_2665,CUST_4523,2025-07-29,14:35:42,2,Tuesday,False,Latte,340.0,980.0,cash,2025-07-29 14:35:42,Afternoon
TX_3061,CUST_8291,2025-07-29,15:07:25,2,Tuesday,False,Warming drinks (tea),400.0,400.0,card,2025-07-29 15:07:25,Afternoon
TX_1602,CUST_5851,2025-07-29,16:13:09,2,Tuesday,False,Raf coffee,420.0,420.0,card,2025-07-29 16:13:09,Evening
TX_3071,CUST_5898,2025-07-29,17:25:51,2,Tuesday,False,Raf coffee,420.0,420.0,card,2025-07-29 17:25:51,Evening
TX_0382,CUST_9998,2025-07-29,18:10:56,2,Tuesday,False,Latte,340.0,340.0,cash,2025-07-29 18:10:56,Evening
TX_1648,CUST_9916,2025-07-29,18:18:32,2,Tuesday,False,Latte with add,440.0,440.0,card,2025-07-29 18:18:32,Evening
TX_0813,CUST_4682,2025-07-29,18:36:30,2,Tuesday,False,Cappuccino,320.0,320.0,card,2025-07-29 18:36:30,Evening
TX_2736,CUST_6715,2025-07-29,18:47:19,2,Tuesday,False,Batch brew,240.0,240.0,card,2025-07-29 18:47:19,Evening
TX_1038,CUST_4380,2025-07-30,08:00:02,3,Wednesday,False,Cappuccino,320.0,320.0,card,2025-07-30 08:00:02,Morning
TX_0873,CUST_4403,2025-07-30,08:00:30,3,Wednesday,False,Batch brew,240.0,240.0,card,2025-07-30 08:00:30,Morning
TX_1790,CUST_9890,2025-07-30,08:23:34,3,Wednesday,False,Batch brew,240.0,580.0,cash,2025-07-30 08:23:34,Morning
TX_1790,CUST_9890,2025-07-30,08:23:34,3,Wednesday,False,Latte,340.0,580.0,cash,2025-07-30 08:23:34,Morning
TX_1186,CUST_3618,2025-07-30,08:28:25,3,Wednesday,False,Latte with add,440.0,760.0,card,2025-07-30 08:28:25,Morning
TX_1186,CUST_3618,2025-07-30,08:28:25,3,Wednesday,False,Cappuccino,320.0,760.0,card,2025-07-30 08:28:25,Morning
TX_1691,CUST_5108,2025-07-30,08:38:32,3,Wednesday,False,Cappuccino,320.0,320.0,card,2025-07-30 08:38:32,Morning
TX_1794,CUST_7601,2025-07-30,08:50:15,3,Wednesday,False,Latte,340.0,340.0,card,2025-07-30 08:50:15,Morning
TX_2507,CUST_7453,2025-07-30,09:31:01,3,Wednesday,False,Batch brew,240.0,240.0,card,2025-07-30 09:31:01,Morning
TX_2164,CUST_4589,2025-07-30,09:55:09,3,Wednesday,False,Latte with add,440.0,440.0,cash,2025-07-30 09:55:09,Morning
TX_3489,CUST_5137,2025-07-30,10:16:50,3,Wednesday,False,Warming drinks (tea),400.0,400.0,card,2025-07-30 10:16:50,Morning
TX_0585,CUST_5756,2025-07-30,10:28:51,3,Wednesday,False,Latte,340.0,340.0,card,2025-07-30 10:28:51,Morning
TX_0631,CUST_3352,2025-07-30,11:00:29,3,Wednesday,False,Latte,340.0,340.0,card,2025-07-30 11:00:29,Afternoon
TX_2240,CUST_9942,2025-07-30,11:30:51,3,Wednesday,False,Cappuccino,320.0,320.0,card,2025-07-30 11:30:51,Afternoon
TX_0126,CUST_4790,2025-07-30,11:58:18,3,Wednesday,False,Flat white,340.0,340.0,card,2025-07-30 11:58:18,Afternoon
TX_1445,CUST_4357,2025-07-30,12:40:31,3,Wednesday,False,Batch brew,240.0,240.0,card,2025-07-30 12:40:31,Afternoon
TX_1507,CUST_3099,2025-07-30,13:07:37,3,Wednesday,False,Cappuccino,320.0,550.0,card,2025-07-30 13:07:37,Afternoon
TX_1507,CUST_3099,2025-07-30,13:07:37,3,Wednesday,False,Espresso,230.0,550.0,card,2025-07-30 13:07:37,Afternoon
TX_0451,CUST_9494,2025-07-30,13:18:03,3,Wednesday,False,Latte with add,440.0,1160.0,cash,2025-07-30 13:18:03,Afternoon
TX_0451,CUST_9494,2025-07-30,13:18:03,3,Wednesday,False,Cappuccino,320.0,1160.0,cash,2025-07-30 13:18:03,Afternoon
TX_0451,CUST_9494,2025-07-30,13:18:03,3,Wednesday,False,Warming drinks (tea),400.0,1160.0,cash,2025-07-30 13:18:03,Afternoon
TX_0854,CUST_4420,2025-07-30,13:18:56,3,Wednesday,False,Batch brew,240.0,800.0,card,2025-07-30 13:18:56,Afternoon
TX_0854,CUST_4420,2025-07-30,13:18:56,3,Wednesday,False,Batch brew,240.0,800.0,card,2025-07-30 13:18:56,Afternoon
TX_0854,CUST_4420,2025-07-30,13:18:56,3,Wednesday,False,Cappuccino,320.0,800.0,card,2025-07-30 13:18:56,Afternoon
TX_0084,CUST_6644,2025-07-30,13:23:50,3,Wednesday,False,Flat white,340.0,340.0,card,2025-07-30 13:23:50,Afternoon
TX_2513,CUST_6181,2025-07-30,13:31:26,3,Wednesday,False,Latte with add,440.0,440.0,cash,2025-07-30 13:31:26,Afternoon
TX_2491,CUST_1264,2025-07-30,13:34:40,3,Wednesday,False,Cappuccino,320.0,320.0,cash,2025-07-30 13:34:40,Afternoon
TX_1584,CUST_7345,2025-07-30,13:36:50,3,Wednesday,False,Batch brew,240.0,240.0,card,2025-07-30 13:36:50,Afternoon
TX_3322,CUST_2219,2025-07-30,13:37:47,3,Wednesday,False,Batch brew,240.0,240.0,cash,2025-07-30 13:37:47,Afternoon
TX_1296,CUST_3349,2025-07-30,13:45:11,3,Wednesday,False,Espresso,230.0,230.0,cash,2025-07-30 13:45:11,Afternoon
TX_3104,CUST_8380,2025-07-30,13:59:06,3,Wednesday,False,Batch brew,240.0,240.0,card,2025-07-30 13:59:06,Afternoon
TX_2504,CUST_7890,2025-07-30,14:20:13,3,Wednesday,False,Cappuccino,320.0,320.0,cash,2025-07-30 14:20:13,Afternoon
TX_3185,CUST_1666,2025-07-30,14:25:48,3,Wednesday,False,Batch brew,240.0,240.0,cash,2025-07-30 14:25:48,Afternoon
TX_0348,CUST_8802,2025-07-30,14:55:33,3,Wednesday,False,Latte,340.0,340.0,card,2025-07-30 14:55:33,Afternoon
TX_0376,CUST_9122,2025-07-30,17:50:20,3,Wednesday,False,Latte,340.0,340.0,cash,2025-07-30 17:50:20,Evening
TX_0534,CUST_1838,2025-07-30,17:50:31,3,Wednesday,False,Batch brew,240.0,240.0,card,2025-07-30 17:50:31,Evening
TX_0859,CUST_3331,2025-07-30,18:03:47,3,Wednesday,False,Latte with add,440.0,440.0,cash,2025-07-30 18:03:47,Evening
TX_1071,CUST_6309,2025-07-31,08:00:09,4,Thursday,False,Cappuccino,320.0,720.0,cash,2025-07-31 08:00:09,Morning
TX_1071,CUST_6309,2025-07-31,08:00:09,4,Thursday,False,Warming drinks (tea),400.0,720.0,cash,2025-07-31 08:00:09,Morning
TX_1592,CUST_4229,2025-07-31,08:28:27,4,Thursday,False,Cappuccino,320.0,320.0,card,2025-07-31 08:28:27,Morning
TX_1490,CUST_5135,2025-07-31,08:50:09,4,Thursday,False,Espresso,230.0,550.0,card,2025-07-31 08:50:09,Morning
TX_1490,CUST_5135,2025-07-31,08:50:09,4,Thursday,False,Cappuccino,320.0,550.0,card,2025-07-31 08:50:09,Morning
TX_2486,CUST_2588,2025-07-31,09:11:47,4,Thursday,False,Batch brew,240.0,240.0,cash,2025-07-31 09:11:47,Morning
TX_3470,CUST_2916,2025-07-31,09:14:35,4,Thursday,False,Latte,340.0,340.0,card,2025-07-31 09:14:35,Morning
TX_2651,CUST_7008,2025-07-31,09:16:06,4,Thursday,False,Latte,340.0,660.0,card,2025-07-31 09:16:06,Morning
TX_2651,CUST_7008,2025-07-31,09:16:06,4,Thursday,False,Cappuccino,320.0,660.0,card,2025-07-31 09:16:06,Morning
TX_1813,CUST_8111,2025-07-31,09:30:11,4,Thursday,False,Latte,340.0,340.0,card,2025-07-31 09:30:11,Morning
TX_2573,CUST_4101,2025-07-31,09:42:20,4,Thursday,False,Cappuccino,320.0,640.0,cash,2025-07-31 09:42:20,Morning
TX_2573,CUST_4101,2025-07-31,09:42:20,4,Thursday,False,Cappuccino,320.0,640.0,cash,2025-07-31 09:42:20,Morning
TX_2209,CUST_1317,2025-07-31,09:47:54,4,Thursday,False,Cappuccino,320.0,640.0,cash,2025-07-31 09:47:54,Morning
TX_2209,CUST_1317,2025-07-31,09:47:54,4,Thursday,False,Cappuccino,320.0,640.0,cash,2025-07-31 09:47:54,Morning
TX_0746,CUST_8762,2025-07-31,09:48:39,4,Thursday,False,Latte,340.0,1000.0,card,2025-07-31 09:48:39,Morning
TX_0746,CUST_8762,2025-07-31,09:48:39,4,Thursday,False,Latte,340.0,1000.0,card,2025-07-31 09:48:39,Morning
TX_0746,CUST_8762,2025-07-31,09:48:39,4,Thursday,False,Cappuccino,320.0,1000.0,card,2025-07-31 09:48:39,Morning
TX_3544,CUST_7168,2025-07-31,09:51:39,4,Thursday,False,Latte,340.0,340.0,card,2025-07-31 09:51:39,Morning
TX_3119,CUST_5398,2025-07-31,09:53:33,4,Thursday,False,Latte,340.0,760.0,card,2025-07-31 09:53:33,Morning
TX_3119,CUST_5398,2025-07-31,09:53:33,4,Thursday,False,Raf coffee,420.0,760.0,card,2025-07-31 09:53:33,Morning
TX_2211,CUST_7751,2025-07-31,10:05:43,4,Thursday,False,Cappuccino,320.0,950.0,card,2025-07-31 10:05:43,Morning
TX_2211,CUST_7751,2025-07-31,10:05:43,4,Thursday,False,Espresso,230.0,950.0,card,2025-07-31 10:05:43,Morning
TX_2211,CUST_7751,2025-07-31,10:05:43,4,Thursday,False,Warming drinks (tea),400.0,950.0,card,2025-07-31 10:05:43,Morning
TX_3415,CUST_8502,2025-07-31,11:00:19,4,Thursday,False,Raf coffee,420.0,1060.0,card,2025-07-31 11:00:19,Afternoon
TX_3415,CUST_8502,2025-07-31,11:00:19,4,Thursday,False,Warming drinks (tea),400.0,1060.0,card,2025-07-31 11:00:19,Afternoon
TX_3415,CUST_8502,2025-07-31,11:00:19,4,Thursday,False,Batch brew,240.0,1060.0,card,2025-07-31 11:00:19,Afternoon
TX_0377,CUST_7782,2025-07-31,11:05:09,4,Thursday,False,Batch brew,240.0,680.0,card,2025-07-31 11:05:09,Afternoon
TX_0377,CUST_7782,2025-07-31,11:05:09,4,Thursday,False,Latte with add,440.0,680.0,card,2025-07-31 11:05:09,Afternoon
TX_1152,CUST_9546,2025-07-31,12:03:34,4,Thursday,False,Latte,340.0,340.0,card,2025-07-31 12:03:34,Afternoon
TX_2026,CUST_7581,2025-07-31,12:28:59,4,Thursday,False,Batch brew,240.0,240.0,card,2025-07-31 12:28:59,Afternoon
TX_1224,CUST_9461,2025-07-31,12:43:43,4,Thursday,False,Latte,340.0,780.0,cash,2025-07-31 12:43:43,Afternoon
TX_1224,CUST_9461,2025-07-31,12:43:43,4,Thursday,False,Latte with add,440.0,780.0,cash,2025-07-31 12:43:43,Afternoon
TX_1042,CUST_3887,2025-07-31,13:08:12,4,Thursday,False,Batch brew,240.0,680.0,card,2025-07-31 13:08:12,Afternoon
TX_1042,CUST_3887,2025-07-31,13:08:12,4,Thursday,False,Latte with add,440.0,680.0,card,2025-07-31 13:08:12,Afternoon
TX_3102,CUST_3419,2025-07-31,13:12:34,4,Thursday,False,Cappuccino,320.0,320.0,cash,2025-07-31 13:12:34,Afternoon
TX_3179,CUST_4238,2025-07-31,13:36:10,4,Thursday,False,Cappuccino,320.0,320.0,cash,2025-07-31 13:36:10,Afternoon
TX_3463,CUST_8429,2025-07-31,13:36:40,4,Thursday,False,Cappuccino,320.0,320.0,cash,2025-07-31 13:36:40,Afternoon
TX_3478,CUST_8221,2025-07-31,13:42:17,4,Thursday,False,Latte,340.0,340.0,card,2025-07-31 13:42:17,Afternoon
TX_0099,CUST_4456,2025-07-31,13:48:03,4,Thursday,False,Espresso,230.0,230.0,card,2025-07-31 13:48:03,Afternoon
TX_0170,CUST_3129,2025-07-31,14:26:09,4,Thursday,False,Warming drinks (tea),400.0,720.0,card,2025-07-31 14:26:09,Afternoon
TX_0170,CUST_3129,2025-07-31,14:26:09,4,Thursday,False,Cappuccino,320.0,720.0,card,2025-07-31 14:26:09,Afternoon
TX_0970,CUST_9731,2025-07-31,14:33:40,4,Thursday,False,Batch brew,240.0,240.0,card,2025-07-31 14:33:40,Afternoon
TX_1271,CUST_7276,2025-07-31,14:42:23,4,Thursday,False,Latte,340.0,340.0,card,2025-07-31 14:42:23,Afternoon
TX_2031,CUST_6330,2025-07-31,17:29:12,4,Thursday,False,Latte with add,440.0,440.0,card,2025-07-31 17:29:12,Evening
TX_1855,CUST_6170,2025-07-31,18:21:59,4,Thursday,False,Cappuccino,320.0,320.0,card,2025-07-31 18:21:59,Evening
TX_2911,CUST_6259,2025-07-31,18:29:15,4,Thursday,False,Warming drinks (tea),400.0,740.0,card,2025-07-31 18:29:15,Evening
TX_2911,CUST_6259,2025-07-31,18:29:15,4,Thursday,False,Flat white,340.0,740.0,card,2025-07-31 18:29:15,Evening
TX_1657,CUST_7133,2025-07-31,18:59:09,4,Thursday,False,Batch brew,240.0,240.0,cash,2025-07-31 18:59:09,Evening
TX_0998,CUST_7222,2025-08-01,08:00:11,5,Friday,False,Latte,340.0,1100.0,card,2025-08-01 08:00:11,Morning
TX_0998,CUST_7222,2025-08-01,08:00:11,5,Friday,False,Raf coffee,420.0,1100.0,card,2025-08-01 08:00:11,Morning
TX_0998,CUST_7222,2025-08-01,08:00:11,5,Friday,False,Latte,340.0,1100.0,card,2025-08-01 08:00:11,Morning
TX_3089,CUST_1775,2025-08-01,08:33:15,5,Friday,False,Flat white,340.0,660.0,cash,2025-08-01 08:33:15,Morning
TX_3089,CUST_1775,2025-08-01,08:33:15,5,Friday,False,Cappuccino,320.0,660.0,cash,2025-08-01 08:33:15,Morning
TX_2312,CUST_9960,2025-08-01,09:05:47,5,Friday,False,Cappuccino,320.0,320.0,card,2025-08-01 09:05:47,Morning
TX_1571,CUST_8357,2025-08-01,09:17:43,5,Friday,False,Latte with add,440.0,440.0,cash,2025-08-01 09:17:43,Morning
TX_2087,CUST_4529,2025-08-01,09:18:36,5,Friday,False,Warming drinks (tea),400.0,400.0,card,2025-08-01 09:18:36,Morning
TX_0272,CUST_6836,2025-08-01,09:22:38,5,Friday,False,Latte,340.0,740.0,cash,2025-08-01 09:22:38,Morning
TX_0272,CUST_6836,2025-08-01,09:22:38,5,Friday,False,Warming drinks (tea),400.0,740.0,cash,2025-08-01 09:22:38,Morning
TX_2177,CUST_7821,2025-08-01,09:37:24,5,Friday,False,Latte with add,440.0,1100.0,cash,2025-08-01 09:37:24,Morning
TX_2177,CUST_7821,2025-08-01,09:37:24,5,Friday,False,Cappuccino,320.0,1100.0,cash,2025-08-01 09:37:24,Morning
TX_2177,CUST_7821,2025-08-01,09:37:24,5,Friday,False,Latte,340.0,1100.0,cash,2025-08-01 09:37:24,Morning
TX_2323,CUST_4182,2025-08-01,09:40:02,5,Friday,False,Latte with add,440.0,440.0,cash,2025-08-01 09:40:02,Morning
TX_3076,CUST_1269,2025-08-01,09:49:25,5,Friday,False,Batch brew,240.0,240.0,cash,2025-08-01 09:49:25,Morning
TX_0088,CUST_4485,2025-08-01,09:53:57,5,Friday,False,Flat white,340.0,340.0,card,2025-08-01 09:53:57,Morning
TX_1610,CUST_2720,2025-08-01,10:00:43,5,Friday,False,Cappuccino,320.0,320.0,card,2025-08-01 10:00:43,Morning
TX_0795,CUST_7792,2025-08-01,10:27:55,5,Friday,False,Batch brew,240.0,560.0,card,2025-08-01 10:27:55,Morning
TX_0795,CUST_7792,2025-08-01,10:27:55,5,Friday,False,Cappuccino,320.0,560.0,card,2025-08-01 10:27:55,Morning
TX_1468,CUST_9912,2025-08-01,10:48:08,5,Friday,False,Latte,340.0,910.0,card,2025-08-01 10:48:08,Morning
TX_1468,CUST_9912,2025-08-01,10:48:08,5,Friday,False,Espresso,230.0,910.0,card,2025-08-01 10:48:08,Morning
TX_1468,CUST_9912,2025-08-01,10:48:08,5,Friday,False,Latte,340.0,910.0,card,2025-08-01 10:48:08,Morning
TX_2084,CUST_7120,2025-08-01,10:48:39,5,Friday,False,Latte,340.0,780.0,card,2025-08-01 10:48:39,Morning
TX_2084,CUST_7120,2025-08-01,10:48:39,5,Friday,False,Latte with add,440.0,780.0,card,2025-08-01 10:48:39,Morning
TX_2974,CUST_8734,2025-08-01,11:00:32,5,Friday,False,Batch brew,240.0,240.0,card,2025-08-01 11:00:32,Afternoon
TX_2706,CUST_2450,2025-08-01,11:00:37,5,Friday,False,Cappuccino,320.0,320.0,cash,2025-08-01 11:00:37,Afternoon
TX_3242,CUST_1612,2025-08-01,12:18:36,5,Friday,False,Batch brew,240.0,240.0,card,2025-08-01 12:18:36,Afternoon
TX_0523,CUST_6116,2025-08-01,12:33:17,5,Friday,False,Batch brew,240.0,240.0,card,2025-08-01 12:33:17,Afternoon
TX_3398,CUST_7390,2025-08-01,12:34:34,5,Friday,False,Batch brew,240.0,240.0,card,2025-08-01 12:34:34,Afternoon
TX_1895,CUST_9974,2025-08-01,12:53:20,5,Friday,False,Flat white,340.0,340.0,cash,2025-08-01 12:53:20,Afternoon
TX_2408,CUST_6119,2025-08-01,12:56:32,5,Friday,False,Cappuccino,320.0,560.0,cash,2025-08-01 12:56:32,Afternoon
TX_2408,CUST_6119,2025-08-01,12:56:32,5,Friday,False,Batch brew,240.0,560.0,cash,2025-08-01 12:56:32,Afternoon
TX_1102,CUST_9371,2025-08-01,13:04:20,5,Friday,False,Latte,340.0,680.0,card,2025-08-01 13:04:20,Afternoon
TX_1102,CUST_9371,2025-08-01,13:04:20,5,Friday,False,Latte,340.0,680.0,card,2025-08-01 13:04:20,Afternoon
TX_2328,CUST_7641,2025-08-01,13:06:39,5,Friday,False,Flat white,340.0,340.0,card,2025-08-01 13:06:39,Afternoon
TX_0846,CUST_7117,2025-08-01,13:23:02,5,Friday,False,Latte,340.0,340.0,cash,2025-08-01 13:23:02,Afternoon
TX_0129,CUST_1078,2025-08-01,13:25:54,5,Friday,False,Cappuccino,320.0,320.0,card,2025-08-01 13:25:54,Afternoon
TX_0478,CUST_7110,2025-08-01,13:27:15,5,Friday,False,Batch brew,240.0,240.0,card,2025-08-01 13:27:15,Afternoon
TX_2692,CUST_9799,2025-08-01,13:35:11,5,Friday,False,Espresso,230.0,570.0,card,2025-08-01 13:35:11,Afternoon
TX_2692,CUST_9799,2025-08-01,13:35:11,5,Friday,False,Latte,340.0,570.0,card,2025-08-01 13:35:11,Afternoon
TX_0904,CUST_4756,2025-08-01,13:50:50,5,Friday,False,Latte,340.0,340.0,card,2025-08-01 13:50:50,Afternoon
TX_2615,CUST_5499,2025-08-01,14:04:10,5,Friday,False,Batch brew,240.0,480.0,cash,2025-08-01 14:04:10,Afternoon
TX_2615,CUST_5499,2025-08-01,14:04:10,5,Friday,False,Batch brew,240.0,480.0,cash,2025-08-01 14:04:10,Afternoon
TX_0979,CUST_2041,2025-08-01,14:09:55,5,Friday,False,Latte,340.0,340.0,card,2025-08-01 14:09:55,Afternoon
TX_1723,CUST_7458,2025-08-01,14:14:39,5,Friday,False,Cappuccino,320.0,320.0,cash,2025-08-01 14:14:39,Afternoon
TX_3295,CUST_3610,2025-08-01,14:21:14,5,Friday,False,Latte with add,440.0,440.0,card,2025-08-01 14:21:14,Afternoon
TX_3045,CUST_6378,2025-08-01,14:40:22,5,Friday,False,Raf coffee,420.0,740.0,card,2025-08-01 14:40:22,Afternoon
TX_3045,CUST_6378,2025-08-01,14:40:22,5,Friday,False,Cappuccino,320.0,740.0,card,2025-08-01 14:40:22,Afternoon
TX_1472,CUST_9770,2025-08-01,17:48:27,5,Friday,False,Latte,340.0,340.0,cash,2025-08-01 17:48:27,Evening
TX_0841,CUST_2949,2025-08-01,18:06:08,5,Friday,False,Latte with add,440.0,440.0,cash,2025-08-01 18:06:08,Evening
TX_0052,CUST_6465,2025-08-01,18:19:23,5,Friday,False,Latte with add,440.0,440.0,card,2025-08-01 18:19:23,Evening
TX_1590,CUST_1918,2025-08-01,18:32:01,5,Friday,False,Cappuccino,320.0,960.0,card,2025-08-01 18:32:01,Evening
TX_1590,CUST_1918,2025-08-01,18:32:01,5,Friday,False,Cappuccino,320.0,960.0,card,2025-08-01 18:32:01,Evening
TX_1590,CUST_1918,2025-08-01,18:32:01,5,Friday,False,Cappuccino,320.0,960.0,card,2025-08-01 18:32:01,Evening
TX_1444,CUST_2614,2025-08-02,08:48:17,6,Saturday,True,Latte,340.0,340.0,card,2025-08-02 08:48:17,Morning
TX_2796,CUST_8179,2025-08-02,08:48:29,6,Saturday,True,Latte with add,440.0,440.0,card,2025-08-02 08:48:29,Morning
TX_3474,CUST_4517,2025-08-02,09:18:58,6,Saturday,True,Cappuccino,320.0,320.0,card,2025-08-02 09:18:58,Morning
TX_2963,CUST_3834,2025-08-02,09:21:57,6,Saturday,True,Latte,340.0,340.0,card,2025-08-02 09:21:57,Morning
TX_1270,CUST_1906,2025-08-02,09:32:27,6,Saturday,True,Latte with add,440.0,780.0,cash,2025-08-02 09:32:27,Morning
TX_1270,CUST_1906,2025-08-02,09:32:27,6,Saturday,True,Latte,340.0,780.0,cash,2025-08-02 09:32:27,Morning
TX_3434,CUST_3150,2025-08-02,10:47:22,6,Saturday,True,Batch brew,240.0,240.0,cash,2025-08-02 10:47:22,Morning
TX_0935,CUST_3018,2025-08-02,11:50:22,6,Saturday,True,Flat white,340.0,1120.0,card,2025-08-02 11:50:22,Afternoon
TX_0935,CUST_3018,2025-08-02,11:50:22,6,Saturday,True,Latte,340.0,1120.0,card,2025-08-02 11:50:22,Afternoon
TX_0935,CUST_3018,2025-08-02,11:50:22,6,Saturday,True,Latte with add,440.0,1120.0,card,2025-08-02 11:50:22,Afternoon
TX_2131,CUST_9345,2025-08-02,12:33:17,6,Saturday,True,Batch brew,240.0,560.0,card,2025-08-02 12:33:17,Afternoon
TX_2131,CUST_9345,2025-08-02,12:33:17,6,Saturday,True,Cappuccino,320.0,560.0,card,2025-08-02 12:33:17,Afternoon
TX_3241,CUST_2183,2025-08-02,12:56:43,6,Saturday,True,Warming drinks (tea),400.0,400.0,cash,2025-08-02 12:56:43,Afternoon
TX_0031,CUST_1852,2025-08-02,13:07:07,6,Saturday,True,Batch brew,240.0,680.0,card,2025-08-02 13:07:07,Afternoon
TX_0031,CUST_1852,2025-08-02,13:07:07,6,Saturday,True,Latte with add,440.0,680.0,card,2025-08-02 13:07:07,Afternoon
TX_0317,CUST_3291,2025-08-02,13:11:46,6,Saturday,True,Batch brew,240.0,240.0,card,2025-08-02 13:11:46,Afternoon
TX_0300,CUST_8957,2025-08-02,13:14:33,6,Saturday,True,Latte with add,440.0,440.0,cash,2025-08-02 13:14:33,Afternoon
TX_2691,CUST_3400,2025-08-02,13:15:21,6,Saturday,True,Latte,340.0,340.0,cash,2025-08-02 13:15:21,Afternoon
TX_2601,CUST_7132,2025-08-02,13:21:41,6,Saturday,True,Latte,340.0,340.0,card,2025-08-02 13:21:41,Afternoon
TX_2174,CUST_2124,2025-08-02,13:30:20,6,Saturday,True,Raf coffee,420.0,420.0,cash,2025-08-02 13:30:20,Afternoon
TX_0364,CUST_2107,2025-08-02,13:31:22,6,Saturday,True,Latte with add,440.0,440.0,card,2025-08-02 13:31:22,Afternoon
TX_1760,CUST_6349,2025-08-02,13:36:09,6,Saturday,True,Batch brew,240.0,240.0,card,2025-08-02 13:36:09,Afternoon
TX_0111,CUST_5738,2025-08-02,13:38:37,6,Saturday,True,Flat white,340.0,580.0,card,2025-08-02 13:38:37,Afternoon
TX_0111,CUST_5738,2025-08-02,13:38:37,6,Saturday,True,Batch brew,240.0,580.0,card,2025-08-02 13:38:37,Afternoon
TX_2198,CUST_2388,2025-08-02,13:44:54,6,Saturday,True,Raf coffee,420.0,420.0,cash,2025-08-02 13:44:54,Afternoon
TX_3166,CUST_5847,2025-08-02,13:54:51,6,Saturday,True,Latte,340.0,340.0,card,2025-08-02 13:54:51,Afternoon
TX_1068,CUST_7773,2025-08-02,14:10:54,6,Saturday,True,Batch brew,240.0,240.0,cash,2025-08-02 14:10:54,Afternoon
TX_0471,CUST_2799,2025-08-02,14:45:50,6,Saturday,True,Latte,340.0,340.0,card,2025-08-02 14:45:50,Afternoon
TX_1772,CUST_7852,2025-08-02,16:22:13,6,Saturday,True,Latte,340.0,340.0,card,2025-08-02 16:22:13,Evening
TX_2003,CUST_1103,2025-08-02,17:00:59,6,Saturday,True,Warming drinks (tea),400.0,400.0,cash,2025-08-02 17:00:59,Evening
TX_2851,CUST_6338,2025-08-02,17:04:23,6,Saturday,True,Latte with add,440.0,440.0,card,2025-08-02 17:04:23,Evening
TX_2909,CUST_7965,2025-08-02,17:09:40,6,Saturday,True,Warming drinks (tea),400.0,400.0,card,2025-08-02 17:09:40,Evening
TX_0341,CUST_7530,2025-08-02,18:06:17,6,Saturday,True,Batch brew,240.0,240.0,cash,2025-08-02 18:06:17,Evening
TX_0154,CUST_2582,2025-08-02,18:06:41,6,Saturday,True,Latte with add,440.0,780.0,cash,2025-08-02 18:06:41,Evening
TX_0154,CUST_2582,2025-08-02,18:06:41,6,Saturday,True,Latte,340.0,780.0,cash,2025-08-02 18:06:41,Evening
TX_1947,CUST_8290,2025-08-02,18:18:16,6,Saturday,True,Cappuccino,320.0,320.0,card,2025-08-02 18:18:16,Evening
TX_0923,CUST_5990,2025-08-02,18:27:20,6,Saturday,True,Batch brew,240.0,240.0,cash,2025-08-02 18:27:20,Evening
TX_1798,CUST_3638,2025-08-02,18:30:49,6,Saturday,True,Flat white,340.0,660.0,card,2025-08-02 18:30:49,Evening
TX_1798,CUST_3638,2025-08-02,18:30:49,6,Saturday,True,Cappuccino,320.0,660.0,card,2025-08-02 18:30:49,Evening
TX_0168,CUST_8151,2025-08-02,18:49:18,6,Saturday,True,Latte,340.0,660.0,card,2025-08-02 18:49:18,Evening
TX_0168,CUST_8151,2025-08-02,18:49:18,6,Saturday,True,Cappuccino,320.0,660.0,card,2025-08-02 18:49:18,Evening
TX_3025,CUST_8621,2025-08-02,18:56:43,6,Saturday,True,Warming drinks (tea),400.0,400.0,card,2025-08-02 18:56:43,Evening
TX_1017,CUST_9310,2025-08-02,19:23:29,6,Saturday,True,Batch brew,240.0,240.0,card,2025-08-02 19:23:29,Evening
TX_2828,CUST_9185,2025-08-03,08:23:04,7,Sunday,True,Latte with add,440.0,440.0,card,2025-08-03 08:23:04,Morning
TX_2140,CUST_6243,2025-08-03,08:38:28,7,Sunday,True,Cappuccino,320.0,320.0,card,2025-08-03 08:38:28,Morning
TX_2680,CUST_3220,2025-08-03,09:51:43,7,Sunday,True,Flat white,340.0,340.0,cash,2025-08-03 09:51:43,Morning
TX_2863,CUST_6254,2025-08-03,12:05:05,7,Sunday,True,Raf coffee,420.0,420.0,card,2025-08-03 12:05:05,Afternoon
TX_2190,CUST_5958,2025-08-03,12:26:15,7,Sunday,True,Raf coffee,420.0,420.0,card,2025-08-03 12:26:15,Afternoon
TX_2817,CUST_1077,2025-08-03,12:59:10,7,Sunday,True,Cappuccino,320.0,320.0,card,2025-08-03 12:59:10,Afternoon
TX_2547,CUST_7393,2025-08-03,13:01:10,7,Sunday,True,Batch brew,240.0,1100.0,card,2025-08-03 13:01:10,Afternoon
TX_2547,CUST_7393,2025-08-03,13:01:10,7,Sunday,True,Raf coffee,420.0,1100.0,card,2025-08-03 13:01:10,Afternoon
TX_2547,CUST_7393,2025-08-03,13:01:10,7,Sunday,True,Latte with add,440.0,1100.0,card,2025-08-03 13:01:10,Afternoon
TX_3230,CUST_5121,2025-08-03,13:07:15,7,Sunday,True,Latte with add,440.0,440.0,cash,2025-08-03 13:07:15,Afternoon
TX_0515,CUST_1692,2025-08-03,13:24:19,7,Sunday,True,Latte,340.0,810.0,card,2025-08-03 13:24:19,Afternoon
TX_0515,CUST_1692,2025-08-03,13:24:19,7,Sunday,True,Batch brew,240.0,810.0,card,2025-08-03 13:24:19,Afternoon
TX_0515,CUST_1692,2025-08-03,13:24:19,7,Sunday,True,Espresso,230.0,810.0,card,2025-08-03 13:24:19,Afternoon
TX_1730,CUST_9291,2025-08-03,13:26:23,7,Sunday,True,Cappuccino,320.0,320.0,card,2025-08-03 13:26:23,Afternoon
TX_0803,CUST_9388,2025-08-03,13:27:44,7,Sunday,True,Cappuccino,320.0,320.0,card,2025-08-03 13:27:44,Afternoon
TX_2818,CUST_6489,2025-08-03,13:34:04,7,Sunday,True,Latte with add,440.0,1280.0,card,2025-08-03 13:34:04,Afternoon
TX_2818,CUST_6489,2025-08-03,13:34:04,7,Sunday,True,Warming drinks (tea),400.0,1280.0,card,2025-08-03 13:34:04,Afternoon
TX_2818,CUST_6489,2025-08-03,13:34:04,7,Sunday,True,Latte with add,440.0,1280.0,card,2025-08-03 13:34:04,Afternoon
TX_1713,CUST_3942,2025-08-03,13:36:25,7,Sunday,True,Cappuccino,320.0,320.0,card,2025-08-03 13:36:25,Afternoon
TX_2365,CUST_8053,2025-08-03,13:39:37,7,Sunday,True,Cappuccino,320.0,760.0,cash,2025-08-03 13:39:37,Afternoon
TX_2365,CUST_8053,2025-08-03,13:39:37,7,Sunday,True,Latte with add,440.0,760.0,cash,2025-08-03 13:39:37,Afternoon
TX_0080,CUST_7805,2025-08-03,13:53:02,7,Sunday,True,Raf coffee,420.0,420.0,card,2025-08-03 13:53:02,Afternoon
TX_3386,CUST_3538,2025-08-03,13:56:31,7,Sunday,True,Latte,340.0,680.0,card,2025-08-03 13:56:31,Afternoon
TX_3386,CUST_3538,2025-08-03,13:56:31,7,Sunday,True,Flat white,340.0,680.0,card,2025-08-03 13:56:31,Afternoon
TX_0410,CUST_8333,2025-08-03,14:06:12,7,Sunday,True,Latte,340.0,680.0,card,2025-08-03 14:06:12,Afternoon
TX_0410,CUST_8333,2025-08-03,14:06:12,7,Sunday,True,Flat white,340.0,680.0,card,2025-08-03 14:06:12,Afternoon
TX_0435,CUST_8960,2025-08-03,14:07:18,7,Sunday,True,Latte with add,440.0,880.0,card,2025-08-03 14:07:18,Afternoon
TX_0435,CUST_8960,2025-08-03,14:07:18,7,Sunday,True,Latte with add,440.0,880.0,card,2025-08-03 14:07:18,Afternoon
TX_0375,CUST_5761,2025-08-03,14:09:28,7,Sunday,True,Raf coffee,420.0,420.0,card,2025-08-03 14:09:28,Afternoon
TX_1301,CUST_6169,2025-08-03,14:16:44,7,Sunday,True,Warming drinks (tea),400.0,740.0,card,2025-08-03 14:16:44,Afternoon
TX_1301,CUST_6169,2025-08-03,14:16:44,7,Sunday,True,Flat white,340.0,740.0,card,2025-08-03 14:16:44,Afternoon
TX_3331,CUST_4911,2025-08-03,17:00:52,7,Sunday,True,Cappuccino,320.0,320.0,cash,2025-08-03 17:00:52,Evening
TX_3073,CUST_1543,2025-08-03,17:23:20,7,Sunday,True,Latte with add,440.0,440.0,cash,2025-08-03 17:23:20,Evening
TX_3290,CUST_9371,2025-08-03,18:04:02,7,Sunday,True,Batch brew,240.0,560.0,cash,2025-08-03 18:04:02,Evening
TX_3290,CUST_9371,2025-08-03,18:04:02,7,Sunday,True,Cappuccino,320.0,560.0,cash,2025-08-03 18:04:02,Evening
TX_2718,CUST_9233,2025-08-03,18:41:55,7,Sunday,True,Cappuccino,320.0,870.0,card,2025-08-03 18:41:55,Evening
TX_2718,CUST_9233,2025-08-03,18:41:55,7,Sunday,True,Espresso,230.0,870.0,card,2025-08-03 18:41:55,Evening
TX_2718,CUST_9233,2025-08-03,18:41:55,7,Sunday,True,Cappuccino,320.0,870.0,card,2025-08-03 18:41:55,Evening
TX_1043,CUST_9434,2025-08-03,18:45:05,7,Sunday,True,Cappuccino,320.0,320.0,card,2025-08-03 18:45:05,Evening
TX_3196,CUST_1182,2025-08-04,08:31:08,1,Monday,False,Latte,340.0,340.0,card,2025-08-04 08:31:08,Morning
TX_2656,CUST_5119,2025-08-04,08:35:45,1,Monday,False,Cappuccino,320.0,720.0,card,2025-08-04 08:35:45,Morning
TX_2656,CUST_5119,2025-08-04,08:35:45,1,Monday,False,Warming drinks (tea),400.0,720.0,card,2025-08-04 08:35:45,Morning
TX_1718,CUST_5410,2025-08-04,08:43:58,1,Monday,False,Batch brew,240.0,240.0,card,2025-08-04 08:43:58,Morning
TX_0939,CUST_9846,2025-08-04,08:47:04,1,Monday,False,Latte with add,440.0,1120.0,cash,2025-08-04 08:47:04,Morning
TX_0939,CUST_9846,2025-08-04,08:47:04,1,Monday,False,Latte,340.0,1120.0,cash,2025-08-04 08:47:04,Morning
TX_0939,CUST_9846,2025-08-04,08:47:04,1,Monday,False,Flat white,340.0,1120.0,cash,2025-08-04 08:47:04,Morning
TX_0468,CUST_3892,2025-08-04,08:52:40,1,Monday,False,Batch brew,240.0,660.0,cash,2025-08-04 08:52:40,Morning
TX_0468,CUST_3892,2025-08-04,08:52:40,1,Monday,False,Raf coffee,420.0,660.0,cash,2025-08-04 08:52:40,Morning
TX_2229,CUST_5460,2025-08-04,09:12:07,1,Monday,False,Cappuccino,320.0,900.0,card,2025-08-04 09:12:07,Morning
TX_2229,CUST_5460,2025-08-04,09:12:07,1,Monday,False,Latte,340.0,900.0,card,2025-08-04 09:12:07,Morning
TX_2229,CUST_5460,2025-08-04,09:12:07,1,Monday,False,Batch brew,240.0,900.0,card,2025-08-04 09:12:07,Morning
TX_0500,CUST_7974,2025-08-04,09:23:30,1,Monday,False,Flat white,340.0,580.0,card,2025-08-04 09:23:30,Morning
TX_0500,CUST_7974,2025-08-04,09:23:30,1,Monday,False,Batch brew,240.0,580.0,card,2025-08-04 09:23:30,Morning
TX_1086,CUST_5416,2025-08-04,09:39:57,1,Monday,False,Cappuccino,320.0,320.0,cash,2025-08-04 09:39:57,Morning
TX_0366,CUST_6126,2025-08-04,09:43:08,1,Monday,False,Cappuccino,320.0,320.0,card,2025-08-04 09:43:08,Morning
TX_3058,CUST_5412,2025-08-04,09:55:16,1,Monday,False,Latte with add,440.0,680.0,card,2025-08-04 09:55:16,Morning
TX_3058,CUST_5412,2025-08-04,09:55:16,1,Monday,False,Batch brew,240.0,680.0,card,2025-08-04 09:55:16,Morning
TX_2090,CUST_6863,2025-08-04,09:57:39,1,Monday,False,Flat white,340.0,340.0,card,2025-08-04 09:57:39,Morning
TX_0246,CUST_2539,2025-08-04,09:58:19,1,Monday,False,Warming drinks (tea),400.0,400.0,card,2025-08-04 09:58:19,Morning
TX_2492,CUST_8479,2025-08-04,09:58:59,1,Monday,False,Raf coffee,420.0,420.0,card,2025-08-04 09:58:59,Morning
TX_3120,CUST_5418,2025-08-04,10:11:44,1,Monday,False,Flat white,340.0,340.0,card,2025-08-04 10:11:44,Morning
TX_1453,CUST_9407,2025-08-04,10:33:59,1,Monday,False,Cappuccino,320.0,560.0,card,2025-08-04 10:33:59,Morning
TX_1453,CUST_9407,2025-08-04,10:33:59,1,Monday,False,Batch brew,240.0,560.0,card,2025-08-04 10:33:59,Morning
TX_1515,CUST_8079,2025-08-04,10:50:52,1,Monday,False,Raf coffee,420.0,760.0,cash,2025-08-04 10:50:52,Morning
TX_1515,CUST_8079,2025-08-04,10:50:52,1,Monday,False,Latte,340.0,760.0,cash,2025-08-04 10:50:52,Morning
TX_3189,CUST_5177,2025-08-04,10:55:43,1,Monday,False,Latte with add,440.0,440.0,cash,2025-08-04 10:55:43,Morning
TX_0292,CUST_3842,2025-08-04,11:12:56,1,Monday,False,Cappuccino,320.0,320.0,card,2025-08-04 11:12:56,Afternoon
TX_2194,CUST_4188,2025-08-04,12:03:12,1,Monday,False,Latte with add,440.0,440.0,card,2025-08-04 12:03:12,Afternoon
TX_1954,CUST_2765,2025-08-04,12:11:04,1,Monday,False,Raf coffee,420.0,980.0,card,2025-08-04 12:11:04,Afternoon
TX_1954,CUST_2765,2025-08-04,12:11:04,1,Monday,False,Batch brew,240.0,980.0,card,2025-08-04 12:11:04,Afternoon
TX_1954,CUST_2765,2025-08-04,12:11:04,1,Monday,False,Cappuccino,320.0,980.0,card,2025-08-04 12:11:04,Afternoon
TX_3445,CUST_9852,2025-08-04,12:39:45,1,Monday,False,Latte,340.0,340.0,card,2025-08-04 12:39:45,Afternoon
TX_1004,CUST_9087,2025-08-04,12:46:30,1,Monday,False,Latte,340.0,340.0,cash,2025-08-04 12:46:30,Afternoon
TX_2116,CUST_3023,2025-08-04,12:55:39,1,Monday,False,Latte,340.0,340.0,cash,2025-08-04 12:55:39,Afternoon
TX_0237,CUST_5220,2025-08-04,12:56:43,1,Monday,False,Espresso,230.0,230.0,card,2025-08-04 12:56:43,Afternoon
TX_3004,CUST_7464,2025-08-04,13:01:12,1,Monday,False,Latte with add,440.0,440.0,card,2025-08-04 13:01:12,Afternoon
TX_2185,CUST_4032,2025-08-04,13:21:19,1,Monday,False,Batch brew,240.0,580.0,card,2025-08-04 13:21:19,Afternoon
TX_2185,CUST_4032,2025-08-04,13:21:19,1,Monday,False,Latte,340.0,580.0,card,2025-08-04 13:21:19,Afternoon
TX_1244,CUST_7613,2025-08-04,13:24:40,1,Monday,False,Cappuccino,320.0,320.0,card,2025-08-04 13:24:40,Afternoon
TX_3459,CUST_2112,2025-08-04,13:27:46,1,Monday,False,Latte with add,440.0,680.0,card,2025-08-04 13:27:46,Afternoon
TX_3459,CUST_2112,2025-08-04,13:27:46,1,Monday,False,Batch brew,240.0,680.0,card,2025-08-04 13:27:46,Afternoon
TX_2458,CUST_5531,2025-08-04,13:31:41,1,Monday,False,Latte with add,440.0,860.0,card,2025-08-04 13:31:41,Afternoon
TX_2458,CUST_5531,2025-08-04,13:31:41,1,Monday,False,Raf coffee,420.0,860.0,card,2025-08-04 13:31:41,Afternoon
TX_0074,CUST_1254,2025-08-04,13:47:17,1,Monday,False,Latte with add,440.0,440.0,cash,2025-08-04 13:47:17,Afternoon
TX_2496,CUST_9784,2025-08-04,14:06:06,1,Monday,False,Latte,340.0,340.0,cash,2025-08-04 14:06:06,Afternoon
TX_2528,CUST_7161,2025-08-04,14:09:01,1,Monday,False,Batch brew,240.0,240.0,card,2025-08-04 14:09:01,Afternoon
TX_1409,CUST_9868,2025-08-04,14:22:20,1,Monday,False,Raf coffee,420.0,420.0,card,2025-08-04 14:22:20,Afternoon
TX_0203,CUST_9665,2025-08-04,14:23:55,1,Monday,False,Cappuccino,320.0,320.0,card,2025-08-04 14:23:55,Afternoon
TX_1815,CUST_7597,2025-08-05,08:00:02,2,Tuesday,False,Warming drinks (tea),400.0,980.0,cash,2025-08-05 08:00:02,Morning
TX_1815,CUST_7597,2025-08-05,08:00:02,2,Tuesday,False,Flat white,340.0,980.0,cash,2025-08-05 08:00:02,Morning
TX_1815,CUST_7597,2025-08-05,08:00:02,2,Tuesday,False,Batch brew,240.0,980.0,cash,2025-08-05 08:00:02,Morning
TX_0708,CUST_1141,2025-08-05,08:03:26,2,Tuesday,False,Flat white,340.0,980.0,cash,2025-08-05 08:03:26,Morning
TX_0708,CUST_1141,2025-08-05,08:03:26,2,Tuesday,False,Cappuccino,320.0,980.0,cash,2025-08-05 08:03:26,Morning
TX_0708,CUST_1141,2025-08-05,08:03:26,2,Tuesday,False,Cappuccino,320.0,980.0,cash,2025-08-05 08:03:26,Morning
TX_0198,CUST_2896,2025-08-05,08:19:33,2,Tuesday,False,Raf coffee,420.0,420.0,cash,2025-08-05 08:19:33,Morning
TX_0837,CUST_3682,2025-08-05,08:28:35,2,Tuesday,False,Batch brew,240.0,240.0,card,2025-08-05 08:28:35,Morning
TX_2533,CUST_7894,2025-08-05,08:46:37,2,Tuesday,False,Cappuccino,320.0,320.0,cash,2025-08-05 08:46:37,Morning
TX_3390,CUST_6243,2025-08-05,08:55:32,2,Tuesday,False,Cappuccino,320.0,880.0,cash,2025-08-05 08:55:32,Morning
TX_3390,CUST_6243,2025-08-05,08:55:32,2,Tuesday,False,Cappuccino,320.0,880.0,cash,2025-08-05 08:55:32,Morning
TX_3390,CUST_6243,2025-08-05,08:55:32,2,Tuesday,False,Batch brew,240.0,880.0,cash,2025-08-05 08:55:32,Morning
TX_3107,CUST_8266,2025-08-05,08:58:30,2,Tuesday,False,Latte with add,440.0,440.0,card,2025-08-05 08:58:30,Morning
TX_0342,CUST_2226,2025-08-05,09:00:18,2,Tuesday,False,Latte with add,440.0,440.0,cash,2025-08-05 09:00:18,Morning
TX_0472,CUST_8687,2025-08-05,09:02:41,2,Tuesday,False,Latte,340.0,340.0,card,2025-08-05 09:02:41,Morning
TX_2956,CUST_9278,2025-08-05,09:11:17,2,Tuesday,False,Latte,340.0,780.0,card,2025-08-05 09:11:17,Morning
TX_2956,CUST_9278,2025-08-05,09:11:17,2,Tuesday,False,Latte with add,440.0,780.0,card,2025-08-05 09:11:17,Morning
TX_2899,CUST_7499,2025-08-05,09:15:11,2,Tuesday,False,Latte with add,440.0,440.0,cash,2025-08-05 09:15:11,Morning
TX_1210,CUST_1203,2025-08-05,09:43:04,2,Tuesday,False,Raf coffee,420.0,420.0,cash,2025-08-05 09:43:04,Morning
TX_3490,CUST_6232,2025-08-05,10:21:39,2,Tuesday,False,Cappuccino,320.0,980.0,card,2025-08-05 10:21:39,Morning
TX_3490,CUST_6232,2025-08-05,10:21:39,2,Tuesday,False,Latte,340.0,980.0,card,2025-08-05 10:21:39,Morning
TX_3490,CUST_6232,2025-08-05,10:21:39,2,Tuesday,False,Cappuccino,320.0,980.0,card,2025-08-05 10:21:39,Morning
TX_0234,CUST_1533,2025-08-05,10:27:07,2,Tuesday,False,Latte,340.0,340.0,card,2025-08-05 10:27:07,Morning
TX_2631,CUST_7458,2025-08-05,10:40:17,2,Tuesday,False,Batch brew,240.0,240.0,card,2025-08-05 10:40:17,Morning
TX_2641,CUST_8385,2025-08-05,12:01:41,2,Tuesday,False,Latte,340.0,340.0,card,2025-08-05 12:01:41,Afternoon
TX_0467,CUST_8651,2025-08-05,12:22:15,2,Tuesday,False,Cappuccino,320.0,660.0,card,2025-08-05 12:22:15,Afternoon
TX_0467,CUST_8651,2025-08-05,12:22:15,2,Tuesday,False,Latte,340.0,660.0,card,2025-08-05 12:22:15,Afternoon
TX_2372,CUST_1726,2025-08-05,12:22:58,2,Tuesday,False,Cappuccino,320.0,1060.0,card,2025-08-05 12:22:58,Afternoon
TX_2372,CUST_1726,2025-08-05,12:22:58,2,Tuesday,False,Flat white,340.0,1060.0,card,2025-08-05 12:22:58,Afternoon
TX_2372,CUST_1726,2025-08-05,12:22:58,2,Tuesday,False,Warming drinks (tea),400.0,1060.0,card,2025-08-05 12:22:58,Afternoon
TX_2966,CUST_5428,2025-08-05,12:31:15,2,Tuesday,False,Flat white,340.0,340.0,card,2025-08-05 12:31:15,Afternoon
TX_2788,CUST_2635,2025-08-05,12:35:03,2,Tuesday,False,Raf coffee,420.0,420.0,card,2025-08-05 12:35:03,Afternoon
TX_3391,CUST_6104,2025-08-05,12:46:34,2,Tuesday,False,Batch brew,240.0,240.0,card,2025-08-05 12:46:34,Afternoon
TX_2690,CUST_3597,2025-08-05,12:50:32,2,Tuesday,False,Raf coffee,420.0,420.0,card,2025-08-05 12:50:32,Afternoon
TX_2861,CUST_3043,2025-08-05,12:53:51,2,Tuesday,False,Batch brew,240.0,240.0,card,2025-08-05 12:53:51,Afternoon
TX_2289,CUST_1662,2025-08-05,13:02:15,2,Tuesday,False,Latte,340.0,340.0,cash,2025-08-05 13:02:15,Afternoon
TX_1814,CUST_3617,2025-08-05,13:19:21,2,Tuesday,False,Flat white,340.0,340.0,card,2025-08-05 13:19:21,Afternoon
TX_0949,CUST_5190,2025-08-05,13:20:06,2,Tuesday,False,Flat white,340.0,340.0,card,2025-08-05 13:20:06,Afternoon
TX_1181,CUST_3086,2025-08-05,13:21:28,2,Tuesday,False,Latte with add,440.0,1160.0,card,2025-08-05 13:21:28,Afternoon
TX_1181,CUST_3086,2025-08-05,13:21:28,2,Tuesday,False,Warming drinks (tea),400.0,1160.0,card,2025-08-05 13:21:28,Afternoon
TX_1181,CUST_3086,2025-08-05,13:21:28,2,Tuesday,False,Cappuccino,320.0,1160.0,card,2025-08-05 13:21:28,Afternoon
TX_1246,CUST_8491,2025-08-05,13:26:51,2,Tuesday,False,Raf coffee,420.0,740.0,cash,2025-08-05 13:26:51,Afternoon
TX_1246,CUST_8491,2025-08-05,13:26:51,2,Tuesday,False,Cappuccino,320.0,740.0,cash,2025-08-05 13:26:51,Afternoon
TX_1440,CUST_6383,2025-08-05,13:43:13,2,Tuesday,False,Latte with add,440.0,440.0,cash,2025-08-05 13:43:13,Afternoon
TX_1082,CUST_1889,2025-08-05,13:47:23,2,Tuesday,False,Latte with add,440.0,440.0,card,2025-08-05 13:47:23,Afternoon
TX_2300,CUST_1125,2025-08-05,13:48:05,2,Tuesday,False,Batch brew,240.0,240.0,card,2025-08-05 13:48:05,Afternoon
TX_0226,CUST_3045,2025-08-05,13:48:53,2,Tuesday,False,Cappuccino,320.0,760.0,card,2025-08-05 13:48:53,Afternoon
TX_0226,CUST_3045,2025-08-05,13:48:53,2,Tuesday,False,Latte with add,440.0,760.0,card,2025-08-05 13:48:53,Afternoon
TX_2061,CUST_7201,2025-08-05,13:51:45,2,Tuesday,False,Cappuccino,320.0,320.0,card,2025-08-05 13:51:45,Afternoon
TX_2825,CUST_5786,2025-08-05,13:59:50,2,Tuesday,False,Latte,340.0,340.0,card,2025-08-05 13:59:50,Afternoon
TX_3321,CUST_2111,2025-08-05,14:01:37,2,Tuesday,False,Raf coffee,420.0,420.0,cash,2025-08-05 14:01:37,Afternoon
TX_1427,CUST_9394,2025-08-05,14:02:06,2,Tuesday,False,Latte with add,440.0,440.0,card,2025-08-05 14:02:06,Afternoon
TX_0422,CUST_6411,2025-08-05,14:04:23,2,Tuesday,False,Flat white,340.0,340.0,card,2025-08-05 14:04:23,Afternoon
TX_0056,CUST_4131,2025-08-05,14:10:56,2,Tuesday,False,Latte,340.0,340.0,card,2025-08-05 14:10:56,Afternoon
TX_2360,CUST_2877,2025-08-05,14:16:04,2,Tuesday,False,Cappuccino,320.0,980.0,cash,2025-08-05 14:16:04,Afternoon
TX_2360,CUST_2877,2025-08-05,14:16:04,2,Tuesday,False,Batch brew,240.0,980.0,cash,2025-08-05 14:16:04,Afternoon
TX_2360,CUST_2877,2025-08-05,14:16:04,2,Tuesday,False,Raf coffee,420.0,980.0,cash,2025-08-05 14:16:04,Afternoon
TX_2822,CUST_8812,2025-08-05,14:19:06,2,Tuesday,False,Raf coffee,420.0,860.0,card,2025-08-05 14:19:06,Afternoon
TX_2822,CUST_8812,2025-08-05,14:19:06,2,Tuesday,False,Latte with add,440.0,860.0,card,2025-08-05 14:19:06,Afternoon
TX_1514,CUST_6383,2025-08-05,14:21:27,2,Tuesday,False,Latte,340.0,340.0,card,2025-08-05 14:21:27,Afternoon
TX_0142,CUST_3296,2025-08-05,14:39:28,2,Tuesday,False,Latte,340.0,340.0,card,2025-08-05 14:39:28,Afternoon
TX_0958,CUST_1415,2025-08-05,18:00:52,2,Tuesday,False,Batch brew,240.0,240.0,card,2025-08-05 18:00:52,Evening
TX_1964,CUST_9177,2025-08-05,18:30:44,2,Tuesday,False,Cappuccino,320.0,320.0,card,2025-08-05 18:30:44,Evening
TX_2352,CUST_4514,2025-08-06,08:26:33,3,Wednesday,False,Batch brew,240.0,920.0,card,2025-08-06 08:26:33,Morning
TX_2352,CUST_4514,2025-08-06,08:26:33,3,Wednesday,False,Batch brew,240.0,920.0,card,2025-08-06 08:26:33,Morning
TX_2352,CUST_4514,2025-08-06,08:26:33,3,Wednesday,False,Latte with add,440.0,920.0,card,2025-08-06 08:26:33,Morning
TX_0338,CUST_9847,2025-08-06,09:14:16,3,Wednesday,False,Latte,340.0,340.0,card,2025-08-06 09:14:16,Morning
TX_2637,CUST_4157,2025-08-06,09:22:55,3,Wednesday,False,Cappuccino,320.0,660.0,card,2025-08-06 09:22:55,Morning
TX_2637,CUST_4157,2025-08-06,09:22:55,3,Wednesday,False,Latte,340.0,660.0,card,2025-08-06 09:22:55,Morning
TX_0591,CUST_6751,2025-08-06,09:27:30,3,Wednesday,False,Batch brew,240.0,810.0,card,2025-08-06 09:27:30,Morning
TX_0591,CUST_6751,2025-08-06,09:27:30,3,Wednesday,False,Espresso,230.0,810.0,card,2025-08-06 09:27:30,Morning
TX_0591,CUST_6751,2025-08-06,09:27:30,3,Wednesday,False,Flat white,340.0,810.0,card,2025-08-06 09:27:30,Morning
TX_1566,CUST_5990,2025-08-06,09:32:25,3,Wednesday,False,Espresso,230.0,230.0,card,2025-08-06 09:32:25,Morning
TX_0206,CUST_6508,2025-08-06,09:35:11,3,Wednesday,False,Raf coffee,420.0,420.0,cash,2025-08-06 09:35:11,Morning
TX_2247,CUST_6391,2025-08-06,09:56:30,3,Wednesday,False,Cappuccino,320.0,320.0,cash,2025-08-06 09:56:30,Morning
TX_0630,CUST_3836,2025-08-06,10:08:47,3,Wednesday,False,Latte with add,440.0,440.0,card,2025-08-06 10:08:47,Morning
TX_0823,CUST_1971,2025-08-06,10:25:15,3,Wednesday,False,Cappuccino,320.0,320.0,card,2025-08-06 10:25:15,Morning
TX_1290,CUST_3229,2025-08-06,11:00:27,3,Wednesday,False,Latte with add,440.0,440.0,card,2025-08-06 11:00:27,Afternoon
TX_1676,CUST_8204,2025-08-06,12:10:35,3,Wednesday,False,Flat white,340.0,780.0,cash,2025-08-06 12:10:35,Afternoon
TX_1676,CUST_8204,2025-08-06,12:10:35,3,Wednesday,False,Latte with add,440.0,780.0,cash,2025-08-06 12:10:35,Afternoon
TX_0201,CUST_2756,2025-08-06,12:10:59,3,Wednesday,False,Latte with add,440.0,440.0,card,2025-08-06 12:10:59,Afternoon
TX_3282,CUST_8929,2025-08-06,12:16:59,3,Wednesday,False,Raf coffee,420.0,420.0,card,2025-08-06 12:16:59,Afternoon
TX_0942,CUST_2434,2025-08-06,12:38:10,3,Wednesday,False,Latte,340.0,340.0,card,2025-08-06 12:38:10,Afternoon
TX_2845,CUST_4568,2025-08-06,12:42:30,3,Wednesday,False,Batch brew,240.0,1020.0,card,2025-08-06 12:42:30,Afternoon
TX_2845,CUST_4568,2025-08-06,12:42:30,3,Wednesday,False,Latte,340.0,1020.0,card,2025-08-06 12:42:30,Afternoon
TX_2845,CUST_4568,2025-08-06,12:42:30,3,Wednesday,False,Latte with add,440.0,1020.0,card,2025-08-06 12:42:30,Afternoon
TX_1051,CUST_8180,2025-08-06,12:44:09,3,Wednesday,False,Warming drinks (tea),400.0,400.0,card,2025-08-06 12:44:09,Afternoon
TX_2912,CUST_2356,2025-08-06,12:46:20,3,Wednesday,False,Latte with add,440.0,440.0,card,2025-08-06 12:46:20,Afternoon
TX_0019,CUST_9053,2025-08-06,12:46:58,3,Wednesday,False,Latte with add,440.0,440.0,cash,2025-08-06 12:46:58,Afternoon
TX_0102,CUST_6435,2025-08-06,12:50:35,3,Wednesday,False,Latte with add,440.0,440.0,card,2025-08-06 12:50:35,Afternoon
TX_2104,CUST_1509,2025-08-06,12:56:36,3,Wednesday,False,Latte,340.0,660.0,card,2025-08-06 12:56:36,Afternoon
TX_2104,CUST_1509,2025-08-06,12:56:36,3,Wednesday,False,Cappuccino,320.0,660.0,card,2025-08-06 12:56:36,Afternoon
TX_1448,CUST_6018,2025-08-06,13:02:18,3,Wednesday,False,Latte with add,440.0,440.0,card,2025-08-06 13:02:18,Afternoon
TX_3311,CUST_5333,2025-08-06,13:10:28,3,Wednesday,False,Warming drinks (tea),400.0,400.0,card,2025-08-06 13:10:28,Afternoon
TX_0460,CUST_4635,2025-08-06,13:19:55,3,Wednesday,False,Raf coffee,420.0,760.0,card,2025-08-06 13:19:55,Afternoon
TX_0460,CUST_4635,2025-08-06,13:19:55,3,Wednesday,False,Latte,340.0,760.0,card,2025-08-06 13:19:55,Afternoon
TX_2979,CUST_9385,2025-08-06,13:33:25,3,Wednesday,False,Cappuccino,320.0,640.0,cash,2025-08-06 13:33:25,Afternoon
TX_2979,CUST_9385,2025-08-06,13:33:25,3,Wednesday,False,Cappuccino,320.0,640.0,cash,2025-08-06 13:33:25,Afternoon
TX_2764,CUST_6455,2025-08-06,13:34:43,3,Wednesday,False,Warming drinks (tea),400.0,400.0,cash,2025-08-06 13:34:43,Afternoon
TX_1087,CUST_3135,2025-08-06,13:35:48,3,Wednesday,False,Batch brew,240.0,240.0,card,2025-08-06 13:35:48,Afternoon
TX_3027,CUST_1980,2025-08-06,13:37:33,3,Wednesday,False,Latte,340.0,920.0,card,2025-08-06 13:37:33,Afternoon
TX_3027,CUST_1980,2025-08-06,13:37:33,3,Wednesday,False,Batch brew,240.0,920.0,card,2025-08-06 13:37:33,Afternoon
TX_3027,CUST_1980,2025-08-06,13:37:33,3,Wednesday,False,Latte,340.0,920.0,card,2025-08-06 13:37:33,Afternoon
TX_2668,CUST_9741,2025-08-06,13:47:16,3,Wednesday,False,Latte,340.0,340.0,card,2025-08-06 13:47:16,Afternoon
TX_0770,CUST_8162,2025-08-06,13:48:16,3,Wednesday,False,Raf coffee,420.0,420.0,card,2025-08-06 13:48:16,Afternoon
TX_3151,CUST_4596,2025-08-06,14:03:40,3,Wednesday,False,Espresso,230.0,230.0,cash,2025-08-06 14:03:40,Afternoon
TX_0828,CUST_3850,2025-08-06,14:15:23,3,Wednesday,False,Batch brew,240.0,240.0,card,2025-08-06 14:15:23,Afternoon
TX_0231,CUST_8047,2025-08-06,14:16:09,3,Wednesday,False,Batch brew,240.0,240.0,card,2025-08-06 14:16:09,Afternoon
TX_0896,CUST_8347,2025-08-06,14:18:49,3,Wednesday,False,Latte,340.0,340.0,card,2025-08-06 14:18:49,Afternoon
TX_1868,CUST_3893,2025-08-06,17:51:54,3,Wednesday,False,Latte,340.0,570.0,card,2025-08-06 17:51:54,Evening
TX_1868,CUST_3893,2025-08-06,17:51:54,3,Wednesday,False,Espresso,230.0,570.0,card,2025-08-06 17:51:54,Evening
TX_3275,CUST_3579,2025-08-06,17:57:59,3,Wednesday,False,Flat white,340.0,340.0,card,2025-08-06 17:57:59,Evening
TX_2944,CUST_2119,2025-08-06,18:07:58,3,Wednesday,False,Raf coffee,420.0,420.0,card,2025-08-06 18:07:58,Evening
TX_3505,CUST_7798,2025-08-06,18:13:22,3,Wednesday,False,Latte,340.0,340.0,card,2025-08-06 18:13:22,Evening
TX_0355,CUST_5704,2025-08-06,18:33:03,3,Wednesday,False,Batch brew,240.0,1000.0,card,2025-08-06 18:33:03,Evening
TX_0355,CUST_5704,2025-08-06,18:33:03,3,Wednesday,False,Cappuccino,320.0,1000.0,card,2025-08-06 18:33:03,Evening
TX_0355,CUST_5704,2025-08-06,18:33:03,3,Wednesday,False,Latte with add,440.0,1000.0,card,2025-08-06 18:33:03,Evening
TX_0186,CUST_9676,2025-08-07,08:00:44,4,Thursday,False,Warming drinks (tea),400.0,800.0,cash,2025-08-07 08:00:44,Morning
TX_0186,CUST_9676,2025-08-07,08:00:44,4,Thursday,False,Warming drinks (tea),400.0,800.0,cash,2025-08-07 08:00:44,Morning
TX_3327,CUST_3455,2025-08-07,08:14:34,4,Thursday,False,Latte,340.0,340.0,card,2025-08-07 08:14:34,Morning
TX_3502,CUST_1231,2025-08-07,08:41:09,4,Thursday,False,Latte with add,440.0,440.0,cash,2025-08-07 08:41:09,Morning
TX_2329,CUST_5619,2025-08-07,08:49:33,4,Thursday,False,Raf coffee,420.0,420.0,card,2025-08-07 08:49:33,Morning
TX_3299,CUST_6296,2025-08-07,09:06:45,4,Thursday,False,Cappuccino,320.0,320.0,card,2025-08-07 09:06:45,Morning
TX_1347,CUST_1555,2025-08-07,09:08:22,4,Thursday,False,Latte,340.0,680.0,card,2025-08-07 09:08:22,Morning
TX_1347,CUST_1555,2025-08-07,09:08:22,4,Thursday,False,Latte,340.0,680.0,card,2025-08-07 09:08:22,Morning
TX_1036,CUST_8495,2025-08-07,09:27:05,4,Thursday,False,Cappuccino,320.0,320.0,cash,2025-08-07 09:27:05,Morning
TX_1915,CUST_2309,2025-08-07,09:35:55,4,Thursday,False,Latte with add,440.0,760.0,cash,2025-08-07 09:35:55,Morning
TX_1915,CUST_2309,2025-08-07,09:35:55,4,Thursday,False,Cappuccino,320.0,760.0,cash,2025-08-07 09:35:55,Morning
TX_2035,CUST_1347,2025-08-07,09:38:10,4,Thursday,False,Espresso,230.0,230.0,card,2025-08-07 09:38:10,Morning
TX_3422,CUST_7893,2025-08-07,09:43:16,4,Thursday,False,Latte with add,440.0,440.0,card,2025-08-07 09:43:16,Morning
TX_1847,CUST_7507,2025-08-07,09:48:34,4,Thursday,False,Flat white,340.0,340.0,cash,2025-08-07 09:48:34,Morning
TX_1417,CUST_1524,2025-08-07,09:51:15,4,Thursday,False,Latte,340.0,340.0,card,2025-08-07 09:51:15,Morning
TX_0023,CUST_9742,2025-08-07,10:37:10,4,Thursday,False,Cappuccino,320.0,660.0,card,2025-08-07 10:37:10,Morning
TX_0023,CUST_9742,2025-08-07,10:37:10,4,Thursday,False,Flat white,340.0,660.0,card,2025-08-07 10:37:10,Morning
TX_2550,CUST_8105,2025-08-07,11:42:16,4,Thursday,False,Cappuccino,320.0,320.0,card,2025-08-07 11:42:16,Afternoon
TX_2243,CUST_9557,2025-08-07,11:52:53,4,Thursday,False,Cappuccino,320.0,1040.0,cash,2025-08-07 11:52:53,Afternoon
TX_2243,CUST_9557,2025-08-07,11:52:53,4,Thursday,False,Warming drinks (tea),400.0,1040.0,cash,2025-08-07 11:52:53,Afternoon
TX_2243,CUST_9557,2025-08-07,11:52:53,4,Thursday,False,Cappuccino,320.0,1040.0,cash,2025-08-07 11:52:53,Afternoon
TX_0029,CUST_4515,2025-08-07,12:01:24,4,Thursday,False,Cappuccino,320.0,320.0,card,2025-08-07 12:01:24,Afternoon
TX_2743,CUST_4562,2025-08-07,12:01:35,4,Thursday,False,Latte,340.0,340.0,cash,2025-08-07 12:01:35,Afternoon
TX_3350,CUST_7147,2025-08-07,12:12:30,4,Thursday,False,Flat white,340.0,340.0,cash,2025-08-07 12:12:30,Afternoon
TX_2707,CUST_8047,2025-08-07,12:41:44,4,Thursday,False,Batch brew,240.0,680.0,card,2025-08-07 12:41:44,Afternoon
TX_2707,CUST_8047,2025-08-07,12:41:44,4,Thursday,False,Latte with add,440.0,680.0,card,2025-08-07 12:41:44,Afternoon
TX_2346,CUST_5004,2025-08-07,12:42:29,4,Thursday,False,Latte,340.0,340.0,cash,2025-08-07 12:42:29,Afternoon
TX_2015,CUST_9153,2025-08-07,12:57:10,4,Thursday,False,Batch brew,240.0,240.0,cash,2025-08-07 12:57:10,Afternoon
TX_0347,CUST_4550,2025-08-07,12:58:34,4,Thursday,False,Latte with add,440.0,440.0,cash,2025-08-07 12:58:34,Afternoon
TX_0524,CUST_9984,2025-08-07,13:06:06,4,Thursday,False,Flat white,340.0,340.0,card,2025-08-07 13:06:06,Afternoon
TX_2455,CUST_4666,2025-08-07,13:09:10,4,Thursday,False,Latte,340.0,340.0,card,2025-08-07 13:09:10,Afternoon
TX_3495,CUST_2043,2025-08-07,13:10:09,4,Thursday,False,Batch brew,240.0,240.0,card,2025-08-07 13:10:09,Afternoon
TX_3052,CUST_2008,2025-08-07,13:15:36,4,Thursday,False,Raf coffee,420.0,740.0,card,2025-08-07 13:15:36,Afternoon
TX_3052,CUST_2008,2025-08-07,13:15:36,4,Thursday,False,Cappuccino,320.0,740.0,card,2025-08-07 13:15:36,Afternoon
TX_1927,CUST_2602,2025-08-07,13:25:50,4,Thursday,False,Batch brew,240.0,240.0,card,2025-08-07 13:25:50,Afternoon
TX_3372,CUST_2005,2025-08-07,13:26:48,4,Thursday,False,Warming drinks (tea),400.0,400.0,cash,2025-08-07 13:26:48,Afternoon
TX_0492,CUST_6274,2025-08-07,13:27:00,4,Thursday,False,Flat white,340.0,340.0,card,2025-08-07 13:27:00,Afternoon
TX_3531,CUST_5432,2025-08-07,13:30:26,4,Thursday,False,Latte with add,440.0,440.0,card,2025-08-07 13:30:26,Afternoon
TX_0518,CUST_6780,2025-08-07,13:38:55,4,Thursday,False,Latte with add,440.0,440.0,card,2025-08-07 13:38:55,Afternoon
TX_2356,CUST_9616,2025-08-07,13:45:31,4,Thursday,False,Cappuccino,320.0,320.0,card,2025-08-07 13:45:31,Afternoon
TX_2664,CUST_9602,2025-08-07,13:46:26,4,Thursday,False,Cappuccino,320.0,890.0,card,2025-08-07 13:46:26,Afternoon
TX_2664,CUST_9602,2025-08-07,13:46:26,4,Thursday,False,Espresso,230.0,890.0,card,2025-08-07 13:46:26,Afternoon
TX_2664,CUST_9602,2025-08-07,13:46:26,4,Thursday,False,Latte,340.0,890.0,card,2025-08-07 13:46:26,Afternoon
TX_0552,CUST_8237,2025-08-07,13:59:57,4,Thursday,False,Latte with add,440.0,440.0,card,2025-08-07 13:59:57,Afternoon
TX_2608,CUST_4617,2025-08-07,14:05:18,4,Thursday,False,Latte,340.0,340.0,card,2025-08-07 14:05:18,Afternoon
TX_2813,CUST_1238,2025-08-07,14:21:11,4,Thursday,False,Batch brew,240.0,920.0,cash,2025-08-07 14:21:11,Afternoon
TX_2813,CUST_1238,2025-08-07,14:21:11,4,Thursday,False,Latte,340.0,920.0,cash,2025-08-07 14:21:11,Afternoon
TX_2813,CUST_1238,2025-08-07,14:21:11,4,Thursday,False,Latte,340.0,920.0,cash,2025-08-07 14:21:11,Afternoon
TX_0352,CUST_8994,2025-08-07,14:36:07,4,Thursday,False,Cappuccino,320.0,320.0,cash,2025-08-07 14:36:07,Afternoon
TX_2642,CUST_3251,2025-08-07,14:55:11,4,Thursday,False,Cappuccino,320.0,320.0,card,2025-08-07 14:55:11,Afternoon
TX_1212,CUST_6524,2025-08-07,16:00:15,4,Thursday,False,Latte with add,440.0,440.0,card,2025-08-07 16:00:15,Evening
TX_2671,CUST_1400,2025-08-07,16:11:53,4,Thursday,False,Flat white,340.0,340.0,card,2025-08-07 16:11:53,Evening
TX_3416,CUST_8208,2025-08-07,17:27:56,4,Thursday,False,Batch brew,240.0,240.0,card,2025-08-07 17:27:56,Evening
TX_3255,CUST_7498,2025-08-07,17:44:41,4,Thursday,False,Cappuccino,320.0,320.0,card,2025-08-07 17:44:41,Evening
TX_3040,CUST_2207,2025-08-07,17:49:45,4,Thursday,False,Latte with add,440.0,680.0,card,2025-08-07 17:49:45,Evening
TX_3040,CUST_2207,2025-08-07,17:49:45,4,Thursday,False,Batch brew,240.0,680.0,card,2025-08-07 17:49:45,Evening
TX_3006,CUST_7281,2025-08-08,08:00:21,5,Friday,False,Cappuccino,320.0,560.0,cash,2025-08-08 08:00:21,Morning
TX_3006,CUST_7281,2025-08-08,08:00:21,5,Friday,False,Batch brew,240.0,560.0,cash,2025-08-08 08:00:21,Morning
TX_0062,CUST_3563,2025-08-08,08:31:41,5,Friday,False,Espresso,230.0,790.0,card,2025-08-08 08:31:41,Morning
TX_0062,CUST_3563,2025-08-08,08:31:41,5,Friday,False,Cappuccino,320.0,790.0,card,2025-08-08 08:31:41,Morning
TX_0062,CUST_3563,2025-08-08,08:31:41,5,Friday,False,Batch brew,240.0,790.0,card,2025-08-08 08:31:41,Morning
TX_0960,CUST_4024,2025-08-08,08:42:13,5,Friday,False,Batch brew,240.0,240.0,cash,2025-08-08 08:42:13,Morning
TX_2306,CUST_5596,2025-08-08,09:16:31,5,Friday,False,Latte,340.0,340.0,card,2025-08-08 09:16:31,Morning
TX_1684,CUST_5804,2025-08-08,09:26:29,5,Friday,False,Batch brew,240.0,240.0,cash,2025-08-08 09:26:29,Morning
TX_3169,CUST_8426,2025-08-08,09:28:04,5,Friday,False,Batch brew,240.0,240.0,card,2025-08-08 09:28:04,Morning
TX_2205,CUST_5196,2025-08-08,09:30:15,5,Friday,False,Flat white,340.0,340.0,card,2025-08-08 09:30:15,Morning
TX_0934,CUST_5549,2025-08-08,09:31:49,5,Friday,False,Batch brew,240.0,240.0,cash,2025-08-08 09:31:49,Morning
TX_1438,CUST_6964,2025-08-08,09:33:22,5,Friday,False,Cappuccino,320.0,320.0,cash,2025-08-08 09:33:22,Morning
TX_2440,CUST_6002,2025-08-08,09:34:17,5,Friday,False,Latte with add,440.0,1020.0,cash,2025-08-08 09:34:17,Morning
TX_2440,CUST_6002,2025-08-08,09:34:17,5,Friday,False,Flat white,340.0,1020.0,cash,2025-08-08 09:34:17,Morning
TX_2440,CUST_6002,2025-08-08,09:34:17,5,Friday,False,Batch brew,240.0,1020.0,cash,2025-08-08 09:34:17,Morning
TX_0801,CUST_1352,2025-08-08,09:37:12,5,Friday,False,Latte with add,440.0,1000.0,card,2025-08-08 09:37:12,Morning
TX_0801,CUST_1352,2025-08-08,09:37:12,5,Friday,False,Batch brew,240.0,1000.0,card,2025-08-08 09:37:12,Morning
TX_0801,CUST_1352,2025-08-08,09:37:12,5,Friday,False,Cappuccino,320.0,1000.0,card,2025-08-08 09:37:12,Morning
TX_0427,CUST_2338,2025-08-08,09:42:07,5,Friday,False,Cappuccino,320.0,320.0,card,2025-08-08 09:42:07,Morning
TX_2473,CUST_5019,2025-08-08,09:43:35,5,Friday,False,Batch brew,240.0,240.0,cash,2025-08-08 09:43:35,Morning
TX_2207,CUST_4519,2025-08-08,10:06:02,5,Friday,False,Latte,340.0,1000.0,card,2025-08-08 10:06:02,Morning
TX_2207,CUST_4519,2025-08-08,10:06:02,5,Friday,False,Latte,340.0,1000.0,card,2025-08-08 10:06:02,Morning
TX_2207,CUST_4519,2025-08-08,10:06:02,5,Friday,False,Cappuccino,320.0,1000.0,card,2025-08-08 10:06:02,Morning
TX_1637,CUST_8671,2025-08-08,10:09:04,5,Friday,False,Flat white,340.0,340.0,card,2025-08-08 10:09:04,Morning
TX_1266,CUST_7090,2025-08-08,10:14:43,5,Friday,False,Flat white,340.0,340.0,card,2025-08-08 10:14:43,Morning
TX_2404,CUST_1722,2025-08-08,10:38:55,5,Friday,False,Batch brew,240.0,240.0,card,2025-08-08 10:38:55,Morning
TX_1535,CUST_2217,2025-08-08,10:40:32,5,Friday,False,Espresso,230.0,230.0,card,2025-08-08 10:40:32,Morning
TX_0741,CUST_3031,2025-08-08,12:17:25,5,Friday,False,Cappuccino,320.0,760.0,card,2025-08-08 12:17:25,Afternoon
TX_0741,CUST_3031,2025-08-08,12:17:25,5,Friday,False,Latte with add,440.0,760.0,card,2025-08-08 12:17:25,Afternoon
TX_0666,CUST_1591,2025-08-08,12:24:09,5,Friday,False,Cappuccino,320.0,320.0,card,2025-08-08 12:24:09,Afternoon
TX_2273,CUST_2278,2025-08-08,12:25:24,5,Friday,False,Cappuccino,320.0,320.0,cash,2025-08-08 12:25:24,Afternoon
TX_1675,CUST_1527,2025-08-08,12:30:45,5,Friday,False,Latte,340.0,340.0,card,2025-08-08 12:30:45,Afternoon
TX_0486,CUST_6172,2025-08-08,13:02:51,5,Friday,False,Batch brew,240.0,240.0,card,2025-08-08 13:02:51,Afternoon
TX_0921,CUST_2841,2025-08-08,13:03:53,5,Friday,False,Cappuccino,320.0,320.0,card,2025-08-08 13:03:53,Afternoon
TX_0525,CUST_5329,2025-08-08,13:06:12,5,Friday,False,Latte with add,440.0,780.0,cash,2025-08-08 13:06:12,Afternoon
TX_0525,CUST_5329,2025-08-08,13:06:12,5,Friday,False,Flat white,340.0,780.0,cash,2025-08-08 13:06:12,Afternoon
TX_3291,CUST_9927,2025-08-08,13:17:43,5,Friday,False,Batch brew,240.0,240.0,card,2025-08-08 13:17:43,Afternoon
TX_1659,CUST_7656,2025-08-08,13:20:35,5,Friday,False,Batch brew,240.0,680.0,cash,2025-08-08 13:20:35,Afternoon
TX_1659,CUST_7656,2025-08-08,13:20:35,5,Friday,False,Latte with add,440.0,680.0,cash,2025-08-08 13:20:35,Afternoon
TX_1324,CUST_4603,2025-08-08,13:25:05,5,Friday,False,Warming drinks (tea),400.0,400.0,cash,2025-08-08 13:25:05,Afternoon
TX_3080,CUST_9750,2025-08-08,13:33:40,5,Friday,False,Latte with add,440.0,440.0,cash,2025-08-08 13:33:40,Afternoon
TX_2400,CUST_6771,2025-08-08,13:35:46,5,Friday,False,Latte,340.0,340.0,card,2025-08-08 13:35:46,Afternoon
TX_0969,CUST_9606,2025-08-08,13:39:12,5,Friday,False,Batch brew,240.0,240.0,card,2025-08-08 13:39:12,Afternoon
TX_0431,CUST_8634,2025-08-08,13:41:38,5,Friday,False,Latte,340.0,660.0,card,2025-08-08 13:41:38,Afternoon
TX_0431,CUST_8634,2025-08-08,13:41:38,5,Friday,False,Cappuccino,320.0,660.0,card,2025-08-08 13:41:38,Afternoon
TX_0233,CUST_8319,2025-08-08,13:48:37,5,Friday,False,Latte,340.0,340.0,card,2025-08-08 13:48:37,Afternoon
TX_1327,CUST_8188,2025-08-08,13:51:09,5,Friday,False,Batch brew,240.0,240.0,cash,2025-08-08 13:51:09,Afternoon
TX_1481,CUST_7233,2025-08-08,13:52:38,5,Friday,False,Raf coffee,420.0,420.0,cash,2025-08-08 13:52:38,Afternoon
TX_0856,CUST_3277,2025-08-08,13:54:32,5,Friday,False,Batch brew,240.0,240.0,card,2025-08-08 13:54:32,Afternoon
TX_2386,CUST_8259,2025-08-08,14:16:31,5,Friday,False,Batch brew,240.0,240.0,card,2025-08-08 14:16:31,Afternoon
TX_1692,CUST_9703,2025-08-08,14:19:09,5,Friday,False,Latte,340.0,780.0,card,2025-08-08 14:19:09,Afternoon
TX_1692,CUST_9703,2025-08-08,14:19:09,5,Friday,False,Latte with add,440.0,780.0,card,2025-08-08 14:19:09,Afternoon
TX_1665,CUST_8546,2025-08-08,14:31:44,5,Friday,False,Batch brew,240.0,240.0,card,2025-08-08 14:31:44,Afternoon
TX_1758,CUST_6229,2025-08-08,16:21:34,5,Friday,False,Batch brew,240.0,820.0,card,2025-08-08 16:21:34,Evening
TX_1758,CUST_6229,2025-08-08,16:21:34,5,Friday,False,Batch brew,240.0,820.0,card,2025-08-08 16:21:34,Evening
TX_1758,CUST_6229,2025-08-08,16:21:34,5,Friday,False,Latte,340.0,820.0,card,2025-08-08 16:21:34,Evening
TX_1143,CUST_8281,2025-08-08,16:26:16,5,Friday,False,Batch brew,240.0,240.0,card,2025-08-08 16:26:16,Evening
TX_2371,CUST_7601,2025-08-08,18:00:20,5,Friday,False,Latte with add,440.0,440.0,card,2025-08-08 18:00:20,Evening
TX_0634,CUST_5611,2025-08-08,18:22:20,5,Friday,False,Cappuccino,320.0,320.0,card,2025-08-08 18:22:20,Evening
TX_2640,CUST_4760,2025-08-08,18:53:35,5,Friday,False,Latte with add,440.0,440.0,card,2025-08-08 18:53:35,Evening
TX_0611,CUST_3933,2025-08-08,19:08:25,5,Friday,False,Raf coffee,420.0,420.0,card,2025-08-08 19:08:25,Evening
TX_3334,CUST_4956,2025-08-09,08:33:05,6,Saturday,True,Flat white,340.0,340.0,card,2025-08-09 08:33:05,Morning
TX_0600,CUST_3617,2025-08-09,08:56:25,6,Saturday,True,Cappuccino,320.0,320.0,card,2025-08-09 08:56:25,Morning
TX_1709,CUST_5185,2025-08-09,09:07:03,6,Saturday,True,Latte,340.0,340.0,cash,2025-08-09 09:07:03,Morning
TX_3293,CUST_7442,2025-08-09,09:25:44,6,Saturday,True,Flat white,340.0,1100.0,card,2025-08-09 09:25:44,Morning
TX_3293,CUST_7442,2025-08-09,09:25:44,6,Saturday,True,Cappuccino,320.0,1100.0,card,2025-08-09 09:25:44,Morning
TX_3293,CUST_7442,2025-08-09,09:25:44,6,Saturday,True,Latte with add,440.0,1100.0,card,2025-08-09 09:25:44,Morning
TX_0303,CUST_2614,2025-08-09,09:33:50,6,Saturday,True,Latte,340.0,660.0,card,2025-08-09 09:33:50,Morning
TX_0303,CUST_2614,2025-08-09,09:33:50,6,Saturday,True,Cappuccino,320.0,660.0,card,2025-08-09 09:33:50,Morning
TX_2708,CUST_7897,2025-08-09,10:20:45,6,Saturday,True,Latte,340.0,340.0,cash,2025-08-09 10:20:45,Morning
TX_0568,CUST_6172,2025-08-09,10:48:27,6,Saturday,True,Cappuccino,320.0,1080.0,cash,2025-08-09 10:48:27,Morning
TX_0568,CUST_6172,2025-08-09,10:48:27,6,Saturday,True,Cappuccino,320.0,1080.0,cash,2025-08-09 10:48:27,Morning
TX_0568,CUST_6172,2025-08-09,10:48:27,6,Saturday,True,Latte with add,440.0,1080.0,cash,2025-08-09 10:48:27,Morning
TX_2011,CUST_8533,2025-08-09,12:34:06,6,Saturday,True,Latte,340.0,660.0,card,2025-08-09 12:34:06,Afternoon
TX_2011,CUST_8533,2025-08-09,12:34:06,6,Saturday,True,Cappuccino,320.0,660.0,card,2025-08-09 12:34:06,Afternoon
TX_1957,CUST_2934,2025-08-09,12:47:23,6,Saturday,True,Latte with add,440.0,440.0,cash,2025-08-09 12:47:23,Afternoon
TX_2363,CUST_7470,2025-08-09,12:50:22,6,Saturday,True,Warming drinks (tea),400.0,840.0,card,2025-08-09 12:50:22,Afternoon
TX_2363,CUST_7470,2025-08-09,12:50:22,6,Saturday,True,Latte with add,440.0,840.0,card,2025-08-09 12:50:22,Afternoon
TX_2992,CUST_6652,2025-08-09,13:07:34,6,Saturday,True,Batch brew,240.0,980.0,cash,2025-08-09 13:07:34,Afternoon
TX_2992,CUST_6652,2025-08-09,13:07:34,6,Saturday,True,Flat white,340.0,980.0,cash,2025-08-09 13:07:34,Afternoon
TX_2992,CUST_6652,2025-08-09,13:07:34,6,Saturday,True,Warming drinks (tea),400.0,980.0,cash,2025-08-09 13:07:34,Afternoon
TX_2494,CUST_5902,2025-08-09,13:12:07,6,Saturday,True,Cappuccino,320.0,320.0,cash,2025-08-09 13:12:07,Afternoon
TX_2024,CUST_4279,2025-08-09,13:26:24,6,Saturday,True,Warming drinks (tea),400.0,400.0,cash,2025-08-09 13:26:24,Afternoon
TX_3405,CUST_5892,2025-08-09,13:35:35,6,Saturday,True,Cappuccino,320.0,320.0,card,2025-08-09 13:35:35,Afternoon
TX_3213,CUST_6632,2025-08-09,13:45:18,6,Saturday,True,Batch brew,240.0,240.0,card,2025-08-09 13:45:18,Afternoon
TX_0140,CUST_4975,2025-08-09,13:45:44,6,Saturday,True,Cappuccino,320.0,320.0,cash,2025-08-09 13:45:44,Afternoon
TX_0461,CUST_2979,2025-08-09,13:55:27,6,Saturday,True,Latte with add,440.0,440.0,cash,2025-08-09 13:55:27,Afternoon
TX_0872,CUST_8881,2025-08-09,13:58:02,6,Saturday,True,Flat white,340.0,660.0,cash,2025-08-09 13:58:02,Afternoon
TX_0872,CUST_8881,2025-08-09,13:58:02,6,Saturday,True,Cappuccino,320.0,660.0,cash,2025-08-09 13:58:02,Afternoon
TX_1391,CUST_4723,2025-08-09,14:06:54,6,Saturday,True,Cappuccino,320.0,320.0,card,2025-08-09 14:06:54,Afternoon
TX_3455,CUST_2710,2025-08-09,14:08:15,6,Saturday,True,Cappuccino,320.0,760.0,card,2025-08-09 14:08:15,Afternoon
TX_3455,CUST_2710,2025-08-09,14:08:15,6,Saturday,True,Latte with add,440.0,760.0,card,2025-08-09 14:08:15,Afternoon
TX_1694,CUST_4068,2025-08-09,14:08:42,6,Saturday,True,Latte,340.0,660.0,card,2025-08-09 14:08:42,Afternoon
TX_1694,CUST_4068,2025-08-09,14:08:42,6,Saturday,True,Cappuccino,320.0,660.0,card,2025-08-09 14:08:42,Afternoon
TX_0310,CUST_2968,2025-08-09,14:21:27,6,Saturday,True,Cappuccino,320.0,320.0,cash,2025-08-09 14:21:27,Afternoon
TX_0767,CUST_4196,2025-08-09,14:25:48,6,Saturday,True,Flat white,340.0,780.0,cash,2025-08-09 14:25:48,Afternoon
TX_0767,CUST_4196,2025-08-09,14:25:48,6,Saturday,True,Latte with add,440.0,780.0,cash,2025-08-09 14:25:48,Afternoon
TX_1269,CUST_1310,2025-08-09,14:57:47,6,Saturday,True,Raf coffee,420.0,420.0,cash,2025-08-09 14:57:47,Afternoon
TX_1211,CUST_1847,2025-08-09,15:02:21,6,Saturday,True,Cappuccino,320.0,320.0,card,2025-08-09 15:02:21,Afternoon
TX_2604,CUST_5358,2025-08-09,15:24:27,6,Saturday,True,Warming drinks (tea),400.0,400.0,card,2025-08-09 15:24:27,Afternoon
TX_0916,CUST_7665,2025-08-09,16:00:58,6,Saturday,True,Warming drinks (tea),400.0,400.0,card,2025-08-09 16:00:58,Evening
TX_3130,CUST_1572,2025-08-09,17:15:24,6,Saturday,True,Cappuccino,320.0,320.0,card,2025-08-09 17:15:24,Evening
TX_2244,CUST_6984,2025-08-09,17:33:53,6,Saturday,True,Raf coffee,420.0,420.0,card,2025-08-09 17:33:53,Evening
TX_2676,CUST_1690,2025-08-09,17:36:11,6,Saturday,True,Latte,340.0,340.0,card,2025-08-09 17:36:11,Evening
TX_3285,CUST_4228,2025-08-09,17:51:06,6,Saturday,True,Espresso,230.0,550.0,cash,2025-08-09 17:51:06,Evening
TX_3285,CUST_4228,2025-08-09,17:51:06,6,Saturday,True,Cappuccino,320.0,550.0,cash,2025-08-09 17:51:06,Evening
TX_1748,CUST_2591,2025-08-09,18:19:46,6,Saturday,True,Flat white,340.0,1100.0,cash,2025-08-09 18:19:46,Evening
TX_1748,CUST_2591,2025-08-09,18:19:46,6,Saturday,True,Cappuccino,320.0,1100.0,cash,2025-08-09 18:19:46,Evening
TX_1748,CUST_2591,2025-08-09,18:19:46,6,Saturday,True,Latte with add,440.0,1100.0,cash,2025-08-09 18:19:46,Evening
TX_2409,CUST_8295,2025-08-10,08:06:47,7,Sunday,True,Batch brew,240.0,240.0,cash,2025-08-10 08:06:47,Morning
TX_0578,CUST_7454,2025-08-10,08:31:34,7,Sunday,True,Cappuccino,320.0,320.0,card,2025-08-10 08:31:34,Morning
TX_0626,CUST_5873,2025-08-10,08:45:56,7,Sunday,True,Latte with add,440.0,440.0,card,2025-08-10 08:45:56,Morning
TX_2478,CUST_1747,2025-08-10,08:50:29,7,Sunday,True,Cappuccino,320.0,320.0,card,2025-08-10 08:50:29,Morning
TX_2265,CUST_6441,2025-08-10,08:56:00,7,Sunday,True,Batch brew,240.0,240.0,card,2025-08-10 08:56:00,Morning
TX_2820,CUST_7401,2025-08-10,09:08:14,7,Sunday,True,Cappuccino,320.0,320.0,card,2025-08-10 09:08:14,Morning
TX_0339,CUST_6527,2025-08-10,09:15:10,7,Sunday,True,Latte,340.0,340.0,card,2025-08-10 09:15:10,Morning
TX_2864,CUST_3401,2025-08-10,09:44:13,7,Sunday,True,Flat white,340.0,340.0,cash,2025-08-10 09:44:13,Morning
TX_3038,CUST_8880,2025-08-10,09:48:25,7,Sunday,True,Latte with add,440.0,440.0,cash,2025-08-10 09:48:25,Morning
TX_2882,CUST_9197,2025-08-10,10:41:01,7,Sunday,True,Latte with add,440.0,440.0,card,2025-08-10 10:41:01,Morning
TX_0447,CUST_4015,2025-08-10,10:50:46,7,Sunday,True,Batch brew,240.0,240.0,cash,2025-08-10 10:50:46,Morning
TX_2380,CUST_1145,2025-08-10,12:05:12,7,Sunday,True,Cappuccino,320.0,320.0,card,2025-08-10 12:05:12,Afternoon
TX_2027,CUST_1411,2025-08-10,12:33:55,7,Sunday,True,Latte with add,440.0,440.0,cash,2025-08-10 12:33:55,Afternoon
TX_3457,CUST_3797,2025-08-10,12:52:48,7,Sunday,True,Flat white,340.0,340.0,card,2025-08-10 12:52:48,Afternoon
TX_0793,CUST_6294,2025-08-10,12:52:54,7,Sunday,True,Latte with add,440.0,440.0,cash,2025-08-10 12:52:54,Afternoon
TX_3224,CUST_1050,2025-08-10,13:10:33,7,Sunday,True,Latte with add,440.0,780.0,card,2025-08-10 13:10:33,Afternoon
TX_3224,CUST_1050,2025-08-10,13:10:33,7,Sunday,True,Latte,340.0,780.0,card,2025-08-10 13:10:33,Afternoon
TX_2054,CUST_2558,2025-08-10,13:11:15,7,Sunday,True,Latte,340.0,340.0,card,2025-08-10 13:11:15,Afternoon
TX_1005,CUST_2856,2025-08-10,13:27:57,7,Sunday,True,Flat white,340.0,340.0,card,2025-08-10 13:27:57,Afternoon
TX_2984,CUST_7705,2025-08-10,13:34:21,7,Sunday,True,Latte with add,440.0,440.0,cash,2025-08-10 13:34:21,Afternoon
TX_0387,CUST_8537,2025-08-10,13:43:34,7,Sunday,True,Cappuccino,320.0,320.0,cash,2025-08-10 13:43:34,Afternoon
TX_2089,CUST_7799,2025-08-10,14:01:47,7,Sunday,True,Batch brew,240.0,240.0,card,2025-08-10 14:01:47,Afternoon
TX_2802,CUST_4603,2025-08-10,14:01:54,7,Sunday,True,Cappuccino,320.0,320.0,cash,2025-08-10 14:01:54,Afternoon
TX_0713,CUST_4138,2025-08-10,14:08:45,7,Sunday,True,Latte with add,440.0,440.0,card,2025-08-10 14:08:45,Afternoon
TX_0349,CUST_5260,2025-08-10,14:08:57,7,Sunday,True,Cappuccino,320.0,320.0,card,2025-08-10 14:08:57,Afternoon
TX_1660,CUST_7449,2025-08-10,14:17:25,7,Sunday,True,Cappuccino,320.0,320.0,card,2025-08-10 14:17:25,Afternoon
TX_3355,CUST_8688,2025-08-10,15:11:12,7,Sunday,True,Latte with add,440.0,440.0,card,2025-08-10 15:11:12,Afternoon
TX_2590,CUST_6617,2025-08-10,16:48:12,7,Sunday,True,Latte with add,440.0,440.0,card,2025-08-10 16:48:12,Evening
TX_0644,CUST_4395,2025-08-10,17:21:48,7,Sunday,True,Cappuccino,320.0,320.0,cash,2025-08-10 17:21:48,Evening
TX_3510,CUST_9613,2025-08-10,17:58:12,7,Sunday,True,Cappuccino,320.0,320.0,cash,2025-08-10 17:58:12,Evening
TX_2012,CUST_4796,2025-08-10,18:04:32,7,Sunday,True,Latte with add,440.0,440.0,card,2025-08-10 18:04:32,Evening
TX_1499,CUST_4735,2025-08-10,18:13:25,7,Sunday,True,Latte,340.0,340.0,cash,2025-08-10 18:13:25,Evening
TX_1337,CUST_4280,2025-08-10,18:20:26,7,Sunday,True,Latte with add,440.0,760.0,card,2025-08-10 18:20:26,Evening
TX_1337,CUST_4280,2025-08-10,18:20:26,7,Sunday,True,Cappuccino,320.0,760.0,card,2025-08-10 18:20:26,Evening
TX_0268,CUST_7555,2025-08-10,19:12:54,7,Sunday,True,Espresso,230.0,230.0,cash,2025-08-10 19:12:54,Evening
TX_2009,CUST_1404,2025-08-10,19:18:47,7,Sunday,True,Batch brew,240.0,240.0,card,2025-08-10 19:18:47,Evening
TX_3042,CUST_1515,2025-08-10,19:25:27,7,Sunday,True,Cappuccino,320.0,320.0,card,2025-08-10 19:25:27,Evening
TX_2776,CUST_4218,2025-08-11,08:00:37,1,Monday,False,Cappuccino,320.0,320.0,cash,2025-08-11 08:00:37,Morning
TX_1937,CUST_1112,2025-08-11,08:00:49,1,Monday,False,Batch brew,240.0,680.0,card,2025-08-11 08:00:49,Morning
TX_1937,CUST_1112,2025-08-11,08:00:49,1,Monday,False,Latte with add,440.0,680.0,card,2025-08-11 08:00:49,Morning
TX_2722,CUST_1658,2025-08-11,08:02:00,1,Monday,False,Batch brew,240.0,980.0,card,2025-08-11 08:02:00,Morning
TX_2722,CUST_1658,2025-08-11,08:02:00,1,Monday,False,Cappuccino,320.0,980.0,card,2025-08-11 08:02:00,Morning
TX_2722,CUST_1658,2025-08-11,08:02:00,1,Monday,False,Raf coffee,420.0,980.0,card,2025-08-11 08:02:00,Morning
TX_0089,CUST_1133,2025-08-11,08:21:33,1,Monday,False,Latte,340.0,340.0,card,2025-08-11 08:21:33,Morning
TX_2038,CUST_6317,2025-08-11,08:30:56,1,Monday,False,Flat white,340.0,340.0,card,2025-08-11 08:30:56,Morning
TX_2405,CUST_4745,2025-08-11,08:46:47,1,Monday,False,Cappuccino,320.0,320.0,card,2025-08-11 08:46:47,Morning
TX_1077,CUST_8466,2025-08-11,08:55:29,1,Monday,False,Latte with add,440.0,440.0,card,2025-08-11 08:55:29,Morning
TX_3479,CUST_9090,2025-08-11,09:02:53,1,Monday,False,Warming drinks (tea),400.0,400.0,cash,2025-08-11 09:02:53,Morning
TX_2317,CUST_2783,2025-08-11,09:09:37,1,Monday,False,Latte with add,440.0,440.0,cash,2025-08-11 09:09:37,Morning
TX_1670,CUST_6224,2025-08-11,09:12:44,1,Monday,False,Latte with add,440.0,1100.0,card,2025-08-11 09:12:44,Morning
TX_1670,CUST_6224,2025-08-11,09:12:44,1,Monday,False,Cappuccino,320.0,1100.0,card,2025-08-11 09:12:44,Morning
TX_1670,CUST_6224,2025-08-11,09:12:44,1,Monday,False,Flat white,340.0,1100.0,card,2025-08-11 09:12:44,Morning
TX_3443,CUST_4552,2025-08-11,09:34:12,1,Monday,False,Latte,340.0,340.0,cash,2025-08-11 09:34:12,Morning
TX_2483,CUST_3148,2025-08-11,09:37:28,1,Monday,False,Cappuccino,320.0,320.0,card,2025-08-11 09:37:28,Morning
TX_0991,CUST_7096,2025-08-11,10:08:38,1,Monday,False,Latte with add,440.0,440.0,card,2025-08-11 10:08:38,Morning
TX_1823,CUST_7467,2025-08-11,10:40:13,1,Monday,False,Raf coffee,420.0,740.0,card,2025-08-11 10:40:13,Morning
TX_1823,CUST_7467,2025-08-11,10:40:13,1,Monday,False,Cappuccino,320.0,740.0,card,2025-08-11 10:40:13,Morning
TX_2324,CUST_2439,2025-08-11,10:50:22,1,Monday,False,Batch brew,240.0,240.0,cash,2025-08-11 10:50:22,Morning
TX_0598,CUST_8318,2025-08-11,10:57:12,1,Monday,False,Batch brew,240.0,240.0,card,2025-08-11 10:57:12,Morning
TX_0504,CUST_4002,2025-08-11,11:49:24,1,Monday,False,Warming drinks (tea),400.0,400.0,cash,2025-08-11 11:49:24,Afternoon
TX_1987,CUST_5314,2025-08-11,12:10:08,1,Monday,False,Raf coffee,420.0,740.0,card,2025-08-11 12:10:08,Afternoon
TX_1987,CUST_5314,2025-08-11,12:10:08,1,Monday,False,Cappuccino,320.0,740.0,card,2025-08-11 12:10:08,Afternoon
TX_2362,CUST_1799,2025-08-11,12:41:17,1,Monday,False,Espresso,230.0,230.0,cash,2025-08-11 12:41:17,Afternoon
TX_1842,CUST_4016,2025-08-11,12:46:07,1,Monday,False,Cappuccino,320.0,320.0,card,2025-08-11 12:46:07,Afternoon
TX_0489,CUST_4662,2025-08-11,12:51:39,1,Monday,False,Latte,340.0,340.0,card,2025-08-11 12:51:39,Afternoon
TX_3514,CUST_9487,2025-08-11,12:55:08,1,Monday,False,Batch brew,240.0,240.0,cash,2025-08-11 12:55:08,Afternoon
TX_1062,CUST_3488,2025-08-11,13:00:49,1,Monday,False,Latte,340.0,340.0,cash,2025-08-11 13:00:49,Afternoon
TX_2804,CUST_7681,2025-08-11,13:08:41,1,Monday,False,Espresso,230.0,900.0,card,2025-08-11 13:08:41,Afternoon
TX_2804,CUST_7681,2025-08-11,13:08:41,1,Monday,False,Espresso,230.0,900.0,card,2025-08-11 13:08:41,Afternoon
TX_2804,CUST_7681,2025-08-11,13:08:41,1,Monday,False,Latte with add,440.0,900.0,card,2025-08-11 13:08:41,Afternoon
TX_0852,CUST_5714,2025-08-11,13:13:35,1,Monday,False,Batch brew,240.0,240.0,card,2025-08-11 13:13:35,Afternoon
TX_2655,CUST_2664,2025-08-11,13:16:04,1,Monday,False,Cappuccino,320.0,640.0,card,2025-08-11 13:16:04,Afternoon
TX_2655,CUST_2664,2025-08-11,13:16:04,1,Monday,False,Cappuccino,320.0,640.0,card,2025-08-11 13:16:04,Afternoon
TX_3217,CUST_9018,2025-08-11,13:35:07,1,Monday,False,Cappuccino,320.0,640.0,card,2025-08-11 13:35:07,Afternoon
TX_3217,CUST_9018,2025-08-11,13:35:07,1,Monday,False,Cappuccino,320.0,640.0,card,2025-08-11 13:35:07,Afternoon
TX_0039,CUST_7946,2025-08-11,13:44:12,1,Monday,False,Cappuccino,320.0,320.0,card,2025-08-11 13:44:12,Afternoon
TX_2568,CUST_5585,2025-08-11,13:46:30,1,Monday,False,Raf coffee,420.0,420.0,card,2025-08-11 13:46:30,Afternoon
TX_2454,CUST_2767,2025-08-11,13:47:16,1,Monday,False,Batch brew,240.0,560.0,card,2025-08-11 13:47:16,Afternoon
TX_2454,CUST_2767,2025-08-11,13:47:16,1,Monday,False,Cappuccino,320.0,560.0,card,2025-08-11 13:47:16,Afternoon
TX_2730,CUST_9300,2025-08-11,13:50:10,1,Monday,False,Cappuccino,320.0,320.0,cash,2025-08-11 13:50:10,Afternoon
TX_1133,CUST_8272,2025-08-11,13:53:40,1,Monday,False,Latte with add,440.0,880.0,card,2025-08-11 13:53:40,Afternoon
TX_1133,CUST_8272,2025-08-11,13:53:40,1,Monday,False,Latte with add,440.0,880.0,card,2025-08-11 13:53:40,Afternoon
TX_0455,CUST_6810,2025-08-11,13:58:52,1,Monday,False,Cappuccino,320.0,560.0,card,2025-08-11 13:58:52,Afternoon
TX_0455,CUST_6810,2025-08-11,13:58:52,1,Monday,False,Batch brew,240.0,560.0,card,2025-08-11 13:58:52,Afternoon
TX_2377,CUST_6136,2025-08-11,14:17:06,1,Monday,False,Latte,340.0,660.0,cash,2025-08-11 14:17:06,Afternoon
TX_2377,CUST_6136,2025-08-11,14:17:06,1,Monday,False,Cappuccino,320.0,660.0,cash,2025-08-11 14:17:06,Afternoon
TX_1925,CUST_8595,2025-08-11,14:20:58,1,Monday,False,Batch brew,240.0,240.0,card,2025-08-11 14:20:58,Afternoon
TX_2737,CUST_1217,2025-08-11,14:32:36,1,Monday,False,Warming drinks (tea),400.0,740.0,card,2025-08-11 14:32:36,Afternoon
TX_2737,CUST_1217,2025-08-11,14:32:36,1,Monday,False,Latte,340.0,740.0,card,2025-08-11 14:32:36,Afternoon
TX_0531,CUST_6411,2025-08-11,14:34:53,1,Monday,False,Latte with add,440.0,440.0,card,2025-08-11 14:34:53,Afternoon
TX_0014,CUST_5244,2025-08-11,14:43:50,1,Monday,False,Batch brew,240.0,240.0,card,2025-08-11 14:43:50,Afternoon
TX_3246,CUST_4024,2025-08-11,17:23:17,1,Monday,False,Raf coffee,420.0,760.0,card,2025-08-11 17:23:17,Evening
TX_3246,CUST_4024,2025-08-11,17:23:17,1,Monday,False,Flat white,340.0,760.0,card,2025-08-11 17:23:17,Evening
TX_0868,CUST_2636,2025-08-11,17:26:15,1,Monday,False,Espresso,230.0,570.0,card,2025-08-11 17:26:15,Evening
TX_0868,CUST_2636,2025-08-11,17:26:15,1,Monday,False,Latte,340.0,570.0,card,2025-08-11 17:26:15,Evening
TX_0228,CUST_1811,2025-08-11,18:01:15,1,Monday,False,Latte,340.0,340.0,card,2025-08-11 18:01:15,Evening
TX_2067,CUST_6759,2025-08-11,18:03:44,1,Monday,False,Cappuccino,320.0,320.0,cash,2025-08-11 18:03:44,Evening
TX_0580,CUST_4668,2025-08-11,18:13:58,1,Monday,False,Latte with add,440.0,440.0,card,2025-08-11 18:13:58,Evening
TX_2950,CUST_7393,2025-08-12,08:00:20,2,Tuesday,False,Cappuccino,320.0,760.0,cash,2025-08-12 08:00:20,Morning
TX_2950,CUST_7393,2025-08-12,08:00:20,2,Tuesday,False,Latte with add,440.0,760.0,cash,2025-08-12 08:00:20,Morning
TX_0086,CUST_3155,2025-08-12,08:10:50,2,Tuesday,False,Latte with add,440.0,440.0,card,2025-08-12 08:10:50,Morning
TX_1740,CUST_1350,2025-08-12,08:47:34,2,Tuesday,False,Raf coffee,420.0,760.0,card,2025-08-12 08:47:34,Morning
TX_1740,CUST_1350,2025-08-12,08:47:34,2,Tuesday,False,Latte,340.0,760.0,card,2025-08-12 08:47:34,Morning
TX_2697,CUST_1330,2025-08-12,08:49:44,2,Tuesday,False,Latte,340.0,340.0,card,2025-08-12 08:49:44,Morning
TX_0535,CUST_2937,2025-08-12,09:01:39,2,Tuesday,False,Batch brew,240.0,240.0,card,2025-08-12 09:01:39,Morning
TX_2378,CUST_8221,2025-08-12,09:09:32,2,Tuesday,False,Cappuccino,320.0,660.0,card,2025-08-12 09:09:32,Morning
TX_2378,CUST_8221,2025-08-12,09:09:32,2,Tuesday,False,Latte,340.0,660.0,card,2025-08-12 09:09:32,Morning
TX_2739,CUST_6945,2025-08-12,09:11:33,2,Tuesday,False,Flat white,340.0,340.0,card,2025-08-12 09:11:33,Morning
TX_0153,CUST_9164,2025-08-12,09:17:14,2,Tuesday,False,Latte with add,440.0,680.0,cash,2025-08-12 09:17:14,Morning
TX_0153,CUST_9164,2025-08-12,09:17:14,2,Tuesday,False,Batch brew,240.0,680.0,cash,2025-08-12 09:17:14,Morning
TX_2888,CUST_3891,2025-08-12,09:20:08,2,Tuesday,False,Espresso,230.0,570.0,card,2025-08-12 09:20:08,Morning
TX_2888,CUST_3891,2025-08-12,09:20:08,2,Tuesday,False,Latte,340.0,570.0,card,2025-08-12 09:20:08,Morning
TX_1852,CUST_2608,2025-08-12,09:26:39,2,Tuesday,False,Batch brew,240.0,240.0,card,2025-08-12 09:26:39,Morning
TX_0982,CUST_2247,2025-08-12,09:43:05,2,Tuesday,False,Latte,340.0,340.0,card,2025-08-12 09:43:05,Morning
TX_3494,CUST_3599,2025-08-12,09:56:07,2,Tuesday,False,Flat white,340.0,340.0,card,2025-08-12 09:56:07,Morning
TX_0608,CUST_6680,2025-08-12,10:01:30,2,Tuesday,False,Latte with add,440.0,440.0,card,2025-08-12 10:01:30,Morning
TX_0850,CUST_7206,2025-08-12,10:06:33,2,Tuesday,False,Cappuccino,320.0,320.0,card,2025-08-12 10:06:33,Morning
TX_3208,CUST_3681,2025-08-12,10:24:56,2,Tuesday,False,Batch brew,240.0,660.0,card,2025-08-12 10:24:56,Morning
TX_3208,CUST_3681,2025-08-12,10:24:56,2,Tuesday,False,Raf coffee,420.0,660.0,card,2025-08-12 10:24:56,Morning
TX_2741,CUST_4113,2025-08-12,10:54:17,2,Tuesday,False,Flat white,340.0,340.0,card,2025-08-12 10:54:17,Morning
TX_0618,CUST_3495,2025-08-12,11:00:05,2,Tuesday,False,Latte,340.0,340.0,card,2025-08-12 11:00:05,Afternoon
TX_0966,CUST_1250,2025-08-12,11:00:26,2,Tuesday,False,Latte,340.0,660.0,card,2025-08-12 11:00:26,Afternoon
TX_0966,CUST_1250,2025-08-12,11:00:26,2,Tuesday,False,Cappuccino,320.0,660.0,card,2025-08-12 11:00:26,Afternoon
TX_0502,CUST_1301,2025-08-12,12:16:42,2,Tuesday,False,Latte with add,440.0,440.0,cash,2025-08-12 12:16:42,Afternoon
TX_2220,CUST_9937,2025-08-12,12:38:57,2,Tuesday,False,Batch brew,240.0,240.0,card,2025-08-12 12:38:57,Afternoon
TX_1342,CUST_2900,2025-08-12,12:49:05,2,Tuesday,False,Latte,340.0,340.0,card,2025-08-12 12:49:05,Afternoon
TX_1643,CUST_3718,2025-08-12,12:49:08,2,Tuesday,False,Batch brew,240.0,240.0,card,2025-08-12 12:49:08,Afternoon
TX_1191,CUST_7760,2025-08-12,12:54:24,2,Tuesday,False,Latte with add,440.0,440.0,card,2025-08-12 12:54:24,Afternoon
TX_1673,CUST_4518,2025-08-12,12:58:32,2,Tuesday,False,Latte with add,440.0,440.0,card,2025-08-12 12:58:32,Afternoon
TX_2850,CUST_1964,2025-08-12,13:02:52,2,Tuesday,False,Latte,340.0,340.0,card,2025-08-12 13:02:52,Afternoon
TX_0971,CUST_1210,2025-08-12,13:15:14,2,Tuesday,False,Batch brew,240.0,240.0,card,2025-08-12 13:15:14,Afternoon
TX_0629,CUST_8009,2025-08-12,13:20:59,2,Tuesday,False,Latte with add,440.0,860.0,card,2025-08-12 13:20:59,Afternoon
TX_0629,CUST_8009,2025-08-12,13:20:59,2,Tuesday,False,Raf coffee,420.0,860.0,card,2025-08-12 13:20:59,Afternoon
TX_0815,CUST_8070,2025-08-12,13:24:17,2,Tuesday,False,Latte with add,440.0,440.0,cash,2025-08-12 13:24:17,Afternoon
TX_3018,CUST_3259,2025-08-12,13:37:03,2,Tuesday,False,Latte,340.0,340.0,card,2025-08-12 13:37:03,Afternoon
TX_2049,CUST_2910,2025-08-12,13:38:16,2,Tuesday,False,Batch brew,240.0,240.0,card,2025-08-12 13:38:16,Afternoon
TX_0411,CUST_6307,2025-08-12,13:41:21,2,Tuesday,False,Raf coffee,420.0,660.0,cash,2025-08-12 13:41:21,Afternoon
TX_0411,CUST_6307,2025-08-12,13:41:21,2,Tuesday,False,Batch brew,240.0,660.0,cash,2025-08-12 13:41:21,Afternoon
TX_3100,CUST_5661,2025-08-12,13:42:18,2,Tuesday,False,Batch brew,240.0,240.0,card,2025-08-12 13:42:18,Afternoon
TX_3002,CUST_1771,2025-08-12,13:42:45,2,Tuesday,False,Batch brew,240.0,240.0,cash,2025-08-12 13:42:45,Afternoon
TX_3110,CUST_8876,2025-08-12,13:44:47,2,Tuesday,False,Latte with add,440.0,440.0,card,2025-08-12 13:44:47,Afternoon
TX_1846,CUST_9490,2025-08-12,13:48:41,2,Tuesday,False,Cappuccino,320.0,320.0,card,2025-08-12 13:48:41,Afternoon
TX_2781,CUST_2846,2025-08-12,13:50:28,2,Tuesday,False,Cappuccino,320.0,320.0,card,2025-08-12 13:50:28,Afternoon
TX_1841,CUST_9393,2025-08-12,14:03:28,2,Tuesday,False,Batch brew,240.0,240.0,card,2025-08-12 14:03:28,Afternoon
TX_3084,CUST_1410,2025-08-12,14:06:03,2,Tuesday,False,Latte with add,440.0,440.0,card,2025-08-12 14:06:03,Afternoon
TX_2274,CUST_5355,2025-08-12,14:09:58,2,Tuesday,False,Espresso,230.0,230.0,cash,2025-08-12 14:09:58,Afternoon
TX_0825,CUST_3572,2025-08-12,14:17:41,2,Tuesday,False,Latte,340.0,340.0,card,2025-08-12 14:17:41,Afternoon
TX_0656,CUST_4866,2025-08-12,14:48:31,2,Tuesday,False,Latte with add,440.0,440.0,card,2025-08-12 14:48:31,Afternoon
TX_0900,CUST_1787,2025-08-12,17:21:47,2,Tuesday,False,Latte,340.0,660.0,card,2025-08-12 17:21:47,Evening
TX_0900,CUST_1787,2025-08-12,17:21:47,2,Tuesday,False,Cappuccino,320.0,660.0,card,2025-08-12 17:21:47,Evening
TX_2149,CUST_8511,2025-08-12,18:37:30,2,Tuesday,False,Warming drinks (tea),400.0,1060.0,card,2025-08-12 18:37:30,Evening
TX_2149,CUST_8511,2025-08-12,18:37:30,2,Tuesday,False,Cappuccino,320.0,1060.0,card,2025-08-12 18:37:30,Evening
TX_2149,CUST_8511,2025-08-12,18:37:30,2,Tuesday,False,Flat white,340.0,1060.0,card,2025-08-12 18:37:30,Evening
TX_0832,CUST_9309,2025-08-12,18:44:12,2,Tuesday,False,Latte,340.0,1020.0,card,2025-08-12 18:44:12,Evening
TX_0832,CUST_9309,2025-08-12,18:44:12,2,Tuesday,False,Latte,340.0,1020.0,card,2025-08-12 18:44:12,Evening
TX_0832,CUST_9309,2025-08-12,18:44:12,2,Tuesday,False,Latte,340.0,1020.0,card,2025-08-12 18:44:12,Evening
TX_1109,CUST_8346,2025-08-12,18:48:20,2,Tuesday,False,Batch brew,240.0,480.0,card,2025-08-12 18:48:20,Evening
TX_1109,CUST_8346,2025-08-12,18:48:20,2,Tuesday,False,Batch brew,240.0,480.0,card,2025-08-12 18:48:20,Evening
TX_2839,CUST_4527,2025-08-12,19:17:38,2,Tuesday,False,Cappuccino,320.0,320.0,card,2025-08-12 19:17:38,Evening
TX_1604,CUST_5677,2025-08-13,08:35:38,3,Wednesday,False,Latte,340.0,340.0,card,2025-08-13 08:35:38,Morning
TX_0848,CUST_1738,2025-08-13,08:51:22,3,Wednesday,False,Cappuccino,320.0,320.0,card,2025-08-13 08:51:22,Morning
TX_1568,CUST_5104,2025-08-13,08:59:30,3,Wednesday,False,Latte with add,440.0,440.0,card,2025-08-13 08:59:30,Morning
TX_2419,CUST_1668,2025-08-13,09:03:16,3,Wednesday,False,Cappuccino,320.0,320.0,card,2025-08-13 09:03:16,Morning
TX_2143,CUST_7861,2025-08-13,09:23:15,3,Wednesday,False,Latte,340.0,780.0,card,2025-08-13 09:23:15,Morning
TX_2143,CUST_7861,2025-08-13,09:23:15,3,Wednesday,False,Latte with add,440.0,780.0,card,2025-08-13 09:23:15,Morning
TX_0703,CUST_2796,2025-08-13,09:25:20,3,Wednesday,False,Raf coffee,420.0,740.0,card,2025-08-13 09:25:20,Morning
TX_0703,CUST_2796,2025-08-13,09:25:20,3,Wednesday,False,Cappuccino,320.0,740.0,card,2025-08-13 09:25:20,Morning
TX_1084,CUST_2285,2025-08-13,09:37:39,3,Wednesday,False,Cappuccino,320.0,320.0,card,2025-08-13 09:37:39,Morning
TX_3308,CUST_9819,2025-08-13,09:41:06,3,Wednesday,False,Batch brew,240.0,240.0,card,2025-08-13 09:41:06,Morning
TX_3320,CUST_5879,2025-08-13,09:43:33,3,Wednesday,False,Cappuccino,320.0,320.0,card,2025-08-13 09:43:33,Morning
TX_2670,CUST_1388,2025-08-13,09:52:46,3,Wednesday,False,Cappuccino,320.0,1000.0,card,2025-08-13 09:52:46,Morning
TX_2670,CUST_1388,2025-08-13,09:52:46,3,Wednesday,False,Batch brew,240.0,1000.0,card,2025-08-13 09:52:46,Morning
TX_2670,CUST_1388,2025-08-13,09:52:46,3,Wednesday,False,Latte with add,440.0,1000.0,card,2025-08-13 09:52:46,Morning
TX_0101,CUST_8367,2025-08-13,10:00:11,3,Wednesday,False,Batch brew,240.0,240.0,card,2025-08-13 10:00:11,Morning
TX_1918,CUST_8552,2025-08-13,10:02:21,3,Wednesday,False,Raf coffee,420.0,420.0,cash,2025-08-13 10:02:21,Morning
TX_2349,CUST_9537,2025-08-13,10:27:01,3,Wednesday,False,Latte,340.0,340.0,cash,2025-08-13 10:27:01,Morning
TX_3197,CUST_2175,2025-08-13,10:51:48,3,Wednesday,False,Latte with add,440.0,1000.0,card,2025-08-13 10:51:48,Morning
TX_3197,CUST_2175,2025-08-13,10:51:48,3,Wednesday,False,Cappuccino,320.0,1000.0,card,2025-08-13 10:51:48,Morning
TX_3197,CUST_2175,2025-08-13,10:51:48,3,Wednesday,False,Batch brew,240.0,1000.0,card,2025-08-13 10:51:48,Morning
TX_0930,CUST_8131,2025-08-13,11:00:12,3,Wednesday,False,Latte,340.0,340.0,cash,2025-08-13 11:00:12,Afternoon
TX_0383,CUST_8048,2025-08-13,11:59:55,3,Wednesday,False,Cappuccino,320.0,1000.0,card,2025-08-13 11:59:55,Afternoon
TX_0383,CUST_8048,2025-08-13,11:59:55,3,Wednesday,False,Latte with add,440.0,1000.0,card,2025-08-13 11:59:55,Afternoon
TX_0383,CUST_8048,2025-08-13,11:59:55,3,Wednesday,False,Batch brew,240.0,1000.0,card,2025-08-13 11:59:55,Afternoon
TX_2320,CUST_3133,2025-08-13,12:32:59,3,Wednesday,False,Batch brew,240.0,240.0,card,2025-08-13 12:32:59,Afternoon
TX_3153,CUST_7867,2025-08-13,12:48:13,3,Wednesday,False,Latte,340.0,340.0,card,2025-08-13 12:48:13,Afternoon
TX_0808,CUST_4464,2025-08-13,12:51:32,3,Wednesday,False,Latte with add,440.0,440.0,card,2025-08-13 12:51:32,Afternoon
TX_2443,CUST_8652,2025-08-13,13:05:20,3,Wednesday,False,Batch brew,240.0,640.0,card,2025-08-13 13:05:20,Afternoon
TX_2443,CUST_8652,2025-08-13,13:05:20,3,Wednesday,False,Warming drinks (tea),400.0,640.0,card,2025-08-13 13:05:20,Afternoon
TX_0017,CUST_5166,2025-08-13,13:13:54,3,Wednesday,False,Latte,340.0,660.0,card,2025-08-13 13:13:54,Afternoon
TX_0017,CUST_5166,2025-08-13,13:13:54,3,Wednesday,False,Cappuccino,320.0,660.0,card,2025-08-13 13:13:54,Afternoon
TX_3131,CUST_9533,2025-08-13,13:14:46,3,Wednesday,False,Cappuccino,320.0,320.0,card,2025-08-13 13:14:46,Afternoon
TX_0263,CUST_1165,2025-08-13,13:19:56,3,Wednesday,False,Batch brew,240.0,580.0,card,2025-08-13 13:19:56,Afternoon
TX_0263,CUST_1165,2025-08-13,13:19:56,3,Wednesday,False,Flat white,340.0,580.0,card,2025-08-13 13:19:56,Afternoon
TX_3476,CUST_5271,2025-08-13,13:26:32,3,Wednesday,False,Batch brew,240.0,240.0,cash,2025-08-13 13:26:32,Afternoon
TX_2716,CUST_7947,2025-08-13,13:51:26,3,Wednesday,False,Latte,340.0,760.0,card,2025-08-13 13:51:26,Afternoon
TX_2716,CUST_7947,2025-08-13,13:51:26,3,Wednesday,False,Raf coffee,420.0,760.0,card,2025-08-13 13:51:26,Afternoon
TX_2129,CUST_7960,2025-08-13,13:53:19,3,Wednesday,False,Latte with add,440.0,440.0,card,2025-08-13 13:53:19,Afternoon
TX_1419,CUST_9830,2025-08-13,13:56:58,3,Wednesday,False,Espresso,230.0,230.0,cash,2025-08-13 13:56:58,Afternoon
TX_0943,CUST_9313,2025-08-13,14:00:06,3,Wednesday,False,Batch brew,240.0,240.0,card,2025-08-13 14:00:06,Afternoon
TX_1871,CUST_7455,2025-08-13,14:02:26,3,Wednesday,False,Latte,340.0,340.0,cash,2025-08-13 14:02:26,Afternoon
TX_1233,CUST_6408,2025-08-13,14:23:13,3,Wednesday,False,Latte,340.0,340.0,cash,2025-08-13 14:23:13,Afternoon
TX_2230,CUST_3793,2025-08-13,14:24:29,3,Wednesday,False,Latte with add,440.0,840.0,card,2025-08-13 14:24:29,Afternoon
TX_2230,CUST_3793,2025-08-13,14:24:29,3,Wednesday,False,Warming drinks (tea),400.0,840.0,card,2025-08-13 14:24:29,Afternoon
TX_1728,CUST_1678,2025-08-13,14:37:43,3,Wednesday,False,Raf coffee,420.0,420.0,card,2025-08-13 14:37:43,Afternoon
TX_0146,CUST_5982,2025-08-13,17:43:37,3,Wednesday,False,Latte,340.0,340.0,card,2025-08-13 17:43:37,Evening
TX_0157,CUST_2503,2025-08-14,08:41:36,4,Thursday,False,Cappuccino,320.0,320.0,cash,2025-08-14 08:41:36,Morning
TX_2577,CUST_7371,2025-08-14,08:54:25,4,Thursday,False,Batch brew,240.0,240.0,card,2025-08-14 08:54:25,Morning
TX_0283,CUST_3816,2025-08-14,09:03:13,4,Thursday,False,Cappuccino,320.0,640.0,cash,2025-08-14 09:03:13,Morning
TX_0283,CUST_3816,2025-08-14,09:03:13,4,Thursday,False,Cappuccino,320.0,640.0,cash,2025-08-14 09:03:13,Morning
TX_1995,CUST_1275,2025-08-14,09:03:23,4,Thursday,False,Latte with add,440.0,1100.0,card,2025-08-14 09:03:23,Morning
TX_1995,CUST_1275,2025-08-14,09:03:23,4,Thursday,False,Latte,340.0,1100.0,card,2025-08-14 09:03:23,Morning
TX_1995,CUST_1275,2025-08-14,09:03:23,4,Thursday,False,Cappuccino,320.0,1100.0,card,2025-08-14 09:03:23,Morning
TX_0194,CUST_2222,2025-08-14,09:06:54,4,Thursday,False,Cappuccino,320.0,320.0,card,2025-08-14 09:06:54,Morning
TX_2903,CUST_6408,2025-08-14,09:18:26,4,Thursday,False,Batch brew,240.0,480.0,cash,2025-08-14 09:18:26,Morning
TX_2903,CUST_6408,2025-08-14,09:18:26,4,Thursday,False,Batch brew,240.0,480.0,cash,2025-08-14 09:18:26,Morning
TX_0069,CUST_5222,2025-08-14,09:33:10,4,Thursday,False,Batch brew,240.0,900.0,card,2025-08-14 09:33:10,Morning
TX_0069,CUST_5222,2025-08-14,09:33:10,4,Thursday,False,Latte,340.0,900.0,card,2025-08-14 09:33:10,Morning
TX_0069,CUST_5222,2025-08-14,09:33:10,4,Thursday,False,Cappuccino,320.0,900.0,card,2025-08-14 09:33:10,Morning
TX_3118,CUST_4411,2025-08-14,09:36:39,4,Thursday,False,Warming drinks (tea),400.0,400.0,card,2025-08-14 09:36:39,Morning
TX_1397,CUST_1292,2025-08-14,09:49:56,4,Thursday,False,Latte,340.0,1120.0,cash,2025-08-14 09:49:56,Morning
TX_1397,CUST_1292,2025-08-14,09:49:56,4,Thursday,False,Latte with add,440.0,1120.0,cash,2025-08-14 09:49:56,Morning
TX_1397,CUST_1292,2025-08-14,09:49:56,4,Thursday,False,Latte,340.0,1120.0,cash,2025-08-14 09:49:56,Morning
TX_0245,CUST_8921,2025-08-14,09:57:51,4,Thursday,False,Cappuccino,320.0,660.0,card,2025-08-14 09:57:51,Morning
TX_0245,CUST_8921,2025-08-14,09:57:51,4,Thursday,False,Latte,340.0,660.0,card,2025-08-14 09:57:51,Morning
TX_3348,CUST_4233,2025-08-14,10:17:44,4,Thursday,False,Cappuccino,320.0,550.0,card,2025-08-14 10:17:44,Morning
TX_3348,CUST_4233,2025-08-14,10:17:44,4,Thursday,False,Espresso,230.0,550.0,card,2025-08-14 10:17:44,Morning
TX_0719,CUST_7121,2025-08-14,10:33:30,4,Thursday,False,Latte with add,440.0,440.0,card,2025-08-14 10:33:30,Morning
TX_3054,CUST_1359,2025-08-14,10:40:39,4,Thursday,False,Espresso,230.0,230.0,cash,2025-08-14 10:40:39,Morning
TX_2469,CUST_7840,2025-08-14,11:00:20,4,Thursday,False,Raf coffee,420.0,420.0,card,2025-08-14 11:00:20,Afternoon
TX_1465,CUST_3864,2025-08-14,12:22:21,4,Thursday,False,Latte with add,440.0,440.0,card,2025-08-14 12:22:21,Afternoon
TX_1356,CUST_7593,2025-08-14,12:44:17,4,Thursday,False,Latte with add,440.0,440.0,cash,2025-08-14 12:44:17,Afternoon
TX_1464,CUST_3987,2025-08-14,12:49:21,4,Thursday,False,Batch brew,240.0,660.0,cash,2025-08-14 12:49:21,Afternoon
TX_1464,CUST_3987,2025-08-14,12:49:21,4,Thursday,False,Raf coffee,420.0,660.0,cash,2025-08-14 12:49:21,Afternoon
TX_3387,CUST_2117,2025-08-14,12:57:50,4,Thursday,False,Batch brew,240.0,240.0,cash,2025-08-14 12:57:50,Afternoon
TX_2236,CUST_9654,2025-08-14,13:00:26,4,Thursday,False,Cappuccino,320.0,320.0,cash,2025-08-14 13:00:26,Afternoon
TX_1640,CUST_8241,2025-08-14,13:39:34,4,Thursday,False,Flat white,340.0,340.0,cash,2025-08-14 13:39:34,Afternoon
TX_0663,CUST_6014,2025-08-14,13:40:15,4,Thursday,False,Flat white,340.0,340.0,card,2025-08-14 13:40:15,Afternoon
TX_0639,CUST_3391,2025-08-14,13:53:52,4,Thursday,False,Cappuccino,320.0,320.0,card,2025-08-14 13:53:52,Afternoon
TX_3493,CUST_6947,2025-08-14,14:17:34,4,Thursday,False,Cappuccino,320.0,320.0,cash,2025-08-14 14:17:34,Afternoon
TX_1110,CUST_1743,2025-08-14,14:28:17,4,Thursday,False,Batch brew,240.0,580.0,cash,2025-08-14 14:28:17,Afternoon
TX_1110,CUST_1743,2025-08-14,14:28:17,4,Thursday,False,Latte,340.0,580.0,cash,2025-08-14 14:28:17,Afternoon
TX_2926,CUST_1448,2025-08-14,14:29:22,4,Thursday,False,Latte,340.0,570.0,card,2025-08-14 14:29:22,Afternoon
TX_2926,CUST_1448,2025-08-14,14:29:22,4,Thursday,False,Espresso,230.0,570.0,card,2025-08-14 14:29:22,Afternoon
TX_3442,CUST_7723,2025-08-14,14:30:14,4,Thursday,False,Espresso,230.0,870.0,card,2025-08-14 14:30:14,Afternoon
TX_3442,CUST_7723,2025-08-14,14:30:14,4,Thursday,False,Warming drinks (tea),400.0,870.0,card,2025-08-14 14:30:14,Afternoon
TX_3442,CUST_7723,2025-08-14,14:30:14,4,Thursday,False,Batch brew,240.0,870.0,card,2025-08-14 14:30:14,Afternoon
TX_3423,CUST_4144,2025-08-14,15:07:12,4,Thursday,False,Batch brew,240.0,240.0,cash,2025-08-14 15:07:12,Afternoon
TX_1377,CUST_5412,2025-08-14,16:12:21,4,Thursday,False,Cappuccino,320.0,640.0,card,2025-08-14 16:12:21,Evening
TX_1377,CUST_5412,2025-08-14,16:12:21,4,Thursday,False,Cappuccino,320.0,640.0,card,2025-08-14 16:12:21,Evening
TX_1399,CUST_1116,2025-08-14,18:22:01,4,Thursday,False,Latte,340.0,340.0,card,2025-08-14 18:22:01,Evening
TX_2602,CUST_4763,2025-08-14,18:34:10,4,Thursday,False,Latte,340.0,340.0,card,2025-08-14 18:34:10,Evening
TX_1630,CUST_5683,2025-08-15,08:00:05,5,Friday,False,Cappuccino,320.0,640.0,card,2025-08-15 08:00:05,Morning
TX_1630,CUST_5683,2025-08-15,08:00:05,5,Friday,False,Cappuccino,320.0,640.0,card,2025-08-15 08:00:05,Morning
TX_1173,CUST_8256,2025-08-15,08:15:56,5,Friday,False,Flat white,340.0,340.0,card,2025-08-15 08:15:56,Morning
TX_3483,CUST_4440,2025-08-15,09:04:51,5,Friday,False,Latte,340.0,340.0,card,2025-08-15 09:04:51,Morning
TX_3244,CUST_9382,2025-08-15,09:17:20,5,Friday,False,Latte with add,440.0,1120.0,cash,2025-08-15 09:17:20,Morning
TX_3244,CUST_9382,2025-08-15,09:17:20,5,Friday,False,Flat white,340.0,1120.0,cash,2025-08-15 09:17:20,Morning
TX_3244,CUST_9382,2025-08-15,09:17:20,5,Friday,False,Latte,340.0,1120.0,cash,2025-08-15 09:17:20,Morning
TX_0583,CUST_2856,2025-08-15,09:21:42,5,Friday,False,Cappuccino,320.0,640.0,cash,2025-08-15 09:21:42,Morning
TX_0583,CUST_2856,2025-08-15,09:21:42,5,Friday,False,Cappuccino,320.0,640.0,cash,2025-08-15 09:21:42,Morning
TX_0452,CUST_7719,2025-08-15,09:27:31,5,Friday,False,Batch brew,240.0,240.0,card,2025-08-15 09:27:31,Morning
TX_0421,CUST_7746,2025-08-15,09:30:02,5,Friday,False,Flat white,340.0,340.0,card,2025-08-15 09:30:02,Morning
TX_1318,CUST_1044,2025-08-15,09:32:38,5,Friday,False,Batch brew,240.0,820.0,card,2025-08-15 09:32:38,Morning
TX_1318,CUST_1044,2025-08-15,09:32:38,5,Friday,False,Flat white,340.0,820.0,card,2025-08-15 09:32:38,Morning
TX_1318,CUST_1044,2025-08-15,09:32:38,5,Friday,False,Batch brew,240.0,820.0,card,2025-08-15 09:32:38,Morning
TX_2695,CUST_7897,2025-08-15,09:35:33,5,Friday,False,Warming drinks (tea),400.0,980.0,cash,2025-08-15 09:35:33,Morning
TX_2695,CUST_7897,2025-08-15,09:35:33,5,Friday,False,Batch brew,240.0,980.0,cash,2025-08-15 09:35:33,Morning
TX_2695,CUST_7897,2025-08-15,09:35:33,5,Friday,False,Latte,340.0,980.0,cash,2025-08-15 09:35:33,Morning
TX_0655,CUST_5792,2025-08-15,09:54:25,5,Friday,False,Espresso,230.0,890.0,card,2025-08-15 09:54:25,Morning
TX_0655,CUST_5792,2025-08-15,09:54:25,5,Friday,False,Cappuccino,320.0,890.0,card,2025-08-15 09:54:25,Morning
TX_0655,CUST_5792,2025-08-15,09:54:25,5,Friday,False,Latte,340.0,890.0,card,2025-08-15 09:54:25,Morning
TX_0392,CUST_9463,2025-08-15,09:54:37,5,Friday,False,Cappuccino,320.0,320.0,card,2025-08-15 09:54:37,Morning
TX_2285,CUST_2264,2025-08-15,10:06:07,5,Friday,False,Latte with add,440.0,440.0,card,2025-08-15 10:06:07,Morning
TX_0826,CUST_3563,2025-08-15,10:24:08,5,Friday,False,Batch brew,240.0,470.0,card,2025-08-15 10:24:08,Morning
TX_0826,CUST_3563,2025-08-15,10:24:08,5,Friday,False,Espresso,230.0,470.0,card,2025-08-15 10:24:08,Morning
TX_2252,CUST_8535,2025-08-15,12:18:48,5,Friday,False,Latte,340.0,680.0,card,2025-08-15 12:18:48,Afternoon
TX_2252,CUST_8535,2025-08-15,12:18:48,5,Friday,False,Flat white,340.0,680.0,card,2025-08-15 12:18:48,Afternoon
TX_0679,CUST_7744,2025-08-15,12:39:33,5,Friday,False,Cappuccino,320.0,320.0,card,2025-08-15 12:39:33,Afternoon
TX_2036,CUST_8213,2025-08-15,12:46:04,5,Friday,False,Cappuccino,320.0,320.0,card,2025-08-15 12:46:04,Afternoon
TX_1538,CUST_1421,2025-08-15,12:50:27,5,Friday,False,Latte,340.0,1000.0,cash,2025-08-15 12:50:27,Afternoon
TX_1538,CUST_1421,2025-08-15,12:50:27,5,Friday,False,Flat white,340.0,1000.0,cash,2025-08-15 12:50:27,Afternoon
TX_1538,CUST_1421,2025-08-15,12:50:27,5,Friday,False,Cappuccino,320.0,1000.0,cash,2025-08-15 12:50:27,Afternoon
TX_2540,CUST_8476,2025-08-15,12:54:10,5,Friday,False,Cappuccino,320.0,320.0,card,2025-08-15 12:54:10,Afternoon
TX_1018,CUST_8725,2025-08-15,12:55:45,5,Friday,False,Latte with add,440.0,440.0,card,2025-08-15 12:55:45,Afternoon
TX_3507,CUST_6923,2025-08-15,13:02:52,5,Friday,False,Cappuccino,320.0,640.0,card,2025-08-15 13:02:52,Afternoon
TX_3507,CUST_6923,2025-08-15,13:02:52,5,Friday,False,Cappuccino,320.0,640.0,card,2025-08-15 13:02:52,Afternoon
TX_0621,CUST_3496,2025-08-15,13:05:51,5,Friday,False,Latte,340.0,340.0,cash,2025-08-15 13:05:51,Afternoon
TX_1546,CUST_3903,2025-08-15,13:14:14,5,Friday,False,Latte,340.0,340.0,card,2025-08-15 13:14:14,Afternoon
TX_2657,CUST_5968,2025-08-15,13:37:12,5,Friday,False,Cappuccino,320.0,760.0,card,2025-08-15 13:37:12,Afternoon
TX_2657,CUST_5968,2025-08-15,13:37:12,5,Friday,False,Latte with add,440.0,760.0,card,2025-08-15 13:37:12,Afternoon
TX_2113,CUST_7796,2025-08-15,13:42:31,5,Friday,False,Batch brew,240.0,240.0,cash,2025-08-15 13:42:31,Afternoon
TX_0765,CUST_6733,2025-08-15,13:44:37,5,Friday,False,Cappuccino,320.0,660.0,card,2025-08-15 13:44:37,Afternoon
TX_0765,CUST_6733,2025-08-15,13:44:37,5,Friday,False,Latte,340.0,660.0,card,2025-08-15 13:44:37,Afternoon
TX_1890,CUST_9862,2025-08-15,13:54:46,5,Friday,False,Cappuccino,320.0,1060.0,card,2025-08-15 13:54:46,Afternoon
TX_1890,CUST_9862,2025-08-15,13:54:46,5,Friday,False,Raf coffee,420.0,1060.0,card,2025-08-15 13:54:46,Afternoon
TX_1890,CUST_9862,2025-08-15,13:54:46,5,Friday,False,Cappuccino,320.0,1060.0,card,2025-08-15 13:54:46,Afternoon
TX_1934,CUST_6272,2025-08-15,14:13:29,5,Friday,False,Latte,340.0,1180.0,card,2025-08-15 14:13:29,Afternoon
TX_1934,CUST_6272,2025-08-15,14:13:29,5,Friday,False,Warming drinks (tea),400.0,1180.0,card,2025-08-15 14:13:29,Afternoon
TX_1934,CUST_6272,2025-08-15,14:13:29,5,Friday,False,Latte with add,440.0,1180.0,card,2025-08-15 14:13:29,Afternoon
TX_0358,CUST_8165,2025-08-15,14:18:20,5,Friday,False,Latte with add,440.0,1220.0,card,2025-08-15 14:18:20,Afternoon
TX_0358,CUST_8165,2025-08-15,14:18:20,5,Friday,False,Latte with add,440.0,1220.0,card,2025-08-15 14:18:20,Afternoon
TX_0358,CUST_8165,2025-08-15,14:18:20,5,Friday,False,Latte,340.0,1220.0,card,2025-08-15 14:18:20,Afternoon
TX_1128,CUST_6466,2025-08-15,14:45:47,5,Friday,False,Cappuccino,320.0,320.0,card,2025-08-15 14:45:47,Afternoon
TX_3234,CUST_5942,2025-08-15,14:51:43,5,Friday,False,Cappuccino,320.0,660.0,cash,2025-08-15 14:51:43,Afternoon
TX_3234,CUST_5942,2025-08-15,14:51:43,5,Friday,False,Latte,340.0,660.0,cash,2025-08-15 14:51:43,Afternoon
TX_1662,CUST_5855,2025-08-15,14:54:05,5,Friday,False,Cappuccino,320.0,660.0,card,2025-08-15 14:54:05,Afternoon
TX_1662,CUST_5855,2025-08-15,14:54:05,5,Friday,False,Latte,340.0,660.0,card,2025-08-15 14:54:05,Afternoon
TX_0182,CUST_6650,2025-08-15,15:33:06,5,Friday,False,Cappuccino,320.0,320.0,card,2025-08-15 15:33:06,Afternoon
TX_0035,CUST_9657,2025-08-15,17:54:52,5,Friday,False,Espresso,230.0,230.0,card,2025-08-15 17:54:52,Evening
TX_3469,CUST_2365,2025-08-15,18:28:31,5,Friday,False,Espresso,230.0,230.0,card,2025-08-15 18:28:31,Evening
TX_0860,CUST_5407,2025-08-15,19:31:41,5,Friday,False,Latte with add,440.0,880.0,card,2025-08-15 19:31:41,Evening
TX_0860,CUST_5407,2025-08-15,19:31:41,5,Friday,False,Latte with add,440.0,880.0,card,2025-08-15 19:31:41,Evening
TX_3287,CUST_5957,2025-08-16,08:53:00,6,Saturday,True,Latte with add,440.0,440.0,cash,2025-08-16 08:53:00,Morning
TX_2283,CUST_7103,2025-08-16,08:56:33,6,Saturday,True,Batch brew,240.0,240.0,card,2025-08-16 08:56:33,Morning
TX_0891,CUST_6396,2025-08-16,09:12:53,6,Saturday,True,Flat white,340.0,340.0,card,2025-08-16 09:12:53,Morning
TX_2355,CUST_3668,2025-08-16,09:22:51,6,Saturday,True,Latte with add,440.0,440.0,card,2025-08-16 09:22:51,Morning
TX_1194,CUST_7028,2025-08-16,09:23:56,6,Saturday,True,Cappuccino,320.0,320.0,card,2025-08-16 09:23:56,Morning
TX_2917,CUST_4099,2025-08-16,09:26:40,6,Saturday,True,Cappuccino,320.0,320.0,cash,2025-08-16 09:26:40,Morning
TX_1853,CUST_5210,2025-08-16,09:59:41,6,Saturday,True,Latte with add,440.0,1100.0,card,2025-08-16 09:59:41,Morning
TX_1853,CUST_5210,2025-08-16,09:59:41,6,Saturday,True,Cappuccino,320.0,1100.0,card,2025-08-16 09:59:41,Morning
TX_1853,CUST_5210,2025-08-16,09:59:41,6,Saturday,True,Flat white,340.0,1100.0,card,2025-08-16 09:59:41,Morning
TX_3053,CUST_3356,2025-08-16,10:40:59,6,Saturday,True,Latte,340.0,340.0,cash,2025-08-16 10:40:59,Morning
TX_2475,CUST_2300,2025-08-16,11:14:24,6,Saturday,True,Flat white,340.0,660.0,card,2025-08-16 11:14:24,Afternoon
TX_2475,CUST_2300,2025-08-16,11:14:24,6,Saturday,True,Cappuccino,320.0,660.0,card,2025-08-16 11:14:24,Afternoon
TX_0625,CUST_7033,2025-08-16,11:41:22,6,Saturday,True,Batch brew,240.0,240.0,card,2025-08-16 11:41:22,Afternoon
TX_3259,CUST_9701,2025-08-16,12:13:39,6,Saturday,True,Cappuccino,320.0,320.0,card,2025-08-16 12:13:39,Afternoon
TX_2853,CUST_3356,2025-08-16,12:25:34,6,Saturday,True,Raf coffee,420.0,860.0,cash,2025-08-16 12:25:34,Afternoon
TX_2853,CUST_3356,2025-08-16,12:25:34,6,Saturday,True,Latte with add,440.0,860.0,cash,2025-08-16 12:25:34,Afternoon
TX_0586,CUST_6839,2025-08-16,12:29:18,6,Saturday,True,Cappuccino,320.0,320.0,card,2025-08-16 12:29:18,Afternoon
TX_2112,CUST_6882,2025-08-16,12:38:13,6,Saturday,True,Raf coffee,420.0,420.0,card,2025-08-16 12:38:13,Afternoon
TX_3424,CUST_6886,2025-08-16,12:38:36,6,Saturday,True,Cappuccino,320.0,320.0,card,2025-08-16 12:38:36,Afternoon
TX_1887,CUST_5450,2025-08-16,12:40:43,6,Saturday,True,Latte with add,440.0,440.0,card,2025-08-16 12:40:43,Afternoon
TX_3226,CUST_6385,2025-08-16,12:57:54,6,Saturday,True,Raf coffee,420.0,420.0,card,2025-08-16 12:57:54,Afternoon
TX_1558,CUST_4168,2025-08-16,13:09:40,6,Saturday,True,Espresso,230.0,890.0,card,2025-08-16 13:09:40,Afternoon
TX_1558,CUST_4168,2025-08-16,13:09:40,6,Saturday,True,Flat white,340.0,890.0,card,2025-08-16 13:09:40,Afternoon
TX_1558,CUST_4168,2025-08-16,13:09:40,6,Saturday,True,Cappuccino,320.0,890.0,card,2025-08-16 13:09:40,Afternoon
TX_0465,CUST_8554,2025-08-16,13:14:03,6,Saturday,True,Latte,340.0,1120.0,cash,2025-08-16 13:14:03,Afternoon
TX_0465,CUST_8554,2025-08-16,13:14:03,6,Saturday,True,Latte with add,440.0,1120.0,cash,2025-08-16 13:14:03,Afternoon
TX_0465,CUST_8554,2025-08-16,13:14:03,6,Saturday,True,Latte,340.0,1120.0,cash,2025-08-16 13:14:03,Afternoon
TX_1949,CUST_1527,2025-08-16,13:16:59,6,Saturday,True,Cappuccino,320.0,320.0,card,2025-08-16 13:16:59,Afternoon
TX_0238,CUST_1456,2025-08-16,13:27:15,6,Saturday,True,Latte,340.0,340.0,cash,2025-08-16 13:27:15,Afternoon
TX_2477,CUST_6224,2025-08-16,13:36:32,6,Saturday,True,Latte,340.0,340.0,card,2025-08-16 13:36:32,Afternoon
TX_0013,CUST_5583,2025-08-16,13:47:13,6,Saturday,True,Latte with add,440.0,440.0,card,2025-08-16 13:47:13,Afternoon
TX_0811,CUST_9774,2025-08-16,13:57:33,6,Saturday,True,Latte,340.0,1220.0,cash,2025-08-16 13:57:33,Afternoon
TX_0811,CUST_9774,2025-08-16,13:57:33,6,Saturday,True,Latte with add,440.0,1220.0,cash,2025-08-16 13:57:33,Afternoon
TX_0811,CUST_9774,2025-08-16,13:57:33,6,Saturday,True,Latte with add,440.0,1220.0,cash,2025-08-16 13:57:33,Afternoon
TX_3316,CUST_8296,2025-08-16,14:15:36,6,Saturday,True,Cappuccino,320.0,320.0,card,2025-08-16 14:15:36,Afternoon
TX_0321,CUST_8105,2025-08-16,14:19:13,6,Saturday,True,Cappuccino,320.0,980.0,cash,2025-08-16 14:19:13,Afternoon
TX_0321,CUST_8105,2025-08-16,14:19:13,6,Saturday,True,Flat white,340.0,980.0,cash,2025-08-16 14:19:13,Afternoon
TX_0321,CUST_8105,2025-08-16,14:19:13,6,Saturday,True,Cappuccino,320.0,980.0,cash,2025-08-16 14:19:13,Afternoon
TX_2051,CUST_4650,2025-08-16,14:26:25,6,Saturday,True,Cappuccino,320.0,320.0,card,2025-08-16 14:26:25,Afternoon
TX_1332,CUST_5620,2025-08-16,15:59:48,6,Saturday,True,Latte with add,440.0,440.0,card,2025-08-16 15:59:48,Afternoon
TX_3377,CUST_5306,2025-08-16,17:26:15,6,Saturday,True,Latte with add,440.0,440.0,card,2025-08-16 17:26:15,Evening
TX_0720,CUST_9003,2025-08-16,17:28:08,6,Saturday,True,Latte with add,440.0,440.0,card,2025-08-16 17:28:08,Evening
TX_2452,CUST_6340,2025-08-16,18:04:38,6,Saturday,True,Latte with add,440.0,680.0,card,2025-08-16 18:04:38,Evening
TX_2452,CUST_6340,2025-08-16,18:04:38,6,Saturday,True,Batch brew,240.0,680.0,card,2025-08-16 18:04:38,Evening
TX_0287,CUST_6767,2025-08-16,18:09:16,6,Saturday,True,Latte with add,440.0,440.0,card,2025-08-16 18:09:16,Evening
TX_2384,CUST_1997,2025-08-16,18:27:39,6,Saturday,True,Latte,340.0,340.0,card,2025-08-16 18:27:39,Evening
TX_2451,CUST_3335,2025-08-16,18:33:27,6,Saturday,True,Latte,340.0,340.0,card,2025-08-16 18:33:27,Evening
TX_2689,CUST_8967,2025-08-16,19:09:53,6,Saturday,True,Latte,340.0,340.0,cash,2025-08-16 19:09:53,Evening
TX_2007,CUST_3752,2025-08-16,19:15:15,6,Saturday,True,Latte with add,440.0,440.0,card,2025-08-16 19:15:15,Evening
TX_2536,CUST_4263,2025-08-17,08:18:15,7,Sunday,True,Latte,340.0,340.0,card,2025-08-17 08:18:15,Morning
TX_1628,CUST_9344,2025-08-17,08:58:07,7,Sunday,True,Latte,340.0,340.0,cash,2025-08-17 08:58:07,Morning
TX_1902,CUST_5436,2025-08-17,09:04:12,7,Sunday,True,Espresso,230.0,230.0,card,2025-08-17 09:04:12,Morning
TX_2122,CUST_9982,2025-08-17,09:09:29,7,Sunday,True,Batch brew,240.0,240.0,card,2025-08-17 09:09:29,Morning
TX_1190,CUST_8698,2025-08-17,09:19:50,7,Sunday,True,Batch brew,240.0,240.0,card,2025-08-17 09:19:50,Morning
TX_1500,CUST_1815,2025-08-17,09:21:55,7,Sunday,True,Cappuccino,320.0,1100.0,cash,2025-08-17 09:21:55,Morning
TX_1500,CUST_1815,2025-08-17,09:21:55,7,Sunday,True,Latte with add,440.0,1100.0,cash,2025-08-17 09:21:55,Morning
TX_1500,CUST_1815,2025-08-17,09:21:55,7,Sunday,True,Latte,340.0,1100.0,cash,2025-08-17 09:21:55,Morning
TX_0877,CUST_3533,2025-08-17,09:31:04,7,Sunday,True,Latte,340.0,340.0,card,2025-08-17 09:31:04,Morning
TX_1206,CUST_3525,2025-08-17,09:40:18,7,Sunday,True,Batch brew,240.0,240.0,card,2025-08-17 09:40:18,Morning
TX_0566,CUST_8469,2025-08-17,09:53:23,7,Sunday,True,Latte,340.0,340.0,card,2025-08-17 09:53:23,Morning
TX_3435,CUST_3340,2025-08-17,10:10:37,7,Sunday,True,Batch brew,240.0,240.0,card,2025-08-17 10:10:37,Morning
TX_0091,CUST_3827,2025-08-17,10:10:48,7,Sunday,True,Espresso,230.0,230.0,card,2025-08-17 10:10:48,Morning
TX_3198,CUST_8747,2025-08-17,10:11:29,7,Sunday,True,Cappuccino,320.0,890.0,cash,2025-08-17 10:11:29,Morning
TX_3198,CUST_8747,2025-08-17,10:11:29,7,Sunday,True,Espresso,230.0,890.0,cash,2025-08-17 10:11:29,Morning
TX_3198,CUST_8747,2025-08-17,10:11:29,7,Sunday,True,Flat white,340.0,890.0,cash,2025-08-17 10:11:29,Morning
TX_0311,CUST_8118,2025-08-17,11:00:53,7,Sunday,True,Cappuccino,320.0,560.0,card,2025-08-17 11:00:53,Afternoon
TX_0311,CUST_8118,2025-08-17,11:00:53,7,Sunday,True,Batch brew,240.0,560.0,card,2025-08-17 11:00:53,Afternoon
TX_1478,CUST_4372,2025-08-17,11:55:55,7,Sunday,True,Latte,340.0,340.0,card,2025-08-17 11:55:55,Afternoon
TX_1483,CUST_3722,2025-08-17,12:33:49,7,Sunday,True,Cappuccino,320.0,320.0,card,2025-08-17 12:33:49,Afternoon
TX_0996,CUST_3602,2025-08-17,12:35:36,7,Sunday,True,Latte with add,440.0,440.0,cash,2025-08-17 12:35:36,Afternoon
TX_3406,CUST_7913,2025-08-17,12:37:40,7,Sunday,True,Raf coffee,420.0,420.0,card,2025-08-17 12:37:40,Afternoon
TX_2200,CUST_7034,2025-08-17,13:02:55,7,Sunday,True,Cappuccino,320.0,320.0,card,2025-08-17 13:02:55,Afternoon
TX_1943,CUST_3307,2025-08-17,13:08:40,7,Sunday,True,Latte with add,440.0,440.0,card,2025-08-17 13:08:40,Afternoon
TX_0913,CUST_9641,2025-08-17,13:09:24,7,Sunday,True,Latte with add,440.0,760.0,card,2025-08-17 13:09:24,Afternoon
TX_0913,CUST_9641,2025-08-17,13:09:24,7,Sunday,True,Cappuccino,320.0,760.0,card,2025-08-17 13:09:24,Afternoon
TX_2357,CUST_3867,2025-08-17,13:12:16,7,Sunday,True,Latte,340.0,340.0,card,2025-08-17 13:12:16,Afternoon
TX_3206,CUST_8259,2025-08-17,13:24:40,7,Sunday,True,Latte,340.0,340.0,cash,2025-08-17 13:24:40,Afternoon
TX_2512,CUST_2579,2025-08-17,13:28:14,7,Sunday,True,Latte,340.0,820.0,card,2025-08-17 13:28:14,Afternoon
TX_2512,CUST_2579,2025-08-17,13:28:14,7,Sunday,True,Batch brew,240.0,820.0,card,2025-08-17 13:28:14,Afternoon
TX_2512,CUST_2579,2025-08-17,13:28:14,7,Sunday,True,Batch brew,240.0,820.0,card,2025-08-17 13:28:14,Afternoon
TX_1936,CUST_9053,2025-08-17,13:30:40,7,Sunday,True,Warming drinks (tea),400.0,400.0,card,2025-08-17 13:30:40,Afternoon
TX_1205,CUST_4941,2025-08-17,13:32:52,7,Sunday,True,Cappuccino,320.0,320.0,cash,2025-08-17 13:32:52,Afternoon
TX_1064,CUST_2596,2025-08-17,13:34:46,7,Sunday,True,Latte,340.0,340.0,cash,2025-08-17 13:34:46,Afternoon
TX_3432,CUST_2543,2025-08-17,13:39:50,7,Sunday,True,Latte,340.0,340.0,cash,2025-08-17 13:39:50,Afternoon
TX_1350,CUST_1736,2025-08-17,13:43:46,7,Sunday,True,Raf coffee,420.0,1200.0,cash,2025-08-17 13:43:46,Afternoon
TX_1350,CUST_1736,2025-08-17,13:43:46,7,Sunday,True,Flat white,340.0,1200.0,cash,2025-08-17 13:43:46,Afternoon
TX_1350,CUST_1736,2025-08-17,13:43:46,7,Sunday,True,Latte with add,440.0,1200.0,cash,2025-08-17 13:43:46,Afternoon
TX_0408,CUST_3613,2025-08-17,13:47:58,7,Sunday,True,Latte,340.0,1120.0,card,2025-08-17 13:47:58,Afternoon
TX_0408,CUST_3613,2025-08-17,13:47:58,7,Sunday,True,Latte,340.0,1120.0,card,2025-08-17 13:47:58,Afternoon
TX_0408,CUST_3613,2025-08-17,13:47:58,7,Sunday,True,Latte with add,440.0,1120.0,card,2025-08-17 13:47:58,Afternoon
TX_3283,CUST_6109,2025-08-17,13:55:39,7,Sunday,True,Raf coffee,420.0,420.0,card,2025-08-17 13:55:39,Afternoon
TX_2444,CUST_8854,2025-08-17,13:56:15,7,Sunday,True,Cappuccino,320.0,720.0,card,2025-08-17 13:56:15,Afternoon
TX_2444,CUST_8854,2025-08-17,13:56:15,7,Sunday,True,Warming drinks (tea),400.0,720.0,card,2025-08-17 13:56:15,Afternoon
TX_1452,CUST_4120,2025-08-17,14:32:46,7,Sunday,True,Cappuccino,320.0,320.0,cash,2025-08-17 14:32:46,Afternoon
TX_0034,CUST_5741,2025-08-17,14:39:34,7,Sunday,True,Espresso,230.0,550.0,card,2025-08-17 14:39:34,Afternoon
TX_0034,CUST_5741,2025-08-17,14:39:34,7,Sunday,True,Cappuccino,320.0,550.0,card,2025-08-17 14:39:34,Afternoon
TX_1792,CUST_1102,2025-08-17,15:01:46,7,Sunday,True,Warming drinks (tea),400.0,400.0,card,2025-08-17 15:01:46,Afternoon
TX_0309,CUST_2032,2025-08-17,16:00:05,7,Sunday,True,Latte,340.0,760.0,cash,2025-08-17 16:00:05,Evening
TX_0309,CUST_2032,2025-08-17,16:00:05,7,Sunday,True,Raf coffee,420.0,760.0,cash,2025-08-17 16:00:05,Evening
TX_2429,CUST_8312,2025-08-17,16:55:08,7,Sunday,True,Latte,340.0,1000.0,card,2025-08-17 16:55:08,Evening
TX_2429,CUST_8312,2025-08-17,16:55:08,7,Sunday,True,Cappuccino,320.0,1000.0,card,2025-08-17 16:55:08,Evening
TX_2429,CUST_8312,2025-08-17,16:55:08,7,Sunday,True,Latte,340.0,1000.0,card,2025-08-17 16:55:08,Evening
TX_1207,CUST_6819,2025-08-17,17:06:28,7,Sunday,True,Batch brew,240.0,240.0,card,2025-08-17 17:06:28,Evening
TX_1664,CUST_3419,2025-08-17,17:31:36,7,Sunday,True,Cappuccino,320.0,320.0,card,2025-08-17 17:31:36,Evening
TX_1774,CUST_1357,2025-08-17,17:40:58,7,Sunday,True,Cappuccino,320.0,320.0,card,2025-08-17 17:40:58,Evening
TX_2758,CUST_6489,2025-08-17,17:52:22,7,Sunday,True,Batch brew,240.0,580.0,cash,2025-08-17 17:52:22,Evening
TX_2758,CUST_6489,2025-08-17,17:52:22,7,Sunday,True,Flat white,340.0,580.0,cash,2025-08-17 17:52:22,Evening
TX_3539,CUST_2231,2025-08-17,18:32:28,7,Sunday,True,Batch brew,240.0,580.0,card,2025-08-17 18:32:28,Evening
TX_3539,CUST_2231,2025-08-17,18:32:28,7,Sunday,True,Flat white,340.0,580.0,card,2025-08-17 18:32:28,Evening
TX_1351,CUST_5904,2025-08-17,18:33:43,7,Sunday,True,Batch brew,240.0,240.0,cash,2025-08-17 18:33:43,Evening
TX_3519,CUST_1572,2025-08-17,18:37:26,7,Sunday,True,Latte with add,440.0,860.0,card,2025-08-17 18:37:26,Evening
TX_3519,CUST_1572,2025-08-17,18:37:26,7,Sunday,True,Raf coffee,420.0,860.0,card,2025-08-17 18:37:26,Evening
TX_1081,CUST_1227,2025-08-18,08:40:53,1,Monday,False,Latte,340.0,340.0,card,2025-08-18 08:40:53,Morning
TX_0445,CUST_1725,2025-08-18,08:50:24,1,Monday,False,Batch brew,240.0,680.0,card,2025-08-18 08:50:24,Morning
TX_0445,CUST_1725,2025-08-18,08:50:24,1,Monday,False,Latte with add,440.0,680.0,card,2025-08-18 08:50:24,Morning
TX_1369,CUST_7243,2025-08-18,08:52:02,1,Monday,False,Cappuccino,320.0,740.0,card,2025-08-18 08:52:02,Morning
TX_1369,CUST_7243,2025-08-18,08:52:02,1,Monday,False,Raf coffee,420.0,740.0,card,2025-08-18 08:52:02,Morning
TX_1865,CUST_4732,2025-08-18,09:19:12,1,Monday,False,Flat white,340.0,1020.0,card,2025-08-18 09:19:12,Morning
TX_1865,CUST_4732,2025-08-18,09:19:12,1,Monday,False,Latte with add,440.0,1020.0,card,2025-08-18 09:19:12,Morning
TX_1865,CUST_4732,2025-08-18,09:19:12,1,Monday,False,Batch brew,240.0,1020.0,card,2025-08-18 09:19:12,Morning
TX_0147,CUST_5795,2025-08-18,09:26:46,1,Monday,False,Warming drinks (tea),400.0,400.0,cash,2025-08-18 09:26:46,Morning
TX_1980,CUST_7394,2025-08-18,09:36:35,1,Monday,False,Latte,340.0,340.0,card,2025-08-18 09:36:35,Morning
TX_1362,CUST_1971,2025-08-18,09:45:38,1,Monday,False,Cappuccino,320.0,660.0,card,2025-08-18 09:45:38,Morning
TX_1362,CUST_1971,2025-08-18,09:45:38,1,Monday,False,Latte,340.0,660.0,card,2025-08-18 09:45:38,Morning
TX_2589,CUST_2488,2025-08-18,10:03:31,1,Monday,False,Latte,340.0,340.0,card,2025-08-18 10:03:31,Morning
TX_2234,CUST_5430,2025-08-18,10:19:11,1,Monday,False,Latte,340.0,340.0,card,2025-08-18 10:19:11,Morning
TX_0948,CUST_5484,2025-08-18,10:33:44,1,Monday,False,Latte,340.0,340.0,card,2025-08-18 10:33:44,Morning
TX_2376,CUST_5952,2025-08-18,11:47:28,1,Monday,False,Latte,340.0,680.0,cash,2025-08-18 11:47:28,Afternoon
TX_2376,CUST_5952,2025-08-18,11:47:28,1,Monday,False,Latte,340.0,680.0,cash,2025-08-18 11:47:28,Afternoon
TX_0336,CUST_5823,2025-08-18,11:50:37,1,Monday,False,Cappuccino,320.0,660.0,cash,2025-08-18 11:50:37,Afternoon
TX_0336,CUST_5823,2025-08-18,11:50:37,1,Monday,False,Flat white,340.0,660.0,cash,2025-08-18 11:50:37,Afternoon
TX_2298,CUST_2390,2025-08-18,12:07:17,1,Monday,False,Warming drinks (tea),400.0,400.0,card,2025-08-18 12:07:17,Afternoon
TX_0597,CUST_9263,2025-08-18,12:07:37,1,Monday,False,Cappuccino,320.0,320.0,card,2025-08-18 12:07:37,Afternoon
TX_2871,CUST_7465,2025-08-18,12:24:50,1,Monday,False,Latte with add,440.0,440.0,card,2025-08-18 12:24:50,Afternoon
TX_2969,CUST_7761,2025-08-18,12:36:32,1,Monday,False,Warming drinks (tea),400.0,720.0,cash,2025-08-18 12:36:32,Afternoon
TX_2969,CUST_7761,2025-08-18,12:36:32,1,Monday,False,Cappuccino,320.0,720.0,cash,2025-08-18 12:36:32,Afternoon
TX_1495,CUST_4451,2025-08-18,12:43:57,1,Monday,False,Batch brew,240.0,920.0,cash,2025-08-18 12:43:57,Afternoon
TX_1495,CUST_4451,2025-08-18,12:43:57,1,Monday,False,Batch brew,240.0,920.0,cash,2025-08-18 12:43:57,Afternoon
TX_1495,CUST_4451,2025-08-18,12:43:57,1,Monday,False,Latte with add,440.0,920.0,cash,2025-08-18 12:43:57,Afternoon
TX_0123,CUST_1012,2025-08-18,12:46:49,1,Monday,False,Cappuccino,320.0,320.0,cash,2025-08-18 12:46:49,Afternoon
TX_0230,CUST_9815,2025-08-18,12:50:33,1,Monday,False,Latte with add,440.0,440.0,card,2025-08-18 12:50:33,Afternoon
TX_0124,CUST_5544,2025-08-18,12:55:21,1,Monday,False,Espresso,230.0,230.0,card,2025-08-18 12:55:21,Afternoon
TX_0423,CUST_8731,2025-08-18,13:02:04,1,Monday,False,Latte with add,440.0,440.0,card,2025-08-18 13:02:04,Afternoon
TX_0057,CUST_5059,2025-08-18,13:12:31,1,Monday,False,Warming drinks (tea),400.0,400.0,cash,2025-08-18 13:12:31,Afternoon
TX_0162,CUST_6953,2025-08-18,13:25:19,1,Monday,False,Cappuccino,320.0,900.0,card,2025-08-18 13:25:19,Afternoon
TX_0162,CUST_6953,2025-08-18,13:25:19,1,Monday,False,Batch brew,240.0,900.0,card,2025-08-18 13:25:19,Afternoon
TX_0162,CUST_6953,2025-08-18,13:25:19,1,Monday,False,Latte,340.0,900.0,card,2025-08-18 13:25:19,Afternoon
TX_0301,CUST_7943,2025-08-18,13:26:00,1,Monday,False,Cappuccino,320.0,320.0,card,2025-08-18 13:26:00,Afternoon
TX_3272,CUST_2912,2025-08-18,13:31:40,1,Monday,False,Flat white,340.0,340.0,card,2025-08-18 13:31:40,Afternoon
TX_1234,CUST_9740,2025-08-18,13:39:54,1,Monday,False,Cappuccino,320.0,960.0,cash,2025-08-18 13:39:54,Afternoon
TX_1234,CUST_9740,2025-08-18,13:39:54,1,Monday,False,Batch brew,240.0,960.0,cash,2025-08-18 13:39:54,Afternoon
TX_1234,CUST_9740,2025-08-18,13:39:54,1,Monday,False,Warming drinks (tea),400.0,960.0,cash,2025-08-18 13:39:54,Afternoon
TX_0433,CUST_8644,2025-08-18,14:00:00,1,Monday,False,Latte with add,440.0,440.0,card,2025-08-18 14:00:00,Afternoon
TX_3113,CUST_8721,2025-08-18,14:00:29,1,Monday,False,Latte,340.0,340.0,cash,2025-08-18 14:00:29,Afternoon
TX_1008,CUST_3824,2025-08-18,14:07:57,1,Monday,False,Flat white,340.0,340.0,card,2025-08-18 14:07:57,Afternoon
TX_0070,CUST_5297,2025-08-18,14:17:30,1,Monday,False,Batch brew,240.0,820.0,cash,2025-08-18 14:17:30,Afternoon
TX_0070,CUST_5297,2025-08-18,14:17:30,1,Monday,False,Latte,340.0,820.0,cash,2025-08-18 14:17:30,Afternoon
TX_0070,CUST_5297,2025-08-18,14:17:30,1,Monday,False,Batch brew,240.0,820.0,cash,2025-08-18 14:17:30,Afternoon
TX_3402,CUST_9427,2025-08-18,14:19:08,1,Monday,False,Flat white,340.0,1020.0,card,2025-08-18 14:19:08,Afternoon
TX_3402,CUST_9427,2025-08-18,14:19:08,1,Monday,False,Latte,340.0,1020.0,card,2025-08-18 14:19:08,Afternoon
TX_3402,CUST_9427,2025-08-18,14:19:08,1,Monday,False,Latte,340.0,1020.0,card,2025-08-18 14:19:08,Afternoon
TX_1028,CUST_8833,2025-08-18,14:33:16,1,Monday,False,Raf coffee,420.0,420.0,card,2025-08-18 14:33:16,Afternoon
TX_1247,CUST_6569,2025-08-18,14:50:14,1,Monday,False,Latte,340.0,340.0,card,2025-08-18 14:50:14,Afternoon
TX_2852,CUST_6844,2025-08-18,17:07:51,1,Monday,False,Latte with add,440.0,760.0,card,2025-08-18 17:07:51,Evening
TX_2852,CUST_6844,2025-08-18,17:07:51,1,Monday,False,Cappuccino,320.0,760.0,card,2025-08-18 17:07:51,Evening
TX_3187,CUST_2485,2025-08-18,17:07:54,1,Monday,False,Cappuccino,320.0,320.0,card,2025-08-18 17:07:54,Evening
TX_2367,CUST_7709,2025-08-18,18:31:05,1,Monday,False,Cappuccino,320.0,320.0,cash,2025-08-18 18:31:05,Evening
TX_1651,CUST_3178,2025-08-18,19:22:59,1,Monday,False,Cappuccino,320.0,320.0,cash,2025-08-18 19:22:59,Evening
TX_2930,CUST_4780,2025-08-19,09:03:58,2,Tuesday,False,Latte,340.0,1100.0,card,2025-08-19 09:03:58,Morning
TX_2930,CUST_4780,2025-08-19,09:03:58,2,Tuesday,False,Latte with add,440.0,1100.0,card,2025-08-19 09:03:58,Morning
TX_2930,CUST_4780,2025-08-19,09:03:58,2,Tuesday,False,Cappuccino,320.0,1100.0,card,2025-08-19 09:03:58,Morning
TX_1968,CUST_7702,2025-08-19,09:19:05,2,Tuesday,False,Cappuccino,320.0,740.0,card,2025-08-19 09:19:05,Morning
TX_1968,CUST_7702,2025-08-19,09:19:05,2,Tuesday,False,Raf coffee,420.0,740.0,card,2025-08-19 09:19:05,Morning
TX_1666,CUST_4906,2025-08-19,09:27:31,2,Tuesday,False,Latte with add,440.0,440.0,card,2025-08-19 09:27:31,Morning
TX_3482,CUST_3001,2025-08-19,09:36:25,2,Tuesday,False,Latte,340.0,660.0,cash,2025-08-19 09:36:25,Morning
TX_3482,CUST_3001,2025-08-19,09:36:25,2,Tuesday,False,Cappuccino,320.0,660.0,cash,2025-08-19 09:36:25,Morning
TX_2436,CUST_8048,2025-08-19,09:36:58,2,Tuesday,False,Batch brew,240.0,480.0,card,2025-08-19 09:36:58,Morning
TX_2436,CUST_8048,2025-08-19,09:36:58,2,Tuesday,False,Batch brew,240.0,480.0,card,2025-08-19 09:36:58,Morning
TX_1119,CUST_3297,2025-08-19,10:09:03,2,Tuesday,False,Batch brew,240.0,240.0,card,2025-08-19 10:09:03,Morning
TX_2527,CUST_6660,2025-08-19,10:15:05,2,Tuesday,False,Cappuccino,320.0,320.0,cash,2025-08-19 10:15:05,Morning
TX_1696,CUST_1974,2025-08-19,10:23:16,2,Tuesday,False,Latte,340.0,1100.0,cash,2025-08-19 10:23:16,Morning
TX_1696,CUST_1974,2025-08-19,10:23:16,2,Tuesday,False,Latte,340.0,1100.0,cash,2025-08-19 10:23:16,Morning
TX_1696,CUST_1974,2025-08-19,10:23:16,2,Tuesday,False,Raf coffee,420.0,1100.0,cash,2025-08-19 10:23:16,Morning
TX_0275,CUST_9056,2025-08-19,10:29:12,2,Tuesday,False,Batch brew,240.0,240.0,cash,2025-08-19 10:29:12,Morning
TX_3337,CUST_4624,2025-08-19,10:53:16,2,Tuesday,False,Cappuccino,320.0,560.0,card,2025-08-19 10:53:16,Morning
TX_3337,CUST_4624,2025-08-19,10:53:16,2,Tuesday,False,Batch brew,240.0,560.0,card,2025-08-19 10:53:16,Morning
TX_1780,CUST_7800,2025-08-19,11:00:25,2,Tuesday,False,Latte,340.0,340.0,card,2025-08-19 11:00:25,Afternoon
TX_1349,CUST_8796,2025-08-19,11:00:54,2,Tuesday,False,Flat white,340.0,340.0,cash,2025-08-19 11:00:54,Afternoon
TX_0441,CUST_7135,2025-08-19,12:36:01,2,Tuesday,False,Latte,340.0,340.0,cash,2025-08-19 12:36:01,Afternoon
TX_0628,CUST_9994,2025-08-19,12:45:34,2,Tuesday,False,Latte,340.0,340.0,card,2025-08-19 12:45:34,Afternoon
TX_3521,CUST_9026,2025-08-19,13:00:50,2,Tuesday,False,Latte with add,440.0,1120.0,card,2025-08-19 13:00:50,Afternoon
TX_3521,CUST_9026,2025-08-19,13:00:50,2,Tuesday,False,Latte with add,440.0,1120.0,card,2025-08-19 13:00:50,Afternoon
TX_3521,CUST_9026,2025-08-19,13:00:50,2,Tuesday,False,Batch brew,240.0,1120.0,card,2025-08-19 13:00:50,Afternoon
TX_1588,CUST_2330,2025-08-19,13:21:14,2,Tuesday,False,Latte with add,440.0,780.0,card,2025-08-19 13:21:14,Afternoon
TX_1588,CUST_2330,2025-08-19,13:21:14,2,Tuesday,False,Latte,340.0,780.0,card,2025-08-19 13:21:14,Afternoon
TX_0378,CUST_2005,2025-08-19,13:38:51,2,Tuesday,False,Latte,340.0,340.0,card,2025-08-19 13:38:51,Afternoon
TX_0191,CUST_5022,2025-08-19,13:54:06,2,Tuesday,False,Latte with add,440.0,440.0,card,2025-08-19 13:54:06,Afternoon
TX_2249,CUST_5108,2025-08-19,14:16:41,2,Tuesday,False,Latte,340.0,340.0,card,2025-08-19 14:16:41,Afternoon
TX_3481,CUST_6199,2025-08-19,14:18:12,2,Tuesday,False,Flat white,340.0,340.0,card,2025-08-19 14:18:12,Afternoon
TX_2646,CUST_4890,2025-08-19,14:23:17,2,Tuesday,False,Batch brew,240.0,240.0,card,2025-08-19 14:23:17,Afternoon
TX_0550,CUST_8542,2025-08-19,14:40:22,2,Tuesday,False,Latte,340.0,340.0,card,2025-08-19 14:40:22,Afternoon
TX_0508,CUST_5161,2025-08-19,14:57:54,2,Tuesday,False,Latte,340.0,340.0,card,2025-08-19 14:57:54,Afternoon
TX_0175,CUST_9269,2025-08-19,17:31:58,2,Tuesday,False,Batch brew,240.0,240.0,card,2025-08-19 17:31:58,Evening
TX_1906,CUST_8778,2025-08-19,17:44:53,2,Tuesday,False,Latte,340.0,340.0,card,2025-08-19 17:44:53,Evening
TX_0430,CUST_2375,2025-08-20,08:42:40,3,Wednesday,False,Cappuccino,320.0,320.0,card,2025-08-20 08:42:40,Morning
TX_1158,CUST_3994,2025-08-20,08:44:02,3,Wednesday,False,Raf coffee,420.0,760.0,card,2025-08-20 08:44:02,Morning
TX_1158,CUST_3994,2025-08-20,08:44:02,3,Wednesday,False,Flat white,340.0,760.0,card,2025-08-20 08:44:02,Morning
TX_2591,CUST_8532,2025-08-20,09:07:04,3,Wednesday,False,Batch brew,240.0,240.0,card,2025-08-20 09:07:04,Morning
TX_2487,CUST_6285,2025-08-20,09:17:41,3,Wednesday,False,Latte,340.0,340.0,cash,2025-08-20 09:17:41,Morning
TX_3066,CUST_4391,2025-08-20,09:26:17,3,Wednesday,False,Latte with add,440.0,440.0,card,2025-08-20 09:26:17,Morning
TX_0760,CUST_2941,2025-08-20,09:27:56,3,Wednesday,False,Latte,340.0,340.0,card,2025-08-20 09:27:56,Morning
TX_0187,CUST_7989,2025-08-20,09:29:21,3,Wednesday,False,Latte,340.0,340.0,cash,2025-08-20 09:29:21,Morning
TX_0354,CUST_9325,2025-08-20,09:34:58,3,Wednesday,False,Latte with add,440.0,440.0,card,2025-08-20 09:34:58,Morning
TX_1779,CUST_9387,2025-08-20,09:38:02,3,Wednesday,False,Raf coffee,420.0,420.0,card,2025-08-20 09:38:02,Morning
TX_0794,CUST_1637,2025-08-20,09:39:43,3,Wednesday,False,Flat white,340.0,340.0,card,2025-08-20 09:39:43,Morning
TX_1761,CUST_2899,2025-08-20,09:46:18,3,Wednesday,False,Latte,340.0,340.0,cash,2025-08-20 09:46:18,Morning
TX_2989,CUST_9695,2025-08-20,09:49:05,3,Wednesday,False,Warming drinks (tea),400.0,400.0,card,2025-08-20 09:49:05,Morning
TX_1809,CUST_2291,2025-08-20,09:51:17,3,Wednesday,False,Espresso,230.0,230.0,card,2025-08-20 09:51:17,Morning
TX_2002,CUST_9766,2025-08-20,09:52:34,3,Wednesday,False,Latte,340.0,1000.0,card,2025-08-20 09:52:34,Morning
TX_2002,CUST_9766,2025-08-20,09:52:34,3,Wednesday,False,Latte,340.0,1000.0,card,2025-08-20 09:52:34,Morning
TX_2002,CUST_9766,2025-08-20,09:52:34,3,Wednesday,False,Cappuccino,320.0,1000.0,card,2025-08-20 09:52:34,Morning
TX_0862,CUST_9130,2025-08-20,10:00:06,3,Wednesday,False,Warming drinks (tea),400.0,400.0,card,2025-08-20 10:00:06,Morning
TX_0122,CUST_9924,2025-08-20,10:08:24,3,Wednesday,False,Latte,340.0,340.0,cash,2025-08-20 10:08:24,Morning
TX_0677,CUST_7422,2025-08-20,10:17:41,3,Wednesday,False,Warming drinks (tea),400.0,400.0,cash,2025-08-20 10:17:41,Morning
TX_1340,CUST_6740,2025-08-20,10:35:47,3,Wednesday,False,Latte,340.0,340.0,card,2025-08-20 10:35:47,Morning
TX_3072,CUST_8452,2025-08-20,10:49:30,3,Wednesday,False,Latte with add,440.0,440.0,card,2025-08-20 10:49:30,Morning
TX_2395,CUST_1317,2025-08-20,11:45:50,3,Wednesday,False,Latte,340.0,660.0,card,2025-08-20 11:45:50,Afternoon
TX_2395,CUST_1317,2025-08-20,11:45:50,3,Wednesday,False,Cappuccino,320.0,660.0,card,2025-08-20 11:45:50,Afternoon
TX_2047,CUST_5370,2025-08-20,11:54:12,3,Wednesday,False,Latte,340.0,680.0,cash,2025-08-20 11:54:12,Afternoon
TX_2047,CUST_5370,2025-08-20,11:54:12,3,Wednesday,False,Latte,340.0,680.0,cash,2025-08-20 11:54:12,Afternoon
TX_0747,CUST_5723,2025-08-20,12:01:23,3,Wednesday,False,Raf coffee,420.0,420.0,card,2025-08-20 12:01:23,Afternoon
TX_2836,CUST_7599,2025-08-20,12:34:09,3,Wednesday,False,Cappuccino,320.0,1080.0,cash,2025-08-20 12:34:09,Afternoon
TX_2836,CUST_7599,2025-08-20,12:34:09,3,Wednesday,False,Cappuccino,320.0,1080.0,cash,2025-08-20 12:34:09,Afternoon
TX_2836,CUST_7599,2025-08-20,12:34:09,3,Wednesday,False,Latte with add,440.0,1080.0,cash,2025-08-20 12:34:09,Afternoon
TX_2186,CUST_5920,2025-08-20,12:35:35,3,Wednesday,False,Cappuccino,320.0,320.0,card,2025-08-20 12:35:35,Afternoon
TX_3376,CUST_7253,2025-08-20,12:47:34,3,Wednesday,False,Latte with add,440.0,440.0,cash,2025-08-20 12:47:34,Afternoon
TX_1046,CUST_4201,2025-08-20,13:10:58,3,Wednesday,False,Cappuccino,320.0,320.0,cash,2025-08-20 13:10:58,Afternoon
TX_2617,CUST_1868,2025-08-20,13:12:12,3,Wednesday,False,Cappuccino,320.0,320.0,card,2025-08-20 13:12:12,Afternoon
TX_1410,CUST_9406,2025-08-20,13:13:39,3,Wednesday,False,Cappuccino,320.0,320.0,card,2025-08-20 13:13:39,Afternoon
TX_0004,CUST_5561,2025-08-20,13:22:08,3,Wednesday,False,Warming drinks (tea),400.0,400.0,cash,2025-08-20 13:22:08,Afternoon
TX_1025,CUST_7521,2025-08-20,13:22:42,3,Wednesday,False,Batch brew,240.0,560.0,card,2025-08-20 13:22:42,Afternoon
TX_1025,CUST_7521,2025-08-20,13:22:42,3,Wednesday,False,Cappuccino,320.0,560.0,card,2025-08-20 13:22:42,Afternoon
TX_0100,CUST_9894,2025-08-20,13:25:01,3,Wednesday,False,Latte with add,440.0,440.0,card,2025-08-20 13:25:01,Afternoon
TX_1641,CUST_4673,2025-08-20,13:43:31,3,Wednesday,False,Warming drinks (tea),400.0,400.0,card,2025-08-20 13:43:31,Afternoon
TX_3346,CUST_9032,2025-08-20,13:53:53,3,Wednesday,False,Latte with add,440.0,780.0,card,2025-08-20 13:53:53,Afternoon
TX_3346,CUST_9032,2025-08-20,13:53:53,3,Wednesday,False,Latte,340.0,780.0,card,2025-08-20 13:53:53,Afternoon
TX_1678,CUST_9669,2025-08-20,13:55:03,3,Wednesday,False,Latte with add,440.0,440.0,cash,2025-08-20 13:55:03,Afternoon
TX_3010,CUST_9026,2025-08-20,13:57:00,3,Wednesday,False,Latte with add,440.0,760.0,card,2025-08-20 13:57:00,Afternoon
TX_3010,CUST_9026,2025-08-20,13:57:00,3,Wednesday,False,Cappuccino,320.0,760.0,card,2025-08-20 13:57:00,Afternoon
TX_2552,CUST_3108,2025-08-20,13:57:15,3,Wednesday,False,Latte with add,440.0,440.0,card,2025-08-20 13:57:15,Afternoon
TX_3453,CUST_6006,2025-08-20,14:03:52,3,Wednesday,False,Latte,340.0,340.0,card,2025-08-20 14:03:52,Afternoon
TX_1429,CUST_9683,2025-08-20,14:43:47,3,Wednesday,False,Latte,340.0,340.0,cash,2025-08-20 14:43:47,Afternoon
TX_1085,CUST_6705,2025-08-20,14:52:09,3,Wednesday,False,Batch brew,240.0,240.0,card,2025-08-20 14:52:09,Afternoon
TX_2674,CUST_2585,2025-08-20,14:56:31,3,Wednesday,False,Latte,340.0,760.0,card,2025-08-20 14:56:31,Afternoon
TX_2674,CUST_2585,2025-08-20,14:56:31,3,Wednesday,False,Raf coffee,420.0,760.0,card,2025-08-20 14:56:31,Afternoon
TX_3115,CUST_5981,2025-08-20,16:55:04,3,Wednesday,False,Latte,340.0,340.0,card,2025-08-20 16:55:04,Evening
TX_1909,CUST_5133,2025-08-20,17:35:28,3,Wednesday,False,Cappuccino,320.0,320.0,card,2025-08-20 17:35:28,Evening
TX_2266,CUST_3731,2025-08-20,17:41:41,3,Wednesday,False,Cappuccino,320.0,320.0,card,2025-08-20 17:41:41,Evening
TX_2063,CUST_5971,2025-08-20,17:46:42,3,Wednesday,False,Latte with add,440.0,440.0,card,2025-08-20 17:46:42,Evening
TX_0680,CUST_9566,2025-08-20,18:01:20,3,Wednesday,False,Cappuccino,320.0,320.0,cash,2025-08-20 18:01:20,Evening
TX_1100,CUST_2035,2025-08-20,18:15:49,3,Wednesday,False,Batch brew,240.0,240.0,card,2025-08-20 18:15:49,Evening
TX_0681,CUST_4018,2025-08-20,18:39:08,3,Wednesday,False,Cappuccino,320.0,1000.0,card,2025-08-20 18:39:08,Evening
TX_0681,CUST_4018,2025-08-20,18:39:08,3,Wednesday,False,Batch brew,240.0,1000.0,card,2025-08-20 18:39:08,Evening
TX_0681,CUST_4018,2025-08-20,18:39:08,3,Wednesday,False,Latte with add,440.0,1000.0,card,2025-08-20 18:39:08,Evening
TX_1614,CUST_1190,2025-08-20,18:41:45,3,Wednesday,False,Espresso,230.0,470.0,card,2025-08-20 18:41:45,Evening
TX_1614,CUST_1190,2025-08-20,18:41:45,3,Wednesday,False,Batch brew,240.0,470.0,card,2025-08-20 18:41:45,Evening
TX_1686,CUST_7148,2025-08-21,08:00:35,4,Thursday,False,Latte with add,440.0,440.0,cash,2025-08-21 08:00:35,Morning
TX_0327,CUST_1277,2025-08-21,08:12:58,4,Thursday,False,Latte with add,440.0,760.0,cash,2025-08-21 08:12:58,Morning
TX_0327,CUST_1277,2025-08-21,08:12:58,4,Thursday,False,Cappuccino,320.0,760.0,cash,2025-08-21 08:12:58,Morning
TX_1151,CUST_4467,2025-08-21,08:24:25,4,Thursday,False,Latte with add,440.0,440.0,cash,2025-08-21 08:24:25,Morning
TX_1923,CUST_5456,2025-08-21,08:39:09,4,Thursday,False,Raf coffee,420.0,760.0,card,2025-08-21 08:39:09,Morning
TX_1923,CUST_5456,2025-08-21,08:39:09,4,Thursday,False,Latte,340.0,760.0,card,2025-08-21 08:39:09,Morning
TX_1596,CUST_1483,2025-08-21,08:41:13,4,Thursday,False,Batch brew,240.0,240.0,card,2025-08-21 08:41:13,Morning
TX_0254,CUST_3981,2025-08-21,08:45:35,4,Thursday,False,Latte,340.0,340.0,card,2025-08-21 08:45:35,Morning
TX_2957,CUST_9133,2025-08-21,08:52:38,4,Thursday,False,Warming drinks (tea),400.0,400.0,card,2025-08-21 08:52:38,Morning
TX_3121,CUST_2426,2025-08-21,08:53:31,4,Thursday,False,Cappuccino,320.0,1080.0,card,2025-08-21 08:53:31,Morning
TX_3121,CUST_2426,2025-08-21,08:53:31,4,Thursday,False,Cappuccino,320.0,1080.0,card,2025-08-21 08:53:31,Morning
TX_3121,CUST_2426,2025-08-21,08:53:31,4,Thursday,False,Latte with add,440.0,1080.0,card,2025-08-21 08:53:31,Morning
TX_0745,CUST_9009,2025-08-21,09:28:22,4,Thursday,False,Cappuccino,320.0,320.0,cash,2025-08-21 09:28:22,Morning
TX_1281,CUST_2782,2025-08-21,09:30:17,4,Thursday,False,Latte with add,440.0,440.0,cash,2025-08-21 09:30:17,Morning
TX_0404,CUST_8327,2025-08-21,09:32:55,4,Thursday,False,Warming drinks (tea),400.0,400.0,card,2025-08-21 09:32:55,Morning
TX_2832,CUST_7868,2025-08-21,09:36:33,4,Thursday,False,Batch brew,240.0,240.0,cash,2025-08-21 09:36:33,Morning
TX_1550,CUST_2230,2025-08-21,09:38:14,4,Thursday,False,Latte,340.0,340.0,card,2025-08-21 09:38:14,Morning
TX_1576,CUST_7507,2025-08-21,09:41:39,4,Thursday,False,Raf coffee,420.0,420.0,card,2025-08-21 09:41:39,Morning
TX_1905,CUST_9843,2025-08-21,09:47:14,4,Thursday,False,Flat white,340.0,340.0,card,2025-08-21 09:47:14,Morning
TX_2543,CUST_9972,2025-08-21,09:47:22,4,Thursday,False,Warming drinks (tea),400.0,400.0,card,2025-08-21 09:47:22,Morning
TX_0627,CUST_7986,2025-08-21,09:53:03,4,Thursday,False,Cappuccino,320.0,640.0,card,2025-08-21 09:53:03,Morning
TX_0627,CUST_7986,2025-08-21,09:53:03,4,Thursday,False,Cappuccino,320.0,640.0,card,2025-08-21 09:53:03,Morning
TX_2696,CUST_6038,2025-08-21,10:10:40,4,Thursday,False,Raf coffee,420.0,760.0,card,2025-08-21 10:10:40,Morning
TX_2696,CUST_6038,2025-08-21,10:10:40,4,Thursday,False,Latte,340.0,760.0,card,2025-08-21 10:10:40,Morning
TX_3062,CUST_1444,2025-08-21,10:40:14,4,Thursday,False,Cappuccino,320.0,320.0,card,2025-08-21 10:40:14,Morning
TX_1685,CUST_8482,2025-08-21,10:40:25,4,Thursday,False,Batch brew,240.0,480.0,card,2025-08-21 10:40:25,Morning
TX_1685,CUST_8482,2025-08-21,10:40:25,4,Thursday,False,Batch brew,240.0,480.0,card,2025-08-21 10:40:25,Morning
TX_3172,CUST_4099,2025-08-21,11:00:00,4,Thursday,False,Latte with add,440.0,440.0,card,2025-08-21 11:00:00,Afternoon
TX_1719,CUST_9555,2025-08-21,11:00:20,4,Thursday,False,Latte with add,440.0,760.0,card,2025-08-21 11:00:20,Afternoon
TX_1719,CUST_9555,2025-08-21,11:00:20,4,Thursday,False,Cappuccino,320.0,760.0,card,2025-08-21 11:00:20,Afternoon
TX_2028,CUST_7750,2025-08-21,12:22:32,4,Thursday,False,Batch brew,240.0,240.0,card,2025-08-21 12:22:32,Afternoon
TX_0265,CUST_1545,2025-08-21,12:39:42,4,Thursday,False,Latte with add,440.0,440.0,cash,2025-08-21 12:39:42,Afternoon
TX_3498,CUST_9578,2025-08-21,12:54:12,4,Thursday,False,Cappuccino,320.0,880.0,card,2025-08-21 12:54:12,Afternoon
TX_3498,CUST_9578,2025-08-21,12:54:12,4,Thursday,False,Batch brew,240.0,880.0,card,2025-08-21 12:54:12,Afternoon
TX_3498,CUST_9578,2025-08-21,12:54:12,4,Thursday,False,Cappuccino,320.0,880.0,card,2025-08-21 12:54:12,Afternoon
TX_2699,CUST_7247,2025-08-21,12:56:51,4,Thursday,False,Latte,340.0,340.0,card,2025-08-21 12:56:51,Afternoon
TX_0466,CUST_8427,2025-08-21,13:00:44,4,Thursday,False,Warming drinks (tea),400.0,400.0,cash,2025-08-21 13:00:44,Afternoon
TX_1035,CUST_2815,2025-08-21,13:02:09,4,Thursday,False,Raf coffee,420.0,420.0,card,2025-08-21 13:02:09,Afternoon
TX_0775,CUST_1439,2025-08-21,13:10:35,4,Thursday,False,Cappuccino,320.0,320.0,card,2025-08-21 13:10:35,Afternoon
TX_0668,CUST_8175,2025-08-21,13:15:04,4,Thursday,False,Batch brew,240.0,240.0,card,2025-08-21 13:15:04,Afternoon
TX_0927,CUST_3674,2025-08-21,13:15:15,4,Thursday,False,Batch brew,240.0,580.0,card,2025-08-21 13:15:15,Afternoon
TX_0927,CUST_3674,2025-08-21,13:15:15,4,Thursday,False,Latte,340.0,580.0,card,2025-08-21 13:15:15,Afternoon
TX_1733,CUST_4114,2025-08-21,13:19:11,4,Thursday,False,Batch brew,240.0,660.0,card,2025-08-21 13:19:11,Afternoon
TX_1733,CUST_4114,2025-08-21,13:19:11,4,Thursday,False,Raf coffee,420.0,660.0,card,2025-08-21 13:19:11,Afternoon
TX_2145,CUST_6820,2025-08-21,13:26:06,4,Thursday,False,Espresso,230.0,230.0,cash,2025-08-21 13:26:06,Afternoon
TX_0260,CUST_6237,2025-08-21,13:28:41,4,Thursday,False,Warming drinks (tea),400.0,820.0,cash,2025-08-21 13:28:41,Afternoon
TX_0260,CUST_6237,2025-08-21,13:28:41,4,Thursday,False,Raf coffee,420.0,820.0,cash,2025-08-21 13:28:41,Afternoon
TX_1222,CUST_9285,2025-08-21,13:33:56,4,Thursday,False,Latte,340.0,780.0,card,2025-08-21 13:33:56,Afternoon
TX_1222,CUST_9285,2025-08-21,13:33:56,4,Thursday,False,Latte with add,440.0,780.0,card,2025-08-21 13:33:56,Afternoon
TX_3526,CUST_3380,2025-08-21,13:37:21,4,Thursday,False,Warming drinks (tea),400.0,400.0,card,2025-08-21 13:37:21,Afternoon
TX_2515,CUST_5177,2025-08-21,13:38:16,4,Thursday,False,Latte,340.0,340.0,card,2025-08-21 13:38:16,Afternoon
TX_1228,CUST_5556,2025-08-21,13:45:07,4,Thursday,False,Batch brew,240.0,240.0,card,2025-08-21 13:45:07,Afternoon
TX_2872,CUST_2633,2025-08-21,13:45:58,4,Thursday,False,Cappuccino,320.0,320.0,card,2025-08-21 13:45:58,Afternoon
TX_1861,CUST_7897,2025-08-21,13:58:16,4,Thursday,False,Flat white,340.0,340.0,card,2025-08-21 13:58:16,Afternoon
TX_1787,CUST_7080,2025-08-21,13:58:21,4,Thursday,False,Batch brew,240.0,960.0,card,2025-08-21 13:58:21,Afternoon
TX_1787,CUST_7080,2025-08-21,13:58:21,4,Thursday,False,Warming drinks (tea),400.0,960.0,card,2025-08-21 13:58:21,Afternoon
TX_1787,CUST_7080,2025-08-21,13:58:21,4,Thursday,False,Cappuccino,320.0,960.0,card,2025-08-21 13:58:21,Afternoon
TX_1845,CUST_1590,2025-08-21,14:00:31,4,Thursday,False,Warming drinks (tea),400.0,400.0,card,2025-08-21 14:00:31,Afternoon
TX_1859,CUST_5006,2025-08-21,14:11:52,4,Thursday,False,Raf coffee,420.0,420.0,card,2025-08-21 14:11:52,Afternoon
TX_1969,CUST_5396,2025-08-21,14:23:02,4,Thursday,False,Cappuccino,320.0,320.0,cash,2025-08-21 14:23:02,Afternoon
TX_2982,CUST_9355,2025-08-21,14:33:18,4,Thursday,False,Latte with add,440.0,440.0,card,2025-08-21 14:33:18,Afternoon
TX_2387,CUST_4385,2025-08-21,15:05:02,4,Thursday,False,Latte with add,440.0,440.0,cash,2025-08-21 15:05:02,Afternoon
TX_1470,CUST_1156,2025-08-21,15:28:34,4,Thursday,False,Cappuccino,320.0,320.0,card,2025-08-21 15:28:34,Afternoon
TX_0544,CUST_3260,2025-08-21,15:31:16,4,Thursday,False,Batch brew,240.0,470.0,card,2025-08-21 15:31:16,Afternoon
TX_0544,CUST_3260,2025-08-21,15:31:16,4,Thursday,False,Espresso,230.0,470.0,card,2025-08-21 15:31:16,Afternoon
TX_2857,CUST_1680,2025-08-21,17:37:38,4,Thursday,False,Latte with add,440.0,440.0,cash,2025-08-21 17:37:38,Evening
TX_1374,CUST_9776,2025-08-22,08:25:56,5,Friday,False,Batch brew,240.0,240.0,card,2025-08-22 08:25:56,Morning
TX_1280,CUST_9618,2025-08-22,08:28:57,5,Friday,False,Cappuccino,320.0,640.0,cash,2025-08-22 08:28:57,Morning
TX_1280,CUST_9618,2025-08-22,08:28:57,5,Friday,False,Cappuccino,320.0,640.0,cash,2025-08-22 08:28:57,Morning
TX_2538,CUST_1129,2025-08-22,08:32:45,5,Friday,False,Latte with add,440.0,440.0,card,2025-08-22 08:32:45,Morning
TX_0536,CUST_3677,2025-08-22,08:36:51,5,Friday,False,Raf coffee,420.0,420.0,cash,2025-08-22 08:36:51,Morning
TX_1631,CUST_2455,2025-08-22,09:05:48,5,Friday,False,Batch brew,240.0,240.0,card,2025-08-22 09:05:48,Morning
TX_2213,CUST_8129,2025-08-22,09:20:05,5,Friday,False,Warming drinks (tea),400.0,400.0,card,2025-08-22 09:20:05,Morning
TX_1334,CUST_9169,2025-08-22,09:24:45,5,Friday,False,Cappuccino,320.0,640.0,card,2025-08-22 09:24:45,Morning
TX_1334,CUST_9169,2025-08-22,09:24:45,5,Friday,False,Cappuccino,320.0,640.0,card,2025-08-22 09:24:45,Morning
TX_2316,CUST_6975,2025-08-22,09:26:40,5,Friday,False,Batch brew,240.0,480.0,card,2025-08-22 09:26:40,Morning
TX_2316,CUST_6975,2025-08-22,09:26:40,5,Friday,False,Batch brew,240.0,480.0,card,2025-08-22 09:26:40,Morning
TX_0043,CUST_8855,2025-08-22,09:27:05,5,Friday,False,Latte with add,440.0,440.0,card,2025-08-22 09:27:05,Morning
TX_3366,CUST_7419,2025-08-22,09:49:42,5,Friday,False,Cappuccino,320.0,320.0,card,2025-08-22 09:49:42,Morning
TX_2468,CUST_5213,2025-08-22,09:59:25,5,Friday,False,Cappuccino,320.0,320.0,card,2025-08-22 09:59:25,Morning
TX_1286,CUST_3420,2025-08-22,10:03:11,5,Friday,False,Cappuccino,320.0,320.0,cash,2025-08-22 10:03:11,Morning
TX_2076,CUST_6884,2025-08-22,10:07:53,5,Friday,False,Latte,340.0,340.0,card,2025-08-22 10:07:53,Morning
TX_3344,CUST_4378,2025-08-22,10:30:53,5,Friday,False,Latte,340.0,340.0,card,2025-08-22 10:30:53,Morning
TX_2005,CUST_6595,2025-08-22,12:05:47,5,Friday,False,Latte,340.0,340.0,card,2025-08-22 12:05:47,Afternoon
TX_0258,CUST_6661,2025-08-22,12:36:44,5,Friday,False,Latte,340.0,340.0,card,2025-08-22 12:36:44,Afternoon
TX_1844,CUST_8248,2025-08-22,12:42:30,5,Friday,False,Raf coffee,420.0,820.0,card,2025-08-22 12:42:30,Afternoon
TX_1844,CUST_8248,2025-08-22,12:42:30,5,Friday,False,Warming drinks (tea),400.0,820.0,card,2025-08-22 12:42:30,Afternoon
TX_1248,CUST_6262,2025-08-22,12:47:08,5,Friday,False,Raf coffee,420.0,420.0,card,2025-08-22 12:47:08,Afternoon
TX_2738,CUST_5212,2025-08-22,13:04:31,5,Friday,False,Latte with add,440.0,1020.0,card,2025-08-22 13:04:31,Afternoon
TX_2738,CUST_5212,2025-08-22,13:04:31,5,Friday,False,Batch brew,240.0,1020.0,card,2025-08-22 13:04:31,Afternoon
TX_2738,CUST_5212,2025-08-22,13:04:31,5,Friday,False,Latte,340.0,1020.0,card,2025-08-22 13:04:31,Afternoon
TX_0326,CUST_2384,2025-08-22,13:04:39,5,Friday,False,Cappuccino,320.0,320.0,card,2025-08-22 13:04:39,Afternoon
TX_1908,CUST_1023,2025-08-22,13:10:31,5,Friday,False,Raf coffee,420.0,420.0,card,2025-08-22 13:10:31,Afternoon
TX_1480,CUST_1496,2025-08-22,13:28:06,5,Friday,False,Batch brew,240.0,240.0,cash,2025-08-22 13:28:06,Afternoon
TX_2167,CUST_8670,2025-08-22,13:35:43,5,Friday,False,Warming drinks (tea),400.0,800.0,card,2025-08-22 13:35:43,Afternoon
TX_2167,CUST_8670,2025-08-22,13:35:43,5,Friday,False,Warming drinks (tea),400.0,800.0,card,2025-08-22 13:35:43,Afternoon
TX_2572,CUST_1267,2025-08-22,13:41:39,5,Friday,False,Latte,340.0,660.0,cash,2025-08-22 13:41:39,Afternoon
TX_2572,CUST_1267,2025-08-22,13:41:39,5,Friday,False,Cappuccino,320.0,660.0,cash,2025-08-22 13:41:39,Afternoon
TX_1304,CUST_5945,2025-08-22,13:44:48,5,Friday,False,Batch brew,240.0,240.0,card,2025-08-22 13:44:48,Afternoon
TX_0214,CUST_6556,2025-08-22,13:54:40,5,Friday,False,Batch brew,240.0,240.0,cash,2025-08-22 13:54:40,Afternoon
TX_2585,CUST_1961,2025-08-22,14:04:42,5,Friday,False,Latte,340.0,340.0,cash,2025-08-22 14:04:42,Afternoon
TX_2086,CUST_6900,2025-08-22,14:25:36,5,Friday,False,Batch brew,240.0,680.0,cash,2025-08-22 14:25:36,Afternoon
TX_2086,CUST_6900,2025-08-22,14:25:36,5,Friday,False,Latte with add,440.0,680.0,cash,2025-08-22 14:25:36,Afternoon
TX_2541,CUST_3645,2025-08-22,14:27:02,5,Friday,False,Batch brew,240.0,560.0,cash,2025-08-22 14:27:02,Afternoon
TX_2541,CUST_3645,2025-08-22,14:27:02,5,Friday,False,Cappuccino,320.0,560.0,cash,2025-08-22 14:27:02,Afternoon
TX_3329,CUST_3733,2025-08-22,14:38:34,5,Friday,False,Flat white,340.0,340.0,card,2025-08-22 14:38:34,Afternoon
TX_2719,CUST_3981,2025-08-22,18:00:38,5,Friday,False,Latte,340.0,820.0,card,2025-08-22 18:00:38,Evening
TX_2719,CUST_3981,2025-08-22,18:00:38,5,Friday,False,Batch brew,240.0,820.0,card,2025-08-22 18:00:38,Evening
TX_2719,CUST_3981,2025-08-22,18:00:38,5,Friday,False,Batch brew,240.0,820.0,card,2025-08-22 18:00:38,Evening
TX_2587,CUST_6043,2025-08-22,18:16:26,5,Friday,False,Warming drinks (tea),400.0,1060.0,card,2025-08-22 18:16:26,Evening
TX_2587,CUST_6043,2025-08-22,18:16:26,5,Friday,False,Cappuccino,320.0,1060.0,card,2025-08-22 18:16:26,Evening
TX_2587,CUST_6043,2025-08-22,18:16:26,5,Friday,False,Latte,340.0,1060.0,card,2025-08-22 18:16:26,Evening
TX_2416,CUST_5808,2025-08-23,08:55:55,6,Saturday,True,Latte,340.0,780.0,card,2025-08-23 08:55:55,Morning
TX_2416,CUST_5808,2025-08-23,08:55:55,6,Saturday,True,Latte with add,440.0,780.0,card,2025-08-23 08:55:55,Morning
TX_0588,CUST_1991,2025-08-23,08:56:44,6,Saturday,True,Flat white,340.0,340.0,card,2025-08-23 08:56:44,Morning
TX_0838,CUST_3281,2025-08-23,08:59:16,6,Saturday,True,Latte with add,440.0,780.0,cash,2025-08-23 08:59:16,Morning
TX_0838,CUST_3281,2025-08-23,08:59:16,6,Saturday,True,Flat white,340.0,780.0,cash,2025-08-23 08:59:16,Morning
TX_0541,CUST_2795,2025-08-23,09:00:23,6,Saturday,True,Espresso,230.0,230.0,card,2025-08-23 09:00:23,Morning
TX_2973,CUST_6896,2025-08-23,09:01:05,6,Saturday,True,Latte,340.0,340.0,card,2025-08-23 09:01:05,Morning
TX_2017,CUST_7821,2025-08-23,09:03:19,6,Saturday,True,Flat white,340.0,340.0,cash,2025-08-23 09:03:19,Morning
TX_1078,CUST_5100,2025-08-23,09:05:17,6,Saturday,True,Latte with add,440.0,680.0,card,2025-08-23 09:05:17,Morning
TX_1078,CUST_5100,2025-08-23,09:05:17,6,Saturday,True,Batch brew,240.0,680.0,card,2025-08-23 09:05:17,Morning
TX_1783,CUST_2169,2025-08-23,09:34:45,6,Saturday,True,Latte,340.0,570.0,card,2025-08-23 09:34:45,Morning
TX_1783,CUST_2169,2025-08-23,09:34:45,6,Saturday,True,Espresso,230.0,570.0,card,2025-08-23 09:34:45,Morning
TX_1341,CUST_8315,2025-08-23,09:38:32,6,Saturday,True,Flat white,340.0,340.0,card,2025-08-23 09:38:32,Morning
TX_3499,CUST_6377,2025-08-23,09:41:30,6,Saturday,True,Flat white,340.0,340.0,cash,2025-08-23 09:41:30,Morning
TX_1192,CUST_1309,2025-08-23,11:00:18,6,Saturday,True,Espresso,230.0,230.0,card,2025-08-23 11:00:18,Afternoon
TX_2886,CUST_7540,2025-08-23,11:39:14,6,Saturday,True,Latte,340.0,680.0,cash,2025-08-23 11:39:14,Afternoon
TX_2886,CUST_7540,2025-08-23,11:39:14,6,Saturday,True,Latte,340.0,680.0,cash,2025-08-23 11:39:14,Afternoon
TX_2281,CUST_5221,2025-08-23,11:58:33,6,Saturday,True,Warming drinks (tea),400.0,400.0,card,2025-08-23 11:58:33,Afternoon
TX_0827,CUST_8649,2025-08-23,12:11:52,6,Saturday,True,Raf coffee,420.0,660.0,card,2025-08-23 12:11:52,Afternoon
TX_0827,CUST_8649,2025-08-23,12:11:52,6,Saturday,True,Batch brew,240.0,660.0,card,2025-08-23 12:11:52,Afternoon
TX_2428,CUST_9692,2025-08-23,12:20:09,6,Saturday,True,Latte with add,440.0,440.0,cash,2025-08-23 12:20:09,Afternoon
TX_3339,CUST_2169,2025-08-23,12:25:31,6,Saturday,True,Warming drinks (tea),400.0,400.0,card,2025-08-23 12:25:31,Afternoon
TX_1463,CUST_1470,2025-08-23,12:35:59,6,Saturday,True,Batch brew,240.0,240.0,cash,2025-08-23 12:35:59,Afternoon
TX_2599,CUST_1950,2025-08-23,12:38:15,6,Saturday,True,Warming drinks (tea),400.0,400.0,cash,2025-08-23 12:38:15,Afternoon
TX_0247,CUST_2573,2025-08-23,12:40:15,6,Saturday,True,Latte with add,440.0,760.0,card,2025-08-23 12:40:15,Afternoon
TX_0247,CUST_2573,2025-08-23,12:40:15,6,Saturday,True,Cappuccino,320.0,760.0,card,2025-08-23 12:40:15,Afternoon
TX_0037,CUST_1969,2025-08-23,12:47:31,6,Saturday,True,Latte,340.0,340.0,card,2025-08-23 12:47:31,Afternoon
TX_1467,CUST_4784,2025-08-23,12:59:50,6,Saturday,True,Batch brew,240.0,240.0,card,2025-08-23 12:59:50,Afternoon
TX_1570,CUST_5604,2025-08-23,13:00:45,6,Saturday,True,Batch brew,240.0,240.0,card,2025-08-23 13:00:45,Afternoon
TX_3253,CUST_5062,2025-08-23,13:04:50,6,Saturday,True,Cappuccino,320.0,320.0,cash,2025-08-23 13:04:50,Afternoon
TX_1759,CUST_7951,2025-08-23,13:05:49,6,Saturday,True,Flat white,340.0,340.0,card,2025-08-23 13:05:49,Afternoon
TX_0066,CUST_4582,2025-08-23,13:07:09,6,Saturday,True,Cappuccino,320.0,1080.0,card,2025-08-23 13:07:09,Afternoon
TX_0066,CUST_4582,2025-08-23,13:07:09,6,Saturday,True,Latte with add,440.0,1080.0,card,2025-08-23 13:07:09,Afternoon
TX_0066,CUST_4582,2025-08-23,13:07:09,6,Saturday,True,Cappuccino,320.0,1080.0,card,2025-08-23 13:07:09,Afternoon
TX_0933,CUST_4615,2025-08-23,13:07:34,6,Saturday,True,Batch brew,240.0,680.0,cash,2025-08-23 13:07:34,Afternoon
TX_0933,CUST_4615,2025-08-23,13:07:34,6,Saturday,True,Latte with add,440.0,680.0,cash,2025-08-23 13:07:34,Afternoon
TX_0282,CUST_9944,2025-08-23,13:10:20,6,Saturday,True,Cappuccino,320.0,320.0,card,2025-08-23 13:10:20,Afternoon
TX_2126,CUST_6366,2025-08-23,13:11:12,6,Saturday,True,Latte,340.0,340.0,card,2025-08-23 13:11:12,Afternoon
TX_3324,CUST_6897,2025-08-23,13:15:36,6,Saturday,True,Batch brew,240.0,240.0,cash,2025-08-23 13:15:36,Afternoon
TX_2869,CUST_4161,2025-08-23,13:17:25,6,Saturday,True,Espresso,230.0,230.0,cash,2025-08-23 13:17:25,Afternoon
TX_0812,CUST_9122,2025-08-23,13:22:50,6,Saturday,True,Latte with add,440.0,440.0,cash,2025-08-23 13:22:50,Afternoon
TX_2578,CUST_5135,2025-08-23,13:22:53,6,Saturday,True,Latte,340.0,340.0,card,2025-08-23 13:22:53,Afternoon
TX_2144,CUST_2372,2025-08-23,13:23:21,6,Saturday,True,Espresso,230.0,1010.0,card,2025-08-23 13:23:21,Afternoon
TX_2144,CUST_2372,2025-08-23,13:23:21,6,Saturday,True,Latte,340.0,1010.0,card,2025-08-23 13:23:21,Afternoon
TX_2144,CUST_2372,2025-08-23,13:23:21,6,Saturday,True,Latte with add,440.0,1010.0,card,2025-08-23 13:23:21,Afternoon
TX_1166,CUST_7249,2025-08-23,13:32:28,6,Saturday,True,Latte,340.0,680.0,card,2025-08-23 13:32:28,Afternoon
TX_1166,CUST_7249,2025-08-23,13:32:28,6,Saturday,True,Latte,340.0,680.0,card,2025-08-23 13:32:28,Afternoon
TX_1824,CUST_1199,2025-08-23,13:33:13,6,Saturday,True,Latte,340.0,340.0,card,2025-08-23 13:33:13,Afternoon
TX_2725,CUST_9916,2025-08-23,13:51:13,6,Saturday,True,Flat white,340.0,340.0,card,2025-08-23 13:51:13,Afternoon
TX_1764,CUST_2805,2025-08-23,13:59:38,6,Saturday,True,Raf coffee,420.0,740.0,card,2025-08-23 13:59:38,Afternoon
TX_1764,CUST_2805,2025-08-23,13:59:38,6,Saturday,True,Cappuccino,320.0,740.0,card,2025-08-23 13:59:38,Afternoon
TX_3384,CUST_3520,2025-08-23,14:02:51,6,Saturday,True,Latte with add,440.0,880.0,card,2025-08-23 14:02:51,Afternoon
TX_3384,CUST_3520,2025-08-23,14:02:51,6,Saturday,True,Latte with add,440.0,880.0,card,2025-08-23 14:02:51,Afternoon
TX_1323,CUST_2646,2025-08-23,14:11:22,6,Saturday,True,Flat white,340.0,340.0,card,2025-08-23 14:11:22,Afternoon
TX_2335,CUST_9466,2025-08-23,14:13:36,6,Saturday,True,Latte,340.0,340.0,card,2025-08-23 14:13:36,Afternoon
TX_0391,CUST_5046,2025-08-23,14:18:53,6,Saturday,True,Latte,340.0,340.0,cash,2025-08-23 14:18:53,Afternoon
TX_0562,CUST_3342,2025-08-23,14:19:12,6,Saturday,True,Latte,340.0,340.0,cash,2025-08-23 14:19:12,Afternoon
TX_0217,CUST_6474,2025-08-23,14:23:57,6,Saturday,True,Batch brew,240.0,240.0,card,2025-08-23 14:23:57,Afternoon
TX_0761,CUST_7929,2025-08-23,14:34:24,6,Saturday,True,Cappuccino,320.0,320.0,card,2025-08-23 14:34:24,Afternoon
TX_0510,CUST_1501,2025-08-23,15:56:07,6,Saturday,True,Latte with add,440.0,440.0,cash,2025-08-23 15:56:07,Afternoon
TX_1184,CUST_6397,2025-08-23,16:51:16,6,Saturday,True,Latte,340.0,340.0,cash,2025-08-23 16:51:16,Evening
TX_0119,CUST_6921,2025-08-23,17:00:50,6,Saturday,True,Latte,340.0,340.0,card,2025-08-23 17:00:50,Evening
TX_0788,CUST_3763,2025-08-23,17:38:33,6,Saturday,True,Cappuccino,320.0,320.0,card,2025-08-23 17:38:33,Evening
TX_2938,CUST_7278,2025-08-23,18:07:35,6,Saturday,True,Batch brew,240.0,580.0,cash,2025-08-23 18:07:35,Evening
TX_2938,CUST_7278,2025-08-23,18:07:35,6,Saturday,True,Latte,340.0,580.0,cash,2025-08-23 18:07:35,Evening
TX_0878,CUST_4768,2025-08-23,18:26:52,6,Saturday,True,Batch brew,240.0,980.0,card,2025-08-23 18:26:52,Evening
TX_0878,CUST_4768,2025-08-23,18:26:52,6,Saturday,True,Raf coffee,420.0,980.0,card,2025-08-23 18:26:52,Evening
TX_0878,CUST_4768,2025-08-23,18:26:52,6,Saturday,True,Cappuccino,320.0,980.0,card,2025-08-23 18:26:52,Evening
TX_2481,CUST_9710,2025-08-23,18:36:32,6,Saturday,True,Raf coffee,420.0,660.0,card,2025-08-23 18:36:32,Evening
TX_2481,CUST_9710,2025-08-23,18:36:32,6,Saturday,True,Batch brew,240.0,660.0,card,2025-08-23 18:36:32,Evening
TX_1639,CUST_3901,2025-08-23,19:16:15,6,Saturday,True,Cappuccino,320.0,320.0,card,2025-08-23 19:16:15,Evening
TX_3033,CUST_9961,2025-08-24,08:00:10,7,Sunday,True,Latte,340.0,1100.0,card,2025-08-24 08:00:10,Morning
TX_3033,CUST_9961,2025-08-24,08:00:10,7,Sunday,True,Cappuccino,320.0,1100.0,card,2025-08-24 08:00:10,Morning
TX_3033,CUST_9961,2025-08-24,08:00:10,7,Sunday,True,Latte with add,440.0,1100.0,card,2025-08-24 08:00:10,Morning
TX_0521,CUST_7580,2025-08-24,08:33:12,7,Sunday,True,Latte with add,440.0,440.0,cash,2025-08-24 08:33:12,Morning
TX_0587,CUST_2830,2025-08-24,09:07:35,7,Sunday,True,Cappuccino,320.0,320.0,card,2025-08-24 09:07:35,Morning
TX_0044,CUST_7077,2025-08-24,09:54:15,7,Sunday,True,Latte,340.0,1120.0,card,2025-08-24 09:54:15,Morning
TX_0044,CUST_7077,2025-08-24,09:54:15,7,Sunday,True,Latte with add,440.0,1120.0,card,2025-08-24 09:54:15,Morning
TX_0044,CUST_7077,2025-08-24,09:54:15,7,Sunday,True,Flat white,340.0,1120.0,card,2025-08-24 09:54:15,Morning
TX_3369,CUST_6870,2025-08-24,09:56:56,7,Sunday,True,Cappuccino,320.0,320.0,card,2025-08-24 09:56:56,Morning
TX_2059,CUST_7607,2025-08-24,10:06:29,7,Sunday,True,Batch brew,240.0,240.0,cash,2025-08-24 10:06:29,Morning
TX_0673,CUST_5230,2025-08-24,10:27:38,7,Sunday,True,Batch brew,240.0,240.0,card,2025-08-24 10:27:38,Morning
TX_2955,CUST_2653,2025-08-24,10:35:52,7,Sunday,True,Latte,340.0,340.0,card,2025-08-24 10:35:52,Morning
TX_0779,CUST_1927,2025-08-24,10:57:05,7,Sunday,True,Latte with add,440.0,440.0,cash,2025-08-24 10:57:05,Morning
TX_0898,CUST_1687,2025-08-24,11:00:13,7,Sunday,True,Batch brew,240.0,240.0,cash,2025-08-24 11:00:13,Afternoon
TX_1083,CUST_5189,2025-08-24,11:57:51,7,Sunday,True,Latte,340.0,340.0,card,2025-08-24 11:57:51,Afternoon
TX_3190,CUST_9719,2025-08-24,12:13:23,7,Sunday,True,Warming drinks (tea),400.0,400.0,cash,2025-08-24 12:13:23,Afternoon
TX_3221,CUST_5118,2025-08-24,12:20:56,7,Sunday,True,Cappuccino,320.0,320.0,card,2025-08-24 12:20:56,Afternoon
TX_1031,CUST_6003,2025-08-24,12:23:09,7,Sunday,True,Latte,340.0,340.0,card,2025-08-24 12:23:09,Afternoon
TX_1006,CUST_7092,2025-08-24,12:25:09,7,Sunday,True,Warming drinks (tea),400.0,400.0,card,2025-08-24 12:25:09,Afternoon
TX_0718,CUST_6640,2025-08-24,12:44:09,7,Sunday,True,Cappuccino,320.0,320.0,card,2025-08-24 12:44:09,Afternoon
TX_1911,CUST_5822,2025-08-24,12:44:38,7,Sunday,True,Raf coffee,420.0,420.0,card,2025-08-24 12:44:38,Afternoon
TX_3522,CUST_7324,2025-08-24,12:49:55,7,Sunday,True,Latte,340.0,340.0,card,2025-08-24 12:49:55,Afternoon
TX_1236,CUST_9828,2025-08-24,12:59:17,7,Sunday,True,Cappuccino,320.0,320.0,cash,2025-08-24 12:59:17,Afternoon
TX_1543,CUST_3822,2025-08-24,13:01:36,7,Sunday,True,Flat white,340.0,340.0,card,2025-08-24 13:01:36,Afternoon
TX_0058,CUST_3626,2025-08-24,13:03:24,7,Sunday,True,Latte,340.0,340.0,card,2025-08-24 13:03:24,Afternoon
TX_0286,CUST_4831,2025-08-24,13:08:32,7,Sunday,True,Cappuccino,320.0,320.0,card,2025-08-24 13:08:32,Afternoon
TX_2801,CUST_6278,2025-08-24,13:09:13,7,Sunday,True,Espresso,230.0,470.0,card,2025-08-24 13:09:13,Afternoon
TX_2801,CUST_6278,2025-08-24,13:09:13,7,Sunday,True,Batch brew,240.0,470.0,card,2025-08-24 13:09:13,Afternoon
TX_3358,CUST_2374,2025-08-24,13:10:36,7,Sunday,True,Raf coffee,420.0,420.0,card,2025-08-24 13:10:36,Afternoon
TX_1595,CUST_4168,2025-08-24,13:14:42,7,Sunday,True,Batch brew,240.0,240.0,cash,2025-08-24 13:14:42,Afternoon
TX_0333,CUST_3247,2025-08-24,13:18:44,7,Sunday,True,Latte,340.0,1120.0,cash,2025-08-24 13:18:44,Afternoon
TX_0333,CUST_3247,2025-08-24,13:18:44,7,Sunday,True,Latte,340.0,1120.0,cash,2025-08-24 13:18:44,Afternoon
TX_0333,CUST_3247,2025-08-24,13:18:44,7,Sunday,True,Latte with add,440.0,1120.0,cash,2025-08-24 13:18:44,Afternoon
TX_0413,CUST_4046,2025-08-24,13:22:56,7,Sunday,True,Raf coffee,420.0,420.0,card,2025-08-24 13:22:56,Afternoon
TX_0651,CUST_8433,2025-08-24,13:32:43,7,Sunday,True,Batch brew,240.0,240.0,cash,2025-08-24 13:32:43,Afternoon
TX_0851,CUST_2405,2025-08-24,13:34:23,7,Sunday,True,Flat white,340.0,340.0,card,2025-08-24 13:34:23,Afternoon
TX_1633,CUST_1986,2025-08-24,13:44:28,7,Sunday,True,Latte,340.0,340.0,card,2025-08-24 13:44:28,Afternoon
TX_3460,CUST_1860,2025-08-24,13:46:18,7,Sunday,True,Latte,340.0,340.0,card,2025-08-24 13:46:18,Afternoon
TX_0409,CUST_7277,2025-08-24,13:55:33,7,Sunday,True,Latte,340.0,340.0,cash,2025-08-24 13:55:33,Afternoon
TX_2843,CUST_7454,2025-08-24,13:59:37,7,Sunday,True,Batch brew,240.0,240.0,cash,2025-08-24 13:59:37,Afternoon
TX_3313,CUST_5547,2025-08-24,14:10:45,7,Sunday,True,Cappuccino,320.0,320.0,card,2025-08-24 14:10:45,Afternoon
TX_0665,CUST_2439,2025-08-24,15:06:20,7,Sunday,True,Batch brew,240.0,240.0,card,2025-08-24 15:06:20,Afternoon
TX_3015,CUST_8185,2025-08-24,16:45:15,7,Sunday,True,Latte with add,440.0,440.0,card,2025-08-24 16:45:15,Evening
TX_3508,CUST_5336,2025-08-24,17:37:34,7,Sunday,True,Latte with add,440.0,440.0,cash,2025-08-24 17:37:34,Evening
TX_0800,CUST_1931,2025-08-24,17:54:59,7,Sunday,True,Batch brew,240.0,240.0,card,2025-08-24 17:54:59,Evening
TX_2922,CUST_8083,2025-08-24,17:58:07,7,Sunday,True,Latte with add,440.0,440.0,card,2025-08-24 17:58:07,Evening
TX_1679,CUST_4863,2025-08-24,18:08:46,7,Sunday,True,Latte,340.0,340.0,card,2025-08-24 18:08:46,Evening
TX_1821,CUST_7881,2025-08-24,18:44:13,7,Sunday,True,Flat white,340.0,760.0,card,2025-08-24 18:44:13,Evening
TX_1821,CUST_7881,2025-08-24,18:44:13,7,Sunday,True,Raf coffee,420.0,760.0,card,2025-08-24 18:44:13,Evening
TX_1775,CUST_7576,2025-08-24,18:56:21,7,Sunday,True,Latte,340.0,340.0,card,2025-08-24 18:56:21,Evening
TX_2693,CUST_6348,2025-08-24,19:56:33,7,Sunday,True,Warming drinks (tea),400.0,400.0,card,2025-08-24 19:56:33,Evening
TX_1473,CUST_4569,2025-08-25,08:48:17,1,Monday,False,Batch brew,240.0,240.0,card,2025-08-25 08:48:17,Morning
TX_1039,CUST_3015,2025-08-25,08:58:44,1,Monday,False,Latte with add,440.0,440.0,cash,2025-08-25 08:58:44,Morning
TX_1457,CUST_7108,2025-08-25,09:16:25,1,Monday,False,Warming drinks (tea),400.0,840.0,card,2025-08-25 09:16:25,Morning
TX_1457,CUST_7108,2025-08-25,09:16:25,1,Monday,False,Latte with add,440.0,840.0,card,2025-08-25 09:16:25,Morning
TX_3447,CUST_9590,2025-08-25,09:18:29,1,Monday,False,Cappuccino,320.0,1180.0,cash,2025-08-25 09:18:29,Morning
TX_3447,CUST_9590,2025-08-25,09:18:29,1,Monday,False,Raf coffee,420.0,1180.0,cash,2025-08-25 09:18:29,Morning
TX_3447,CUST_9590,2025-08-25,09:18:29,1,Monday,False,Latte with add,440.0,1180.0,cash,2025-08-25 09:18:29,Morning
TX_2885,CUST_4714,2025-08-25,09:24:10,1,Monday,False,Cappuccino,320.0,640.0,card,2025-08-25 09:24:10,Morning
TX_2885,CUST_4714,2025-08-25,09:24:10,1,Monday,False,Cappuccino,320.0,640.0,card,2025-08-25 09:24:10,Morning
TX_0021,CUST_2923,2025-08-25,09:32:53,1,Monday,False,Latte,340.0,340.0,card,2025-08-25 09:32:53,Morning
TX_0252,CUST_1693,2025-08-25,09:43:22,1,Monday,False,Cappuccino,320.0,320.0,card,2025-08-25 09:43:22,Morning
TX_3472,CUST_8617,2025-08-25,09:52:08,1,Monday,False,Latte,340.0,340.0,card,2025-08-25 09:52:08,Morning
TX_0926,CUST_4722,2025-08-25,09:54:55,1,Monday,False,Batch brew,240.0,660.0,card,2025-08-25 09:54:55,Morning
TX_0926,CUST_4722,2025-08-25,09:54:55,1,Monday,False,Raf coffee,420.0,660.0,card,2025-08-25 09:54:55,Morning
TX_3540,CUST_4113,2025-08-25,10:00:12,1,Monday,False,Cappuccino,320.0,320.0,card,2025-08-25 10:00:12,Morning
TX_1178,CUST_1294,2025-08-25,10:09:58,1,Monday,False,Flat white,340.0,340.0,card,2025-08-25 10:09:58,Morning
TX_1116,CUST_5875,2025-08-25,10:16:02,1,Monday,False,Raf coffee,420.0,820.0,card,2025-08-25 10:16:02,Morning
TX_1116,CUST_5875,2025-08-25,10:16:02,1,Monday,False,Warming drinks (tea),400.0,820.0,card,2025-08-25 10:16:02,Morning
TX_3533,CUST_1678,2025-08-25,10:32:09,1,Monday,False,Latte with add,440.0,1080.0,card,2025-08-25 10:32:09,Morning
TX_3533,CUST_1678,2025-08-25,10:32:09,1,Monday,False,Warming drinks (tea),400.0,1080.0,card,2025-08-25 10:32:09,Morning
TX_3533,CUST_1678,2025-08-25,10:32:09,1,Monday,False,Batch brew,240.0,1080.0,card,2025-08-25 10:32:09,Morning
TX_2435,CUST_8097,2025-08-25,10:37:47,1,Monday,False,Flat white,340.0,340.0,card,2025-08-25 10:37:47,Morning
TX_1161,CUST_6895,2025-08-25,10:37:54,1,Monday,False,Latte,340.0,340.0,card,2025-08-25 10:37:54,Morning
TX_2749,CUST_4286,2025-08-25,12:14:48,1,Monday,False,Batch brew,240.0,640.0,card,2025-08-25 12:14:48,Afternoon
TX_2749,CUST_4286,2025-08-25,12:14:48,1,Monday,False,Warming drinks (tea),400.0,640.0,card,2025-08-25 12:14:48,Afternoon
TX_3370,CUST_9299,2025-08-25,12:16:35,1,Monday,False,Espresso,230.0,230.0,card,2025-08-25 12:16:35,Afternoon
TX_1767,CUST_8127,2025-08-25,12:20:01,1,Monday,False,Cappuccino,320.0,320.0,card,2025-08-25 12:20:01,Afternoon
TX_0545,CUST_6771,2025-08-25,12:50:39,1,Monday,False,Espresso,230.0,230.0,cash,2025-08-25 12:50:39,Afternoon
TX_0092,CUST_2445,2025-08-25,13:00:25,1,Monday,False,Batch brew,240.0,680.0,card,2025-08-25 13:00:25,Afternoon
TX_0092,CUST_2445,2025-08-25,13:00:25,1,Monday,False,Latte with add,440.0,680.0,card,2025-08-25 13:00:25,Afternoon
TX_1736,CUST_8949,2025-08-25,13:04:54,1,Monday,False,Batch brew,240.0,240.0,card,2025-08-25 13:04:54,Afternoon
TX_2055,CUST_5310,2025-08-25,13:18:08,1,Monday,False,Raf coffee,420.0,760.0,cash,2025-08-25 13:18:08,Afternoon
TX_2055,CUST_5310,2025-08-25,13:18:08,1,Monday,False,Latte,340.0,760.0,cash,2025-08-25 13:18:08,Afternoon
TX_1370,CUST_5357,2025-08-25,13:27:31,1,Monday,False,Warming drinks (tea),400.0,400.0,cash,2025-08-25 13:27:31,Afternoon
TX_2383,CUST_3120,2025-08-25,13:35:19,1,Monday,False,Latte,340.0,340.0,card,2025-08-25 13:35:19,Afternoon
TX_1132,CUST_9391,2025-08-25,13:40:55,1,Monday,False,Latte,340.0,1000.0,card,2025-08-25 13:40:55,Afternoon
TX_1132,CUST_9391,2025-08-25,13:40:55,1,Monday,False,Latte,340.0,1000.0,card,2025-08-25 13:40:55,Afternoon
TX_1132,CUST_9391,2025-08-25,13:40:55,1,Monday,False,Cappuccino,320.0,1000.0,card,2025-08-25 13:40:55,Afternoon
TX_2098,CUST_2069,2025-08-25,13:52:45,1,Monday,False,Latte with add,440.0,440.0,card,2025-08-25 13:52:45,Afternoon
TX_0389,CUST_2673,2025-08-25,14:01:44,1,Monday,False,Cappuccino,320.0,320.0,card,2025-08-25 14:01:44,Afternoon
TX_3517,CUST_4648,2025-08-25,14:20:28,1,Monday,False,Cappuccino,320.0,320.0,card,2025-08-25 14:20:28,Afternoon
TX_1297,CUST_6851,2025-08-25,15:17:31,1,Monday,False,Batch brew,240.0,240.0,card,2025-08-25 15:17:31,Afternoon
TX_3194,CUST_6933,2025-08-26,08:00:19,2,Tuesday,False,Latte,340.0,340.0,card,2025-08-26 08:00:19,Morning
TX_3292,CUST_9999,2025-08-26,08:00:20,2,Tuesday,False,Latte,340.0,580.0,card,2025-08-26 08:00:20,Morning
TX_3292,CUST_9999,2025-08-26,08:00:20,2,Tuesday,False,Batch brew,240.0,580.0,card,2025-08-26 08:00:20,Morning
TX_0700,CUST_2671,2025-08-26,08:52:34,2,Tuesday,False,Latte,340.0,340.0,cash,2025-08-26 08:52:34,Morning
TX_1704,CUST_4929,2025-08-26,08:59:56,2,Tuesday,False,Batch brew,240.0,240.0,card,2025-08-26 08:59:56,Morning
TX_0804,CUST_4514,2025-08-26,09:08:15,2,Tuesday,False,Cappuccino,320.0,320.0,cash,2025-08-26 09:08:15,Morning
TX_0590,CUST_4256,2025-08-26,09:12:31,2,Tuesday,False,Cappuccino,320.0,660.0,cash,2025-08-26 09:12:31,Morning
TX_0590,CUST_4256,2025-08-26,09:12:31,2,Tuesday,False,Latte,340.0,660.0,cash,2025-08-26 09:12:31,Morning
TX_0847,CUST_6386,2025-08-26,09:20:02,2,Tuesday,False,Latte,340.0,340.0,card,2025-08-26 09:20:02,Morning
TX_0623,CUST_7941,2025-08-26,09:21:35,2,Tuesday,False,Cappuccino,320.0,320.0,card,2025-08-26 09:21:35,Morning
TX_0570,CUST_7634,2025-08-26,09:30:29,2,Tuesday,False,Batch brew,240.0,680.0,card,2025-08-26 09:30:29,Morning
TX_0570,CUST_7634,2025-08-26,09:30:29,2,Tuesday,False,Latte with add,440.0,680.0,card,2025-08-26 09:30:29,Morning
TX_2388,CUST_6529,2025-08-26,09:41:14,2,Tuesday,False,Latte with add,440.0,880.0,card,2025-08-26 09:41:14,Morning
TX_2388,CUST_6529,2025-08-26,09:41:14,2,Tuesday,False,Latte with add,440.0,880.0,card,2025-08-26 09:41:14,Morning
TX_3215,CUST_8300,2025-08-26,09:55:06,2,Tuesday,False,Espresso,230.0,230.0,card,2025-08-26 09:55:06,Morning
TX_0778,CUST_6742,2025-08-26,09:57:32,2,Tuesday,False,Cappuccino,320.0,1080.0,card,2025-08-26 09:57:32,Morning
TX_0778,CUST_6742,2025-08-26,09:57:32,2,Tuesday,False,Cappuccino,320.0,1080.0,card,2025-08-26 09:57:32,Morning
TX_0778,CUST_6742,2025-08-26,09:57:32,2,Tuesday,False,Latte with add,440.0,1080.0,card,2025-08-26 09:57:32,Morning
TX_0538,CUST_3634,2025-08-26,10:03:26,2,Tuesday,False,Latte,340.0,340.0,cash,2025-08-26 10:03:26,Morning
TX_2412,CUST_4530,2025-08-26,11:00:32,2,Tuesday,False,Batch brew,240.0,240.0,card,2025-08-26 11:00:32,Afternoon
TX_2414,CUST_6952,2025-08-26,12:30:34,2,Tuesday,False,Latte,340.0,340.0,card,2025-08-26 12:30:34,Afternoon
TX_0909,CUST_1216,2025-08-26,12:33:38,2,Tuesday,False,Cappuccino,320.0,320.0,card,2025-08-26 12:33:38,Afternoon
TX_1504,CUST_2958,2025-08-26,12:41:48,2,Tuesday,False,Latte with add,440.0,440.0,cash,2025-08-26 12:41:48,Afternoon
TX_3427,CUST_1711,2025-08-26,12:49:22,2,Tuesday,False,Latte,340.0,660.0,card,2025-08-26 12:49:22,Afternoon
TX_3427,CUST_1711,2025-08-26,12:49:22,2,Tuesday,False,Cappuccino,320.0,660.0,card,2025-08-26 12:49:22,Afternoon
TX_0744,CUST_9023,2025-08-26,12:50:11,2,Tuesday,False,Cappuccino,320.0,320.0,card,2025-08-26 12:50:11,Afternoon
TX_0302,CUST_7289,2025-08-26,12:50:33,2,Tuesday,False,Batch brew,240.0,680.0,card,2025-08-26 12:50:33,Afternoon
TX_0302,CUST_7289,2025-08-26,12:50:33,2,Tuesday,False,Latte with add,440.0,680.0,card,2025-08-26 12:50:33,Afternoon
TX_1313,CUST_6921,2025-08-26,13:06:47,2,Tuesday,False,Latte,340.0,340.0,cash,2025-08-26 13:06:47,Afternoon
TX_1432,CUST_6446,2025-08-26,13:13:06,2,Tuesday,False,Latte with add,440.0,1100.0,cash,2025-08-26 13:13:06,Afternoon
TX_1432,CUST_6446,2025-08-26,13:13:06,2,Tuesday,False,Raf coffee,420.0,1100.0,cash,2025-08-26 13:13:06,Afternoon
TX_1432,CUST_6446,2025-08-26,13:13:06,2,Tuesday,False,Batch brew,240.0,1100.0,cash,2025-08-26 13:13:06,Afternoon
TX_1443,CUST_4551,2025-08-26,13:24:46,2,Tuesday,False,Flat white,340.0,340.0,card,2025-08-26 13:24:46,Afternoon
TX_1260,CUST_7214,2025-08-26,13:30:55,2,Tuesday,False,Cappuccino,320.0,320.0,cash,2025-08-26 13:30:55,Afternoon
TX_2821,CUST_3170,2025-08-26,13:31:56,2,Tuesday,False,Batch brew,240.0,240.0,card,2025-08-26 13:31:56,Afternoon
TX_1268,CUST_9361,2025-08-26,13:34:43,2,Tuesday,False,Batch brew,240.0,240.0,card,2025-08-26 13:34:43,Afternoon
TX_2269,CUST_8342,2025-08-26,13:48:52,2,Tuesday,False,Latte with add,440.0,680.0,card,2025-08-26 13:48:52,Afternoon
TX_2269,CUST_8342,2025-08-26,13:48:52,2,Tuesday,False,Batch brew,240.0,680.0,card,2025-08-26 13:48:52,Afternoon
TX_3488,CUST_2764,2025-08-26,13:50:23,2,Tuesday,False,Cappuccino,320.0,320.0,card,2025-08-26 13:50:23,Afternoon
TX_0972,CUST_5171,2025-08-26,13:54:06,2,Tuesday,False,Latte,340.0,340.0,card,2025-08-26 13:54:06,Afternoon
TX_0659,CUST_2950,2025-08-26,14:02:12,2,Tuesday,False,Latte,340.0,340.0,cash,2025-08-26 14:02:12,Afternoon
TX_0210,CUST_2613,2025-08-26,14:07:55,2,Tuesday,False,Latte with add,440.0,440.0,card,2025-08-26 14:07:55,Afternoon
TX_3341,CUST_6411,2025-08-26,14:14:26,2,Tuesday,False,Flat white,340.0,1080.0,card,2025-08-26 14:14:26,Afternoon
TX_3341,CUST_6411,2025-08-26,14:14:26,2,Tuesday,False,Raf coffee,420.0,1080.0,card,2025-08-26 14:14:26,Afternoon
TX_3341,CUST_6411,2025-08-26,14:14:26,2,Tuesday,False,Cappuccino,320.0,1080.0,card,2025-08-26 14:14:26,Afternoon
TX_2284,CUST_8992,2025-08-26,14:31:42,2,Tuesday,False,Latte with add,440.0,440.0,cash,2025-08-26 14:31:42,Afternoon
TX_2499,CUST_7790,2025-08-26,18:28:58,2,Tuesday,False,Latte,340.0,340.0,card,2025-08-26 18:28:58,Evening
TX_1385,CUST_4697,2025-08-26,18:48:47,2,Tuesday,False,Batch brew,240.0,240.0,card,2025-08-26 18:48:47,Evening
TX_0236,CUST_6747,2025-08-27,08:15:05,3,Wednesday,False,Latte,340.0,340.0,card,2025-08-27 08:15:05,Morning
TX_0707,CUST_6131,2025-08-27,08:29:22,3,Wednesday,False,Latte,340.0,890.0,cash,2025-08-27 08:29:22,Morning
TX_0707,CUST_6131,2025-08-27,08:29:22,3,Wednesday,False,Espresso,230.0,890.0,cash,2025-08-27 08:29:22,Morning
TX_0707,CUST_6131,2025-08-27,08:29:22,3,Wednesday,False,Cappuccino,320.0,890.0,cash,2025-08-27 08:29:22,Morning
TX_3381,CUST_3300,2025-08-27,08:48:45,3,Wednesday,False,Cappuccino,320.0,320.0,card,2025-08-27 08:48:45,Morning
TX_0462,CUST_7711,2025-08-27,09:38:03,3,Wednesday,False,Latte,340.0,340.0,card,2025-08-27 09:38:03,Morning
TX_1040,CUST_3026,2025-08-27,09:46:32,3,Wednesday,False,Latte,340.0,340.0,card,2025-08-27 09:46:32,Morning
TX_2085,CUST_7697,2025-08-27,09:48:35,3,Wednesday,False,Batch brew,240.0,900.0,cash,2025-08-27 09:48:35,Morning
TX_2085,CUST_7697,2025-08-27,09:48:35,3,Wednesday,False,Latte,340.0,900.0,cash,2025-08-27 09:48:35,Morning
TX_2085,CUST_7697,2025-08-27,09:48:35,3,Wednesday,False,Cappuccino,320.0,900.0,cash,2025-08-27 09:48:35,Morning
TX_0893,CUST_5855,2025-08-27,10:02:17,3,Wednesday,False,Warming drinks (tea),400.0,400.0,card,2025-08-27 10:02:17,Morning
TX_1047,CUST_9157,2025-08-27,10:18:18,3,Wednesday,False,Latte,340.0,660.0,cash,2025-08-27 10:18:18,Morning
TX_1047,CUST_9157,2025-08-27,10:18:18,3,Wednesday,False,Cappuccino,320.0,660.0,cash,2025-08-27 10:18:18,Morning
TX_0612,CUST_9976,2025-08-27,11:30:00,3,Wednesday,False,Batch brew,240.0,240.0,card,2025-08-27 11:30:00,Afternoon
TX_0457,CUST_6983,2025-08-27,12:07:54,3,Wednesday,False,Flat white,340.0,680.0,cash,2025-08-27 12:07:54,Afternoon
TX_0457,CUST_6983,2025-08-27,12:07:54,3,Wednesday,False,Flat white,340.0,680.0,cash,2025-08-27 12:07:54,Afternoon
TX_1973,CUST_5657,2025-08-27,12:17:15,3,Wednesday,False,Flat white,340.0,340.0,card,2025-08-27 12:17:15,Afternoon
TX_3279,CUST_5502,2025-08-27,12:27:34,3,Wednesday,False,Cappuccino,320.0,320.0,cash,2025-08-27 12:27:34,Afternoon
TX_1697,CUST_1087,2025-08-27,13:00:50,3,Wednesday,False,Warming drinks (tea),400.0,400.0,card,2025-08-27 13:00:50,Afternoon
TX_3228,CUST_1110,2025-08-27,13:01:45,3,Wednesday,False,Latte with add,440.0,920.0,card,2025-08-27 13:01:45,Afternoon
TX_3228,CUST_1110,2025-08-27,13:01:45,3,Wednesday,False,Batch brew,240.0,920.0,card,2025-08-27 13:01:45,Afternoon
TX_3228,CUST_1110,2025-08-27,13:01:45,3,Wednesday,False,Batch brew,240.0,920.0,card,2025-08-27 13:01:45,Afternoon
TX_0477,CUST_4181,2025-08-27,13:15:16,3,Wednesday,False,Latte,340.0,580.0,cash,2025-08-27 13:15:16,Afternoon
TX_0477,CUST_4181,2025-08-27,13:15:16,3,Wednesday,False,Batch brew,240.0,580.0,cash,2025-08-27 13:15:16,Afternoon
TX_1057,CUST_9495,2025-08-27,13:33:23,3,Wednesday,False,Cappuccino,320.0,320.0,card,2025-08-27 13:33:23,Afternoon
TX_1525,CUST_9263,2025-08-27,13:36:17,3,Wednesday,False,Cappuccino,320.0,320.0,card,2025-08-27 13:36:17,Afternoon
TX_2747,CUST_8682,2025-08-27,13:39:22,3,Wednesday,False,Batch brew,240.0,1120.0,card,2025-08-27 13:39:22,Afternoon
TX_2747,CUST_8682,2025-08-27,13:39:22,3,Wednesday,False,Latte with add,440.0,1120.0,card,2025-08-27 13:39:22,Afternoon
TX_2747,CUST_8682,2025-08-27,13:39:22,3,Wednesday,False,Latte with add,440.0,1120.0,card,2025-08-27 13:39:22,Afternoon
TX_2073,CUST_5230,2025-08-27,13:43:00,3,Wednesday,False,Latte with add,440.0,440.0,cash,2025-08-27 13:43:00,Afternoon
TX_0067,CUST_5145,2025-08-27,14:01:38,3,Wednesday,False,Espresso,230.0,670.0,card,2025-08-27 14:01:38,Afternoon
TX_0067,CUST_5145,2025-08-27,14:01:38,3,Wednesday,False,Latte with add,440.0,670.0,card,2025-08-27 14:01:38,Afternoon
TX_0558,CUST_6254,2025-08-27,14:07:46,3,Wednesday,False,Cappuccino,320.0,320.0,card,2025-08-27 14:07:46,Afternoon
TX_0051,CUST_1816,2025-08-27,15:02:15,3,Wednesday,False,Batch brew,240.0,240.0,card,2025-08-27 15:02:15,Afternoon
TX_3029,CUST_4047,2025-08-27,17:03:29,3,Wednesday,False,Cappuccino,320.0,320.0,card,2025-08-27 17:03:29,Evening
TX_2014,CUST_3090,2025-08-27,17:07:58,3,Wednesday,False,Latte with add,440.0,440.0,card,2025-08-27 17:07:58,Evening
TX_1536,CUST_2960,2025-08-27,17:19:21,3,Wednesday,False,Batch brew,240.0,240.0,cash,2025-08-27 17:19:21,Evening
TX_2019,CUST_6496,2025-08-27,17:42:58,3,Wednesday,False,Batch brew,240.0,240.0,cash,2025-08-27 17:42:58,Evening
TX_0549,CUST_4269,2025-08-27,17:50:40,3,Wednesday,False,Latte,340.0,340.0,card,2025-08-27 17:50:40,Evening
TX_2544,CUST_6626,2025-08-27,19:01:45,3,Wednesday,False,Latte with add,440.0,440.0,card,2025-08-27 19:01:45,Evening
TX_2008,CUST_6808,2025-08-28,08:28:53,4,Thursday,False,Flat white,340.0,660.0,card,2025-08-28 08:28:53,Morning
TX_2008,CUST_6808,2025-08-28,08:28:53,4,Thursday,False,Cappuccino,320.0,660.0,card,2025-08-28 08:28:53,Morning
TX_1253,CUST_4932,2025-08-28,08:30:46,4,Thursday,False,Batch brew,240.0,240.0,cash,2025-08-28 08:30:46,Morning
TX_2332,CUST_4664,2025-08-28,08:34:54,4,Thursday,False,Batch brew,240.0,680.0,card,2025-08-28 08:34:54,Morning
TX_2332,CUST_4664,2025-08-28,08:34:54,4,Thursday,False,Latte with add,440.0,680.0,card,2025-08-28 08:34:54,Morning
TX_0143,CUST_4653,2025-08-28,08:44:46,4,Thursday,False,Latte,340.0,1100.0,card,2025-08-28 08:44:46,Morning
TX_0143,CUST_4653,2025-08-28,08:44:46,4,Thursday,False,Latte with add,440.0,1100.0,card,2025-08-28 08:44:46,Morning
TX_0143,CUST_4653,2025-08-28,08:44:46,4,Thursday,False,Cappuccino,320.0,1100.0,card,2025-08-28 08:44:46,Morning
TX_2983,CUST_3932,2025-08-28,08:58:12,4,Thursday,False,Latte with add,440.0,440.0,cash,2025-08-28 08:58:12,Morning
TX_3492,CUST_6640,2025-08-28,08:58:56,4,Thursday,False,Latte with add,440.0,440.0,card,2025-08-28 08:58:56,Morning
TX_2652,CUST_8913,2025-08-28,09:03:03,4,Thursday,False,Latte,340.0,680.0,card,2025-08-28 09:03:03,Morning
TX_2652,CUST_8913,2025-08-28,09:03:03,4,Thursday,False,Flat white,340.0,680.0,card,2025-08-28 09:03:03,Morning
TX_3088,CUST_9003,2025-08-28,09:15:12,4,Thursday,False,Latte,340.0,680.0,card,2025-08-28 09:15:12,Morning
TX_3088,CUST_9003,2025-08-28,09:15:12,4,Thursday,False,Latte,340.0,680.0,card,2025-08-28 09:15:12,Morning
TX_0636,CUST_9786,2025-08-28,09:17:10,4,Thursday,False,Latte,340.0,780.0,cash,2025-08-28 09:17:10,Morning
TX_0636,CUST_9786,2025-08-28,09:17:10,4,Thursday,False,Latte with add,440.0,780.0,cash,2025-08-28 09:17:10,Morning
TX_2039,CUST_4610,2025-08-28,09:28:41,4,Thursday,False,Batch brew,240.0,240.0,card,2025-08-28 09:28:41,Morning
TX_1574,CUST_5410,2025-08-28,09:48:37,4,Thursday,False,Cappuccino,320.0,320.0,card,2025-08-28 09:48:37,Morning
TX_1541,CUST_5304,2025-08-28,09:56:57,4,Thursday,False,Cappuccino,320.0,320.0,card,2025-08-28 09:56:57,Morning
TX_0093,CUST_2622,2025-08-28,09:57:45,4,Thursday,False,Cappuccino,320.0,740.0,card,2025-08-28 09:57:45,Morning
TX_0093,CUST_2622,2025-08-28,09:57:45,4,Thursday,False,Raf coffee,420.0,740.0,card,2025-08-28 09:57:45,Morning
TX_2672,CUST_3733,2025-08-28,10:00:00,4,Thursday,False,Latte with add,440.0,1080.0,card,2025-08-28 10:00:00,Morning
TX_2672,CUST_3733,2025-08-28,10:00:00,4,Thursday,False,Cappuccino,320.0,1080.0,card,2025-08-28 10:00:00,Morning
TX_2672,CUST_3733,2025-08-28,10:00:00,4,Thursday,False,Cappuccino,320.0,1080.0,card,2025-08-28 10:00:00,Morning
TX_0449,CUST_9250,2025-08-28,10:18:00,4,Thursday,False,Latte,340.0,340.0,card,2025-08-28 10:18:00,Morning
TX_1293,CUST_6098,2025-08-28,11:50:55,4,Thursday,False,Batch brew,240.0,580.0,card,2025-08-28 11:50:55,Afternoon
TX_1293,CUST_6098,2025-08-28,11:50:55,4,Thursday,False,Latte,340.0,580.0,card,2025-08-28 11:50:55,Afternoon
TX_1512,CUST_3959,2025-08-28,12:00:10,4,Thursday,False,Latte,340.0,340.0,card,2025-08-28 12:00:10,Afternoon
TX_1518,CUST_2514,2025-08-28,12:01:33,4,Thursday,False,Latte,340.0,340.0,card,2025-08-28 12:01:33,Afternoon
TX_1699,CUST_7627,2025-08-28,12:18:01,4,Thursday,False,Batch brew,240.0,560.0,card,2025-08-28 12:18:01,Afternoon
TX_1699,CUST_7627,2025-08-28,12:18:01,4,Thursday,False,Cappuccino,320.0,560.0,card,2025-08-28 12:18:01,Afternoon
TX_1371,CUST_6080,2025-08-28,12:57:04,4,Thursday,False,Cappuccino,320.0,560.0,card,2025-08-28 12:57:04,Afternoon
TX_1371,CUST_6080,2025-08-28,12:57:04,4,Thursday,False,Batch brew,240.0,560.0,card,2025-08-28 12:57:04,Afternoon
TX_1638,CUST_5411,2025-08-28,13:17:14,4,Thursday,False,Cappuccino,320.0,320.0,card,2025-08-28 13:17:14,Afternoon
TX_0581,CUST_2971,2025-08-28,13:25:11,4,Thursday,False,Latte with add,440.0,440.0,card,2025-08-28 13:25:11,Afternoon
TX_1237,CUST_1464,2025-08-28,13:41:52,4,Thursday,False,Latte,340.0,340.0,card,2025-08-28 13:41:52,Afternoon
TX_0450,CUST_3727,2025-08-28,13:43:47,4,Thursday,False,Flat white,340.0,340.0,card,2025-08-28 13:43:47,Afternoon
TX_1649,CUST_6578,2025-08-28,13:45:09,4,Thursday,False,Latte,340.0,340.0,cash,2025-08-28 13:45:09,Afternoon
TX_1886,CUST_5727,2025-08-28,13:45:43,4,Thursday,False,Latte,340.0,340.0,card,2025-08-28 13:45:43,Afternoon
TX_0833,CUST_9304,2025-08-28,13:56:32,4,Thursday,False,Batch brew,240.0,240.0,cash,2025-08-28 13:56:32,Afternoon
TX_3306,CUST_9524,2025-08-28,14:02:20,4,Thursday,False,Latte,340.0,1120.0,card,2025-08-28 14:02:20,Afternoon
TX_3306,CUST_9524,2025-08-28,14:02:20,4,Thursday,False,Latte,340.0,1120.0,card,2025-08-28 14:02:20,Afternoon
TX_3306,CUST_9524,2025-08-28,14:02:20,4,Thursday,False,Latte with add,440.0,1120.0,card,2025-08-28 14:02:20,Afternoon
TX_0401,CUST_8244,2025-08-28,14:09:24,4,Thursday,False,Cappuccino,320.0,760.0,cash,2025-08-28 14:09:24,Afternoon
TX_0401,CUST_8244,2025-08-28,14:09:24,4,Thursday,False,Latte with add,440.0,760.0,cash,2025-08-28 14:09:24,Afternoon
TX_0496,CUST_1664,2025-08-28,14:23:28,4,Thursday,False,Batch brew,240.0,240.0,card,2025-08-28 14:23:28,Afternoon
TX_3404,CUST_7898,2025-08-28,17:42:55,4,Thursday,False,Batch brew,240.0,240.0,cash,2025-08-28 17:42:55,Evening
TX_0892,CUST_7267,2025-08-28,18:19:41,4,Thursday,False,Latte with add,440.0,440.0,card,2025-08-28 18:19:41,Evening
TX_2216,CUST_8687,2025-08-28,18:37:25,4,Thursday,False,Batch brew,240.0,240.0,cash,2025-08-28 18:37:25,Evening
TX_0151,CUST_8772,2025-08-28,18:54:38,4,Thursday,False,Latte with add,440.0,440.0,card,2025-08-28 18:54:38,Evening
TX_2819,CUST_3121,2025-08-29,08:00:40,5,Friday,False,Latte with add,440.0,780.0,card,2025-08-29 08:00:40,Morning
TX_2819,CUST_3121,2025-08-29,08:00:40,5,Friday,False,Latte,340.0,780.0,card,2025-08-29 08:00:40,Morning
TX_3296,CUST_3805,2025-08-29,08:01:53,5,Friday,False,Batch brew,240.0,240.0,card,2025-08-29 08:01:53,Morning
TX_3467,CUST_8339,2025-08-29,08:26:04,5,Friday,False,Cappuccino,320.0,320.0,card,2025-08-29 08:26:04,Morning
TX_2016,CUST_8366,2025-08-29,09:00:05,5,Friday,False,Cappuccino,320.0,320.0,card,2025-08-29 09:00:05,Morning
TX_2311,CUST_1692,2025-08-29,09:19:25,5,Friday,False,Batch brew,240.0,240.0,card,2025-08-29 09:19:25,Morning
TX_0293,CUST_9791,2025-08-29,09:27:20,5,Friday,False,Cappuccino,320.0,320.0,card,2025-08-29 09:27:20,Morning
TX_0172,CUST_1528,2025-08-29,09:30:44,5,Friday,False,Batch brew,240.0,560.0,card,2025-08-29 09:30:44,Morning
TX_0172,CUST_1528,2025-08-29,09:30:44,5,Friday,False,Cappuccino,320.0,560.0,card,2025-08-29 09:30:44,Morning
TX_1883,CUST_8843,2025-08-29,10:03:28,5,Friday,False,Cappuccino,320.0,660.0,cash,2025-08-29 10:03:28,Morning
TX_1883,CUST_8843,2025-08-29,10:03:28,5,Friday,False,Latte,340.0,660.0,cash,2025-08-29 10:03:28,Morning
TX_2368,CUST_3482,2025-08-29,10:14:31,5,Friday,False,Cappuccino,320.0,320.0,cash,2025-08-29 10:14:31,Morning
TX_0027,CUST_2280,2025-08-29,10:18:54,5,Friday,False,Latte,340.0,340.0,cash,2025-08-29 10:18:54,Morning
TX_0394,CUST_1726,2025-08-29,10:27:00,5,Friday,False,Flat white,340.0,340.0,cash,2025-08-29 10:27:00,Morning
TX_0315,CUST_4894,2025-08-29,10:33:43,5,Friday,False,Latte,340.0,340.0,cash,2025-08-29 10:33:43,Morning
TX_1124,CUST_8137,2025-08-29,11:00:00,5,Friday,False,Batch brew,240.0,240.0,card,2025-08-29 11:00:00,Afternoon
TX_0244,CUST_5151,2025-08-29,11:46:41,5,Friday,False,Latte,340.0,340.0,card,2025-08-29 11:46:41,Afternoon
TX_3007,CUST_7722,2025-08-29,12:09:58,5,Friday,False,Latte,340.0,340.0,card,2025-08-29 12:09:58,Afternoon
TX_0424,CUST_4860,2025-08-29,12:10:36,5,Friday,False,Cappuccino,320.0,640.0,card,2025-08-29 12:10:36,Afternoon
TX_0424,CUST_4860,2025-08-29,12:10:36,5,Friday,False,Cappuccino,320.0,640.0,card,2025-08-29 12:10:36,Afternoon
TX_1502,CUST_6711,2025-08-29,12:18:23,5,Friday,False,Cappuccino,320.0,320.0,card,2025-08-29 12:18:23,Afternoon
TX_0520,CUST_9223,2025-08-29,12:31:16,5,Friday,False,Espresso,230.0,230.0,card,2025-08-29 12:31:16,Afternoon
TX_2105,CUST_9096,2025-08-29,12:53:25,5,Friday,False,Batch brew,240.0,720.0,card,2025-08-29 12:53:25,Afternoon
TX_2105,CUST_9096,2025-08-29,12:53:25,5,Friday,False,Batch brew,240.0,720.0,card,2025-08-29 12:53:25,Afternoon
TX_2105,CUST_9096,2025-08-29,12:53:25,5,Friday,False,Batch brew,240.0,720.0,card,2025-08-29 12:53:25,Afternoon
TX_2848,CUST_6905,2025-08-29,12:55:07,5,Friday,False,Flat white,340.0,340.0,card,2025-08-29 12:55:07,Afternoon
TX_3412,CUST_3719,2025-08-29,13:03:37,5,Friday,False,Batch brew,240.0,1020.0,card,2025-08-29 13:03:37,Afternoon
TX_3412,CUST_3719,2025-08-29,13:03:37,5,Friday,False,Latte with add,440.0,1020.0,card,2025-08-29 13:03:37,Afternoon
TX_3412,CUST_3719,2025-08-29,13:03:37,5,Friday,False,Latte,340.0,1020.0,card,2025-08-29 13:03:37,Afternoon
TX_3461,CUST_5670,2025-08-29,13:05:50,5,Friday,False,Latte with add,440.0,760.0,card,2025-08-29 13:05:50,Afternoon
TX_3461,CUST_5670,2025-08-29,13:05:50,5,Friday,False,Cappuccino,320.0,760.0,card,2025-08-29 13:05:50,Afternoon
TX_2441,CUST_2522,2025-08-29,13:07:02,5,Friday,False,Batch brew,240.0,560.0,card,2025-08-29 13:07:02,Afternoon
TX_2441,CUST_2522,2025-08-29,13:07:02,5,Friday,False,Cappuccino,320.0,560.0,card,2025-08-29 13:07:02,Afternoon
TX_1715,CUST_8933,2025-08-29,13:10:48,5,Friday,False,Espresso,230.0,230.0,card,2025-08-29 13:10:48,Afternoon
TX_3421,CUST_9316,2025-08-29,13:23:11,5,Friday,False,Warming drinks (tea),400.0,400.0,cash,2025-08-29 13:23:11,Afternoon
TX_3264,CUST_6281,2025-08-29,13:25:45,5,Friday,False,Warming drinks (tea),400.0,640.0,card,2025-08-29 13:25:45,Afternoon
TX_3264,CUST_6281,2025-08-29,13:25:45,5,Friday,False,Batch brew,240.0,640.0,card,2025-08-29 13:25:45,Afternoon
TX_2392,CUST_8613,2025-08-29,13:30:39,5,Friday,False,Batch brew,240.0,240.0,card,2025-08-29 13:30:39,Afternoon
TX_0571,CUST_3254,2025-08-29,13:44:29,5,Friday,False,Raf coffee,420.0,420.0,card,2025-08-29 13:44:29,Afternoon
TX_0250,CUST_3540,2025-08-29,13:44:31,5,Friday,False,Batch brew,240.0,240.0,card,2025-08-29 13:44:31,Afternoon
TX_0009,CUST_5498,2025-08-29,13:45:00,5,Friday,False,Latte,340.0,340.0,card,2025-08-29 13:45:00,Afternoon
TX_0526,CUST_3797,2025-08-29,13:46:30,5,Friday,False,Espresso,230.0,230.0,cash,2025-08-29 13:46:30,Afternoon
TX_3360,CUST_2867,2025-08-29,13:48:53,5,Friday,False,Latte,340.0,680.0,cash,2025-08-29 13:48:53,Afternoon
TX_3360,CUST_2867,2025-08-29,13:48:53,5,Friday,False,Latte,340.0,680.0,cash,2025-08-29 13:48:53,Afternoon
TX_0653,CUST_1506,2025-08-29,13:50:48,5,Friday,False,Batch brew,240.0,1100.0,card,2025-08-29 13:50:48,Afternoon
TX_0653,CUST_1506,2025-08-29,13:50:48,5,Friday,False,Raf coffee,420.0,1100.0,card,2025-08-29 13:50:48,Afternoon
TX_0653,CUST_1506,2025-08-29,13:50:48,5,Friday,False,Latte with add,440.0,1100.0,card,2025-08-29 13:50:48,Afternoon
TX_3286,CUST_3722,2025-08-29,13:56:06,5,Friday,False,Latte with add,440.0,440.0,card,2025-08-29 13:56:06,Afternoon
TX_1131,CUST_7888,2025-08-29,14:03:58,5,Friday,False,Latte with add,440.0,760.0,card,2025-08-29 14:03:58,Afternoon
TX_1131,CUST_7888,2025-08-29,14:03:58,5,Friday,False,Cappuccino,320.0,760.0,card,2025-08-29 14:03:58,Afternoon
TX_3126,CUST_7887,2025-08-29,14:06:21,5,Friday,False,Latte,340.0,340.0,card,2025-08-29 14:06:21,Afternoon
TX_1346,CUST_1942,2025-08-29,14:11:30,5,Friday,False,Cappuccino,320.0,660.0,cash,2025-08-29 14:11:30,Afternoon
TX_1346,CUST_1942,2025-08-29,14:11:30,5,Friday,False,Flat white,340.0,660.0,cash,2025-08-29 14:11:30,Afternoon
TX_1510,CUST_6303,2025-08-29,15:01:54,5,Friday,False,Batch brew,240.0,680.0,card,2025-08-29 15:01:54,Afternoon
TX_1510,CUST_6303,2025-08-29,15:01:54,5,Friday,False,Latte with add,440.0,680.0,card,2025-08-29 15:01:54,Afternoon
TX_1067,CUST_2177,2025-08-29,17:35:03,5,Friday,False,Cappuccino,320.0,320.0,card,2025-08-29 17:35:03,Evening
TX_0183,CUST_8957,2025-08-29,17:52:29,5,Friday,False,Cappuccino,320.0,320.0,card,2025-08-29 17:52:29,Evening
TX_1139,CUST_3723,2025-08-29,18:31:40,5,Friday,False,Warming drinks (tea),400.0,400.0,card,2025-08-29 18:31:40,Evening
TX_0695,CUST_8935,2025-08-29,19:00:12,5,Friday,False,Flat white,340.0,580.0,cash,2025-08-29 19:00:12,Evening
TX_0695,CUST_8935,2025-08-29,19:00:12,5,Friday,False,Batch brew,240.0,580.0,cash,2025-08-29 19:00:12,Evening
TX_2030,CUST_1593,2025-08-30,08:21:30,6,Saturday,True,Raf coffee,420.0,420.0,card,2025-08-30 08:21:30,Morning
TX_1076,CUST_8891,2025-08-30,09:08:58,6,Saturday,True,Batch brew,240.0,240.0,card,2025-08-30 09:08:58,Morning
TX_0810,CUST_5378,2025-08-30,09:26:57,6,Saturday,True,Cappuccino,320.0,320.0,card,2025-08-30 09:26:57,Morning
TX_1117,CUST_6912,2025-08-30,09:27:15,6,Saturday,True,Latte,340.0,340.0,card,2025-08-30 09:27:15,Morning
TX_0485,CUST_6650,2025-08-30,09:34:08,6,Saturday,True,Flat white,340.0,340.0,cash,2025-08-30 09:34:08,Morning
TX_2834,CUST_9254,2025-08-30,09:59:43,6,Saturday,True,Latte,340.0,340.0,cash,2025-08-30 09:59:43,Morning
TX_3454,CUST_7773,2025-08-30,10:10:45,6,Saturday,True,Warming drinks (tea),400.0,970.0,cash,2025-08-30 10:10:45,Morning
TX_3454,CUST_7773,2025-08-30,10:10:45,6,Saturday,True,Flat white,340.0,970.0,cash,2025-08-30 10:10:45,Morning
TX_3454,CUST_7773,2025-08-30,10:10:45,6,Saturday,True,Espresso,230.0,970.0,cash,2025-08-30 10:10:45,Morning
TX_1848,CUST_1362,2025-08-30,10:12:14,6,Saturday,True,Cappuccino,320.0,320.0,card,2025-08-30 10:12:14,Morning
TX_2838,CUST_2267,2025-08-30,12:18:37,6,Saturday,True,Batch brew,240.0,240.0,card,2025-08-30 12:18:37,Afternoon
TX_2327,CUST_3786,2025-08-30,12:20:40,6,Saturday,True,Espresso,230.0,460.0,card,2025-08-30 12:20:40,Afternoon
TX_2327,CUST_3786,2025-08-30,12:20:40,6,Saturday,True,Espresso,230.0,460.0,card,2025-08-30 12:20:40,Afternoon
TX_1396,CUST_3259,2025-08-30,12:21:14,6,Saturday,True,Cappuccino,320.0,760.0,cash,2025-08-30 12:21:14,Afternoon
TX_1396,CUST_3259,2025-08-30,12:21:14,6,Saturday,True,Latte with add,440.0,760.0,cash,2025-08-30 12:21:14,Afternoon
TX_0711,CUST_9851,2025-08-30,12:22:06,6,Saturday,True,Batch brew,240.0,680.0,card,2025-08-30 12:22:06,Afternoon
TX_0711,CUST_9851,2025-08-30,12:22:06,6,Saturday,True,Latte with add,440.0,680.0,card,2025-08-30 12:22:06,Afternoon
TX_1807,CUST_2527,2025-08-30,12:22:49,6,Saturday,True,Cappuccino,320.0,960.0,cash,2025-08-30 12:22:49,Afternoon
TX_1807,CUST_2527,2025-08-30,12:22:49,6,Saturday,True,Cappuccino,320.0,960.0,cash,2025-08-30 12:22:49,Afternoon
TX_1807,CUST_2527,2025-08-30,12:22:49,6,Saturday,True,Cappuccino,320.0,960.0,cash,2025-08-30 12:22:49,Afternoon
TX_2650,CUST_5791,2025-08-30,12:28:00,6,Saturday,True,Latte,340.0,570.0,card,2025-08-30 12:28:00,Afternoon
TX_2650,CUST_5791,2025-08-30,12:28:00,6,Saturday,True,Espresso,230.0,570.0,card,2025-08-30 12:28:00,Afternoon
TX_0993,CUST_8116,2025-08-30,12:36:27,6,Saturday,True,Latte,340.0,1100.0,card,2025-08-30 12:36:27,Afternoon
TX_0993,CUST_8116,2025-08-30,12:36:27,6,Saturday,True,Latte with add,440.0,1100.0,card,2025-08-30 12:36:27,Afternoon
TX_0993,CUST_8116,2025-08-30,12:36:27,6,Saturday,True,Cappuccino,320.0,1100.0,card,2025-08-30 12:36:27,Afternoon
TX_1735,CUST_9782,2025-08-30,12:44:29,6,Saturday,True,Raf coffee,420.0,420.0,card,2025-08-30 12:44:29,Afternoon
TX_1745,CUST_6980,2025-08-30,12:51:06,6,Saturday,True,Cappuccino,320.0,320.0,card,2025-08-30 12:51:06,Afternoon
TX_3543,CUST_1906,2025-08-30,12:53:53,6,Saturday,True,Batch brew,240.0,820.0,card,2025-08-30 12:53:53,Afternoon
TX_3543,CUST_1906,2025-08-30,12:53:53,6,Saturday,True,Batch brew,240.0,820.0,card,2025-08-30 12:53:53,Afternoon
TX_3543,CUST_1906,2025-08-30,12:53:53,6,Saturday,True,Flat white,340.0,820.0,card,2025-08-30 12:53:53,Afternoon
TX_2334,CUST_8880,2025-08-30,13:07:01,6,Saturday,True,Cappuccino,320.0,320.0,card,2025-08-30 13:07:01,Afternoon
TX_0592,CUST_8138,2025-08-30,13:07:30,6,Saturday,True,Batch brew,240.0,240.0,card,2025-08-30 13:07:30,Afternoon
TX_1090,CUST_4201,2025-08-30,13:08:45,6,Saturday,True,Latte,340.0,340.0,cash,2025-08-30 13:08:45,Afternoon
TX_3164,CUST_8224,2025-08-30,13:08:51,6,Saturday,True,Cappuccino,320.0,320.0,card,2025-08-30 13:08:51,Afternoon
TX_1216,CUST_6392,2025-08-30,13:18:07,6,Saturday,True,Latte,340.0,340.0,card,2025-08-30 13:18:07,Afternoon
TX_0053,CUST_7743,2025-08-30,13:22:32,6,Saturday,True,Cappuccino,320.0,320.0,card,2025-08-30 13:22:32,Afternoon
TX_2314,CUST_5789,2025-08-30,13:23:05,6,Saturday,True,Cappuccino,320.0,720.0,card,2025-08-30 13:23:05,Afternoon
TX_2314,CUST_5789,2025-08-30,13:23:05,6,Saturday,True,Warming drinks (tea),400.0,720.0,card,2025-08-30 13:23:05,Afternoon
TX_2037,CUST_2354,2025-08-30,13:23:27,6,Saturday,True,Latte,340.0,340.0,cash,2025-08-30 13:23:27,Afternoon
TX_1454,CUST_9568,2025-08-30,13:24:54,6,Saturday,True,Cappuccino,320.0,720.0,cash,2025-08-30 13:24:54,Afternoon
TX_1454,CUST_9568,2025-08-30,13:24:54,6,Saturday,True,Warming drinks (tea),400.0,720.0,cash,2025-08-30 13:24:54,Afternoon
TX_1806,CUST_8138,2025-08-30,13:32:39,6,Saturday,True,Latte with add,440.0,440.0,card,2025-08-30 13:32:39,Afternoon
TX_2125,CUST_4584,2025-08-30,13:36:40,6,Saturday,True,Cappuccino,320.0,660.0,card,2025-08-30 13:36:40,Afternoon
TX_2125,CUST_4584,2025-08-30,13:36:40,6,Saturday,True,Flat white,340.0,660.0,card,2025-08-30 13:36:40,Afternoon
TX_2479,CUST_1567,2025-08-30,13:37:55,6,Saturday,True,Latte,340.0,340.0,card,2025-08-30 13:37:55,Afternoon
TX_1587,CUST_3821,2025-08-30,13:40:17,6,Saturday,True,Latte with add,440.0,440.0,card,2025-08-30 13:40:17,Afternoon
TX_0159,CUST_6611,2025-08-30,13:43:45,6,Saturday,True,Warming drinks (tea),400.0,400.0,cash,2025-08-30 13:43:45,Afternoon
TX_0685,CUST_3574,2025-08-30,13:47:22,6,Saturday,True,Latte,340.0,340.0,card,2025-08-30 13:47:22,Afternoon
TX_1997,CUST_4015,2025-08-30,13:50:06,6,Saturday,True,Espresso,230.0,230.0,card,2025-08-30 13:50:06,Afternoon
TX_3205,CUST_8419,2025-08-30,14:11:32,6,Saturday,True,Warming drinks (tea),400.0,400.0,cash,2025-08-30 14:11:32,Afternoon
TX_3182,CUST_5141,2025-08-30,14:14:14,6,Saturday,True,Latte with add,440.0,1100.0,card,2025-08-30 14:14:14,Afternoon
TX_3182,CUST_5141,2025-08-30,14:14:14,6,Saturday,True,Latte,340.0,1100.0,card,2025-08-30 14:14:14,Afternoon
TX_3182,CUST_5141,2025-08-30,14:14:14,6,Saturday,True,Cappuccino,320.0,1100.0,card,2025-08-30 14:14:14,Afternoon
TX_2841,CUST_7301,2025-08-30,14:18:19,6,Saturday,True,Latte with add,440.0,440.0,card,2025-08-30 14:18:19,Afternoon
TX_3310,CUST_4573,2025-08-30,14:37:15,6,Saturday,True,Latte,340.0,660.0,card,2025-08-30 14:37:15,Afternoon
TX_3310,CUST_4573,2025-08-30,14:37:15,6,Saturday,True,Cappuccino,320.0,660.0,card,2025-08-30 14:37:15,Afternoon
TX_3258,CUST_7804,2025-08-30,17:47:34,6,Saturday,True,Raf coffee,420.0,740.0,cash,2025-08-30 17:47:34,Evening
TX_3258,CUST_7804,2025-08-30,17:47:34,6,Saturday,True,Cappuccino,320.0,740.0,cash,2025-08-30 17:47:34,Evening
TX_0498,CUST_1671,2025-08-30,18:06:44,6,Saturday,True,Latte with add,440.0,440.0,card,2025-08-30 18:06:44,Evening
TX_0289,CUST_9565,2025-08-30,18:24:29,6,Saturday,True,Latte with add,440.0,780.0,card,2025-08-30 18:24:29,Evening
TX_0289,CUST_9565,2025-08-30,18:24:29,6,Saturday,True,Latte,340.0,780.0,card,2025-08-30 18:24:29,Evening
TX_0742,CUST_8762,2025-08-31,08:51:16,7,Sunday,True,Cappuccino,320.0,320.0,card,2025-08-31 08:51:16,Morning
TX_1354,CUST_5926,2025-08-31,09:07:25,7,Sunday,True,Raf coffee,420.0,420.0,card,2025-08-31 09:07:25,Morning
TX_0920,CUST_3193,2025-08-31,09:22:23,7,Sunday,True,Cappuccino,320.0,320.0,cash,2025-08-31 09:22:23,Morning
TX_0018,CUST_8319,2025-08-31,10:06:12,7,Sunday,True,Latte with add,440.0,760.0,card,2025-08-31 10:06:12,Morning
TX_0018,CUST_8319,2025-08-31,10:06:12,7,Sunday,True,Cappuccino,320.0,760.0,card,2025-08-31 10:06:12,Morning
TX_1768,CUST_6180,2025-08-31,10:20:44,7,Sunday,True,Raf coffee,420.0,420.0,card,2025-08-31 10:20:44,Morning
TX_1153,CUST_1643,2025-08-31,10:38:51,7,Sunday,True,Raf coffee,420.0,860.0,cash,2025-08-31 10:38:51,Morning
TX_1153,CUST_1643,2025-08-31,10:38:51,7,Sunday,True,Latte with add,440.0,860.0,cash,2025-08-31 10:38:51,Morning
TX_0539,CUST_5981,2025-08-31,11:00:32,7,Sunday,True,Batch brew,240.0,240.0,card,2025-08-31 11:00:32,Afternoon
TX_3353,CUST_5509,2025-08-31,12:33:47,7,Sunday,True,Latte,340.0,340.0,card,2025-08-31 12:33:47,Afternoon
TX_3032,CUST_6819,2025-08-31,12:34:06,7,Sunday,True,Cappuccino,320.0,320.0,card,2025-08-31 12:34:06,Afternoon
TX_1203,CUST_1800,2025-08-31,12:36:36,7,Sunday,True,Latte,340.0,340.0,cash,2025-08-31 12:36:36,Afternoon
TX_0049,CUST_9620,2025-08-31,12:45:47,7,Sunday,True,Latte with add,440.0,780.0,card,2025-08-31 12:45:47,Afternoon
TX_0049,CUST_9620,2025-08-31,12:45:47,7,Sunday,True,Latte,340.0,780.0,card,2025-08-31 12:45:47,Afternoon
TX_1894,CUST_9705,2025-08-31,12:58:47,7,Sunday,True,Batch brew,240.0,470.0,cash,2025-08-31 12:58:47,Afternoon
TX_1894,CUST_9705,2025-08-31,12:58:47,7,Sunday,True,Espresso,230.0,470.0,cash,2025-08-31 12:58:47,Afternoon
TX_2756,CUST_1283,2025-08-31,13:00:27,7,Sunday,True,Flat white,340.0,660.0,card,2025-08-31 13:00:27,Afternoon
TX_2756,CUST_1283,2025-08-31,13:00:27,7,Sunday,True,Cappuccino,320.0,660.0,card,2025-08-31 13:00:27,Afternoon
TX_2203,CUST_6659,2025-08-31,13:10:17,7,Sunday,True,Batch brew,240.0,240.0,card,2025-08-31 13:10:17,Afternoon
TX_2445,CUST_5307,2025-08-31,13:15:34,7,Sunday,True,Batch brew,240.0,240.0,card,2025-08-31 13:15:34,Afternoon
TX_0861,CUST_3481,2025-08-31,13:18:05,7,Sunday,True,Warming drinks (tea),400.0,400.0,card,2025-08-31 13:18:05,Afternoon
TX_0675,CUST_5365,2025-08-31,13:18:24,7,Sunday,True,Flat white,340.0,340.0,card,2025-08-31 13:18:24,Afternoon
TX_1015,CUST_6342,2025-08-31,13:21:07,7,Sunday,True,Latte with add,440.0,440.0,cash,2025-08-31 13:21:07,Afternoon
TX_0776,CUST_9207,2025-08-31,13:26:48,7,Sunday,True,Latte with add,440.0,1180.0,cash,2025-08-31 13:26:48,Afternoon
TX_0776,CUST_9207,2025-08-31,13:26:48,7,Sunday,True,Warming drinks (tea),400.0,1180.0,cash,2025-08-31 13:26:48,Afternoon
TX_0776,CUST_9207,2025-08-31,13:26:48,7,Sunday,True,Latte,340.0,1180.0,cash,2025-08-31 13:26:48,Afternoon
TX_2069,CUST_9344,2025-08-31,13:26:55,7,Sunday,True,Latte,340.0,1020.0,card,2025-08-31 13:26:55,Afternoon
TX_2069,CUST_9344,2025-08-31,13:26:55,7,Sunday,True,Latte,340.0,1020.0,card,2025-08-31 13:26:55,Afternoon
TX_2069,CUST_9344,2025-08-31,13:26:55,7,Sunday,True,Flat white,340.0,1020.0,card,2025-08-31 13:26:55,Afternoon
TX_1601,CUST_1109,2025-08-31,13:39:28,7,Sunday,True,Latte with add,440.0,780.0,cash,2025-08-31 13:39:28,Afternoon
TX_1601,CUST_1109,2025-08-31,13:39:28,7,Sunday,True,Latte,340.0,780.0,cash,2025-08-31 13:39:28,Afternoon
TX_2906,CUST_6743,2025-08-31,13:47:40,7,Sunday,True,Cappuccino,320.0,320.0,card,2025-08-31 13:47:40,Afternoon
TX_2744,CUST_9531,2025-08-31,13:48:43,7,Sunday,True,Flat white,340.0,340.0,card,2025-08-31 13:48:43,Afternoon
TX_1812,CUST_7935,2025-08-31,13:49:01,7,Sunday,True,Latte with add,440.0,440.0,card,2025-08-31 13:49:01,Afternoon
TX_3136,CUST_8139,2025-08-31,13:49:07,7,Sunday,True,Batch brew,240.0,240.0,card,2025-08-31 13:49:07,Afternoon
TX_0253,CUST_1109,2025-08-31,13:56:32,7,Sunday,True,Espresso,230.0,230.0,cash,2025-08-31 13:56:32,Afternoon
TX_0609,CUST_8904,2025-08-31,13:59:05,7,Sunday,True,Batch brew,240.0,580.0,cash,2025-08-31 13:59:05,Afternoon
TX_0609,CUST_8904,2025-08-31,13:59:05,7,Sunday,True,Latte,340.0,580.0,cash,2025-08-31 13:59:05,Afternoon
TX_0105,CUST_5130,2025-08-31,14:02:10,7,Sunday,True,Cappuccino,320.0,880.0,card,2025-08-31 14:02:10,Afternoon
TX_0105,CUST_5130,2025-08-31,14:02:10,7,Sunday,True,Batch brew,240.0,880.0,card,2025-08-31 14:02:10,Afternoon
TX_0105,CUST_5130,2025-08-31,14:02:10,7,Sunday,True,Cappuccino,320.0,880.0,card,2025-08-31 14:02:10,Afternoon
TX_0946,CUST_8183,2025-08-31,14:16:35,7,Sunday,True,Cappuccino,320.0,320.0,card,2025-08-31 14:16:35,Afternoon
TX_2338,CUST_8064,2025-08-31,14:27:10,7,Sunday,True,Batch brew,240.0,240.0,card,2025-08-31 14:27:10,Afternoon
TX_1099,CUST_7884,2025-08-31,14:47:08,7,Sunday,True,Latte,340.0,340.0,card,2025-08-31 14:47:08,Afternoon
TX_2704,CUST_2691,2025-08-31,15:01:47,7,Sunday,True,Warming drinks (tea),400.0,400.0,card,2025-08-31 15:01:47,Afternoon
TX_0929,CUST_8557,2025-08-31,16:18:44,7,Sunday,True,Cappuccino,320.0,320.0,cash,2025-08-31 16:18:44,Evening
TX_1991,CUST_7673,2025-08-31,17:12:30,7,Sunday,True,Cappuccino,320.0,980.0,cash,2025-08-31 17:12:30,Evening
TX_1991,CUST_7673,2025-08-31,17:12:30,7,Sunday,True,Cappuccino,320.0,980.0,cash,2025-08-31 17:12:30,Evening
TX_1991,CUST_7673,2025-08-31,17:12:30,7,Sunday,True,Latte,340.0,980.0,cash,2025-08-31 17:12:30,Evening
TX_0020,CUST_7125,2025-08-31,17:20:51,7,Sunday,True,Batch brew,240.0,240.0,cash,2025-08-31 17:20:51,Evening
TX_1749,CUST_8256,2025-08-31,17:40:42,7,Sunday,True,Latte,340.0,340.0,cash,2025-08-31 17:40:42,Evening
TX_3401,CUST_8691,2025-08-31,17:48:10,7,Sunday,True,Cappuccino,320.0,320.0,card,2025-08-31 17:48:10,Evening
TX_0842,CUST_1968,2025-08-31,17:54:49,7,Sunday,True,Batch brew,240.0,580.0,card,2025-08-31 17:54:49,Evening
TX_0842,CUST_1968,2025-08-31,17:54:49,7,Sunday,True,Latte,340.0,580.0,card,2025-08-31 17:54:49,Evening
TX_1019,CUST_9021,2025-08-31,18:07:07,7,Sunday,True,Latte,340.0,340.0,card,2025-08-31 18:07:07,Evening
TX_3266,CUST_4599,2025-08-31,18:19:36,7,Sunday,True,Batch brew,240.0,240.0,cash,2025-08-31 18:19:36,Evening
TX_2763,CUST_2550,2025-08-31,18:36:05,7,Sunday,True,Latte with add,440.0,440.0,card,2025-08-31 18:36:05,Evening
TX_1010,CUST_2193,2025-08-31,18:38:11,7,Sunday,True,Latte,340.0,980.0,card,2025-08-31 18:38:11,Evening
TX_1010,CUST_2193,2025-08-31,18:38:11,7,Sunday,True,Cappuccino,320.0,980.0,card,2025-08-31 18:38:11,Evening
TX_1010,CUST_2193,2025-08-31,18:38:11,7,Sunday,True,Cappuccino,320.0,980.0,card,2025-08-31 18:38:11,Evening
TX_3043,CUST_8852,2025-08-31,19:34:48,7,Sunday,True,Batch brew,240.0,240.0,card,2025-08-31 19:34:48,Evening
TX_1707,CUST_1847,2025-09-01,08:00:03,1,Monday,False,Raf coffee,420.0,420.0,cash,2025-09-01 08:00:03,Morning
TX_2576,CUST_3521,2025-09-01,09:17:20,1,Monday,False,Cappuccino,320.0,320.0,card,2025-09-01 09:17:20,Morning
TX_0285,CUST_8109,2025-09-01,09:21:29,1,Monday,False,Latte with add,440.0,1100.0,card,2025-09-01 09:21:29,Morning
TX_0285,CUST_8109,2025-09-01,09:21:29,1,Monday,False,Flat white,340.0,1100.0,card,2025-09-01 09:21:29,Morning
TX_0285,CUST_8109,2025-09-01,09:21:29,1,Monday,False,Cappuccino,320.0,1100.0,card,2025-09-01 09:21:29,Morning
TX_2315,CUST_5698,2025-09-01,09:28:03,1,Monday,False,Cappuccino,320.0,660.0,card,2025-09-01 09:28:03,Morning
TX_2315,CUST_5698,2025-09-01,09:28:03,1,Monday,False,Latte,340.0,660.0,card,2025-09-01 09:28:03,Morning
TX_2227,CUST_2174,2025-09-01,09:36:08,1,Monday,False,Latte,340.0,340.0,cash,2025-09-01 09:36:08,Morning
TX_0173,CUST_3157,2025-09-01,09:56:21,1,Monday,False,Batch brew,240.0,900.0,cash,2025-09-01 09:56:21,Morning
TX_0173,CUST_3157,2025-09-01,09:56:21,1,Monday,False,Latte,340.0,900.0,cash,2025-09-01 09:56:21,Morning
TX_0173,CUST_3157,2025-09-01,09:56:21,1,Monday,False,Cappuccino,320.0,900.0,cash,2025-09-01 09:56:21,Morning
TX_1226,CUST_5055,2025-09-01,09:56:53,1,Monday,False,Latte with add,440.0,1320.0,card,2025-09-01 09:56:53,Morning
TX_1226,CUST_5055,2025-09-01,09:56:53,1,Monday,False,Latte with add,440.0,1320.0,card,2025-09-01 09:56:53,Morning
TX_1226,CUST_5055,2025-09-01,09:56:53,1,Monday,False,Latte with add,440.0,1320.0,card,2025-09-01 09:56:53,Morning
TX_1606,CUST_7032,2025-09-01,10:00:40,1,Monday,False,Batch brew,240.0,240.0,card,2025-09-01 10:00:40,Morning
TX_2606,CUST_5686,2025-09-01,10:05:57,1,Monday,False,Latte with add,440.0,880.0,card,2025-09-01 10:05:57,Morning
TX_2606,CUST_5686,2025-09-01,10:05:57,1,Monday,False,Latte with add,440.0,880.0,card,2025-09-01 10:05:57,Morning
TX_2297,CUST_4466,2025-09-01,10:06:52,1,Monday,False,Batch brew,240.0,240.0,cash,2025-09-01 10:06:52,Morning
TX_1276,CUST_7229,2025-09-01,10:10:47,1,Monday,False,Cappuccino,320.0,660.0,card,2025-09-01 10:10:47,Morning
TX_1276,CUST_7229,2025-09-01,10:10:47,1,Monday,False,Flat white,340.0,660.0,card,2025-09-01 10:10:47,Morning
TX_2214,CUST_7348,2025-09-01,10:14:56,1,Monday,False,Flat white,340.0,340.0,card,2025-09-01 10:14:56,Morning
TX_1300,CUST_6252,2025-09-01,10:17:49,1,Monday,False,Cappuccino,320.0,320.0,cash,2025-09-01 10:17:49,Morning
TX_2056,CUST_3703,2025-09-01,10:18:51,1,Monday,False,Batch brew,240.0,240.0,card,2025-09-01 10:18:51,Morning
TX_1528,CUST_6766,2025-09-01,10:24:54,1,Monday,False,Batch brew,240.0,560.0,cash,2025-09-01 10:24:54,Morning
TX_1528,CUST_6766,2025-09-01,10:24:54,1,Monday,False,Cappuccino,320.0,560.0,cash,2025-09-01 10:24:54,Morning
TX_1755,CUST_8318,2025-09-01,10:26:09,1,Monday,False,Latte with add,440.0,780.0,card,2025-09-01 10:26:09,Morning
TX_1755,CUST_8318,2025-09-01,10:26:09,1,Monday,False,Latte,340.0,780.0,card,2025-09-01 10:26:09,Morning
TX_2726,CUST_8803,2025-09-01,10:44:49,1,Monday,False,Cappuccino,320.0,320.0,card,2025-09-01 10:44:49,Morning
TX_2258,CUST_3969,2025-09-01,10:48:39,1,Monday,False,Latte,340.0,340.0,cash,2025-09-01 10:48:39,Morning
TX_2421,CUST_8758,2025-09-01,12:30:31,1,Monday,False,Latte,340.0,340.0,cash,2025-09-01 12:30:31,Afternoon
TX_0647,CUST_3217,2025-09-01,12:36:46,1,Monday,False,Batch brew,240.0,240.0,card,2025-09-01 12:36:46,Afternoon
TX_1797,CUST_9314,2025-09-01,12:43:12,1,Monday,False,Latte,340.0,340.0,card,2025-09-01 12:43:12,Afternoon
TX_3223,CUST_5320,2025-09-01,12:51:50,1,Monday,False,Latte with add,440.0,440.0,cash,2025-09-01 12:51:50,Afternoon
TX_2559,CUST_3124,2025-09-01,13:01:39,1,Monday,False,Cappuccino,320.0,760.0,card,2025-09-01 13:01:39,Afternoon
TX_2559,CUST_3124,2025-09-01,13:01:39,1,Monday,False,Latte with add,440.0,760.0,card,2025-09-01 13:01:39,Afternoon
TX_2925,CUST_1495,2025-09-01,13:01:59,1,Monday,False,Latte,340.0,340.0,card,2025-09-01 13:01:59,Afternoon
TX_1835,CUST_7504,2025-09-01,13:02:54,1,Monday,False,Batch brew,240.0,680.0,card,2025-09-01 13:02:54,Afternoon
TX_1835,CUST_7504,2025-09-01,13:02:54,1,Monday,False,Latte with add,440.0,680.0,card,2025-09-01 13:02:54,Afternoon
TX_1802,CUST_1904,2025-09-01,13:04:20,1,Monday,False,Warming drinks (tea),400.0,840.0,card,2025-09-01 13:04:20,Afternoon
TX_1802,CUST_1904,2025-09-01,13:04:20,1,Monday,False,Latte with add,440.0,840.0,card,2025-09-01 13:04:20,Afternoon
TX_0255,CUST_9341,2025-09-01,13:05:27,1,Monday,False,Cappuccino,320.0,320.0,card,2025-09-01 13:05:27,Afternoon
TX_1027,CUST_2713,2025-09-01,13:06:08,1,Monday,False,Warming drinks (tea),400.0,400.0,card,2025-09-01 13:06:08,Afternoon
TX_1058,CUST_8336,2025-09-01,13:15:00,1,Monday,False,Raf coffee,420.0,820.0,card,2025-09-01 13:15:00,Afternoon
TX_1058,CUST_8336,2025-09-01,13:15:00,1,Monday,False,Warming drinks (tea),400.0,820.0,card,2025-09-01 13:15:00,Afternoon
TX_2343,CUST_1597,2025-09-01,13:17:44,1,Monday,False,Cappuccino,320.0,320.0,card,2025-09-01 13:17:44,Afternoon
TX_3252,CUST_9459,2025-09-01,13:17:52,1,Monday,False,Raf coffee,420.0,420.0,card,2025-09-01 13:17:52,Afternoon
TX_1113,CUST_3981,2025-09-01,13:25:15,1,Monday,False,Latte,340.0,340.0,cash,2025-09-01 13:25:15,Afternoon
TX_3249,CUST_9157,2025-09-01,13:27:18,1,Monday,False,Latte,340.0,340.0,cash,2025-09-01 13:27:18,Afternoon
TX_2505,CUST_5391,2025-09-01,13:38:12,1,Monday,False,Batch brew,240.0,580.0,card,2025-09-01 13:38:12,Afternoon
TX_2505,CUST_5391,2025-09-01,13:38:12,1,Monday,False,Flat white,340.0,580.0,card,2025-09-01 13:38:12,Afternoon
TX_0895,CUST_6396,2025-09-01,13:43:29,1,Monday,False,Cappuccino,320.0,320.0,card,2025-09-01 13:43:29,Afternoon
TX_0899,CUST_3661,2025-09-01,13:56:55,1,Monday,False,Cappuccino,320.0,320.0,cash,2025-09-01 13:56:55,Afternoon
TX_2829,CUST_8200,2025-09-01,14:10:59,1,Monday,False,Latte,340.0,340.0,cash,2025-09-01 14:10:59,Afternoon
TX_1921,CUST_9481,2025-09-01,14:11:51,1,Monday,False,Batch brew,240.0,240.0,cash,2025-09-01 14:11:51,Afternoon
TX_1182,CUST_8363,2025-09-01,14:22:42,1,Monday,False,Flat white,340.0,680.0,cash,2025-09-01 14:22:42,Afternoon
TX_1182,CUST_8363,2025-09-01,14:22:42,1,Monday,False,Latte,340.0,680.0,cash,2025-09-01 14:22:42,Afternoon
TX_1724,CUST_3649,2025-09-01,16:00:47,1,Monday,False,Warming drinks (tea),400.0,400.0,cash,2025-09-01 16:00:47,Evening
TX_2100,CUST_9894,2025-09-01,16:51:33,1,Monday,False,Raf coffee,420.0,420.0,cash,2025-09-01 16:51:33,Evening
TX_2628,CUST_1228,2025-09-01,19:08:59,1,Monday,False,Latte,340.0,680.0,card,2025-09-01 19:08:59,Evening
TX_2628,CUST_1228,2025-09-01,19:08:59,1,Monday,False,Latte,340.0,680.0,card,2025-09-01 19:08:59,Evening
TX_3256,CUST_3479,2025-09-01,19:41:40,1,Monday,False,Espresso,230.0,230.0,card,2025-09-01 19:41:40,Evening
TX_0894,CUST_2104,2025-09-02,09:20:53,2,Tuesday,False,Cappuccino,320.0,320.0,card,2025-09-02 09:20:53,Morning
TX_1747,CUST_9939,2025-09-02,09:21:53,2,Tuesday,False,Batch brew,240.0,480.0,card,2025-09-02 09:21:53,Morning
TX_1747,CUST_9939,2025-09-02,09:21:53,2,Tuesday,False,Batch brew,240.0,480.0,card,2025-09-02 09:21:53,Morning
TX_2272,CUST_7426,2025-09-02,09:26:03,2,Tuesday,False,Latte,340.0,680.0,cash,2025-09-02 09:26:03,Morning
TX_2272,CUST_7426,2025-09-02,09:26:03,2,Tuesday,False,Latte,340.0,680.0,cash,2025-09-02 09:26:03,Morning
TX_3484,CUST_3634,2025-09-02,09:26:54,2,Tuesday,False,Espresso,230.0,230.0,card,2025-09-02 09:26:54,Morning
TX_2952,CUST_7391,2025-09-02,09:38:05,2,Tuesday,False,Cappuccino,320.0,320.0,card,2025-09-02 09:38:05,Morning
TX_2033,CUST_1274,2025-09-02,09:42:22,2,Tuesday,False,Cappuccino,320.0,320.0,card,2025-09-02 09:42:22,Morning
TX_3304,CUST_1546,2025-09-02,10:06:31,2,Tuesday,False,Batch brew,240.0,240.0,cash,2025-09-02 10:06:31,Morning
TX_3049,CUST_9754,2025-09-02,10:19:40,2,Tuesday,False,Latte,340.0,340.0,cash,2025-09-02 10:19:40,Morning
TX_2424,CUST_8510,2025-09-02,10:25:17,2,Tuesday,False,Latte,340.0,340.0,card,2025-09-02 10:25:17,Morning
TX_0928,CUST_5126,2025-09-02,10:28:11,2,Tuesday,False,Cappuccino,320.0,320.0,cash,2025-09-02 10:28:11,Morning
TX_2891,CUST_4634,2025-09-02,10:46:18,2,Tuesday,False,Latte with add,440.0,440.0,cash,2025-09-02 10:46:18,Morning
TX_1597,CUST_6030,2025-09-02,10:48:55,2,Tuesday,False,Cappuccino,320.0,320.0,cash,2025-09-02 10:48:55,Morning
TX_0278,CUST_4917,2025-09-02,12:31:42,2,Tuesday,False,Batch brew,240.0,240.0,cash,2025-09-02 12:31:42,Afternoon
TX_1105,CUST_5852,2025-09-02,12:50:32,2,Tuesday,False,Cappuccino,320.0,320.0,card,2025-09-02 12:50:32,Afternoon
TX_1668,CUST_5907,2025-09-02,12:56:08,2,Tuesday,False,Warming drinks (tea),400.0,400.0,card,2025-09-02 12:56:08,Afternoon
TX_0849,CUST_5348,2025-09-02,12:57:12,2,Tuesday,False,Batch brew,240.0,580.0,cash,2025-09-02 12:57:12,Afternoon
TX_0849,CUST_5348,2025-09-02,12:57:12,2,Tuesday,False,Latte,340.0,580.0,cash,2025-09-02 12:57:12,Afternoon
TX_1479,CUST_3996,2025-09-02,13:10:08,2,Tuesday,False,Latte,340.0,340.0,card,2025-09-02 13:10:08,Afternoon
TX_3114,CUST_1754,2025-09-02,13:13:57,2,Tuesday,False,Latte,340.0,660.0,card,2025-09-02 13:13:57,Afternoon
TX_3114,CUST_1754,2025-09-02,13:13:57,2,Tuesday,False,Cappuccino,320.0,660.0,card,2025-09-02 13:13:57,Afternoon
TX_1994,CUST_1661,2025-09-02,13:16:58,2,Tuesday,False,Cappuccino,320.0,1060.0,cash,2025-09-02 13:16:58,Afternoon
TX_1994,CUST_1661,2025-09-02,13:16:58,2,Tuesday,False,Cappuccino,320.0,1060.0,cash,2025-09-02 13:16:58,Afternoon
TX_1994,CUST_1661,2025-09-02,13:16:58,2,Tuesday,False,Raf coffee,420.0,1060.0,cash,2025-09-02 13:16:58,Afternoon
TX_1961,CUST_9369,2025-09-02,13:19:40,2,Tuesday,False,Batch brew,240.0,240.0,card,2025-09-02 13:19:40,Afternoon
TX_3513,CUST_5423,2025-09-02,13:20:56,2,Tuesday,False,Espresso,230.0,550.0,cash,2025-09-02 13:20:56,Afternoon
TX_3513,CUST_5423,2025-09-02,13:20:56,2,Tuesday,False,Cappuccino,320.0,550.0,cash,2025-09-02 13:20:56,Afternoon
TX_0689,CUST_7080,2025-09-02,13:21:13,2,Tuesday,False,Latte with add,440.0,880.0,card,2025-09-02 13:21:13,Afternoon
TX_0689,CUST_7080,2025-09-02,13:21:13,2,Tuesday,False,Latte with add,440.0,880.0,card,2025-09-02 13:21:13,Afternoon
TX_0106,CUST_9092,2025-09-02,13:23:10,2,Tuesday,False,Cappuccino,320.0,640.0,card,2025-09-02 13:23:10,Afternoon
TX_0106,CUST_9092,2025-09-02,13:23:10,2,Tuesday,False,Cappuccino,320.0,640.0,card,2025-09-02 13:23:10,Afternoon
TX_2157,CUST_2554,2025-09-02,13:23:53,2,Tuesday,False,Cappuccino,320.0,320.0,card,2025-09-02 13:23:53,Afternoon
TX_1320,CUST_5070,2025-09-02,13:30:33,2,Tuesday,False,Flat white,340.0,580.0,card,2025-09-02 13:30:33,Afternoon
TX_1320,CUST_5070,2025-09-02,13:30:33,2,Tuesday,False,Batch brew,240.0,580.0,card,2025-09-02 13:30:33,Afternoon
TX_3309,CUST_2016,2025-09-02,13:33:44,2,Tuesday,False,Batch brew,240.0,240.0,cash,2025-09-02 13:33:44,Afternoon
TX_0662,CUST_1869,2025-09-02,13:35:23,2,Tuesday,False,Raf coffee,420.0,420.0,card,2025-09-02 13:35:23,Afternoon
TX_2943,CUST_2884,2025-09-02,13:36:20,2,Tuesday,False,Latte with add,440.0,840.0,card,2025-09-02 13:36:20,Afternoon
TX_2943,CUST_2884,2025-09-02,13:36:20,2,Tuesday,False,Warming drinks (tea),400.0,840.0,card,2025-09-02 13:36:20,Afternoon
TX_2945,CUST_3788,2025-09-02,13:42:46,2,Tuesday,False,Cappuccino,320.0,320.0,card,2025-09-02 13:42:46,Afternoon
TX_2111,CUST_3715,2025-09-02,13:46:12,2,Tuesday,False,Latte,340.0,340.0,cash,2025-09-02 13:46:12,Afternoon
TX_3055,CUST_9606,2025-09-02,13:50:16,2,Tuesday,False,Batch brew,240.0,240.0,card,2025-09-02 13:50:16,Afternoon
TX_2221,CUST_6299,2025-09-02,13:54:50,2,Tuesday,False,Latte,340.0,580.0,card,2025-09-02 13:54:50,Afternoon
TX_2221,CUST_6299,2025-09-02,13:54:50,2,Tuesday,False,Batch brew,240.0,580.0,card,2025-09-02 13:54:50,Afternoon
TX_1287,CUST_9980,2025-09-02,14:06:48,2,Tuesday,False,Latte,340.0,340.0,card,2025-09-02 14:06:48,Afternoon
TX_0488,CUST_1478,2025-09-02,14:32:41,2,Tuesday,False,Batch brew,240.0,240.0,card,2025-09-02 14:32:41,Afternoon
TX_3148,CUST_5049,2025-09-02,17:14:39,2,Tuesday,False,Latte,340.0,340.0,cash,2025-09-02 17:14:39,Evening
TX_1175,CUST_2113,2025-09-02,18:37:30,2,Tuesday,False,Raf coffee,420.0,420.0,card,2025-09-02 18:37:30,Evening
TX_1114,CUST_3241,2025-09-02,18:59:12,2,Tuesday,False,Cappuccino,320.0,760.0,card,2025-09-02 18:59:12,Evening
TX_1114,CUST_3241,2025-09-02,18:59:12,2,Tuesday,False,Latte with add,440.0,760.0,card,2025-09-02 18:59:12,Evening
TX_1489,CUST_5637,2025-09-03,08:24:30,3,Wednesday,False,Latte,340.0,340.0,card,2025-09-03 08:24:30,Morning
TX_0353,CUST_1587,2025-09-03,08:36:25,3,Wednesday,False,Cappuccino,320.0,320.0,card,2025-09-03 08:36:25,Morning
TX_0243,CUST_6222,2025-09-03,08:37:03,3,Wednesday,False,Flat white,340.0,660.0,card,2025-09-03 08:37:03,Morning
TX_0243,CUST_6222,2025-09-03,08:37:03,3,Wednesday,False,Cappuccino,320.0,660.0,card,2025-09-03 08:37:03,Morning
TX_3030,CUST_9438,2025-09-03,09:07:43,3,Wednesday,False,Flat white,340.0,340.0,cash,2025-09-03 09:07:43,Morning
TX_0977,CUST_5169,2025-09-03,09:10:36,3,Wednesday,False,Latte,340.0,340.0,card,2025-09-03 09:10:36,Morning
TX_0507,CUST_1174,2025-09-03,09:10:46,3,Wednesday,False,Warming drinks (tea),400.0,400.0,card,2025-09-03 09:10:46,Morning
TX_2427,CUST_1049,2025-09-03,09:24:02,3,Wednesday,False,Batch brew,240.0,240.0,card,2025-09-03 09:24:02,Morning
TX_2462,CUST_7716,2025-09-03,09:35:47,3,Wednesday,False,Batch brew,240.0,470.0,card,2025-09-03 09:35:47,Morning
TX_2462,CUST_7716,2025-09-03,09:35:47,3,Wednesday,False,Espresso,230.0,470.0,card,2025-09-03 09:35:47,Morning
TX_1634,CUST_3813,2025-09-03,09:36:58,3,Wednesday,False,Cappuccino,320.0,320.0,card,2025-09-03 09:36:58,Morning
TX_2410,CUST_2017,2025-09-03,09:38:13,3,Wednesday,False,Latte,340.0,340.0,card,2025-09-03 09:38:13,Morning
TX_2301,CUST_5352,2025-09-03,10:02:30,3,Wednesday,False,Raf coffee,420.0,1260.0,card,2025-09-03 10:02:30,Morning
TX_2301,CUST_5352,2025-09-03,10:02:30,3,Wednesday,False,Warming drinks (tea),400.0,1260.0,card,2025-09-03 10:02:30,Morning
TX_2301,CUST_5352,2025-09-03,10:02:30,3,Wednesday,False,Latte with add,440.0,1260.0,card,2025-09-03 10:02:30,Morning
TX_0830,CUST_8393,2025-09-03,10:03:09,3,Wednesday,False,Warming drinks (tea),400.0,840.0,card,2025-09-03 10:03:09,Morning
TX_0830,CUST_8393,2025-09-03,10:03:09,3,Wednesday,False,Latte with add,440.0,840.0,card,2025-09-03 10:03:09,Morning
TX_0870,CUST_6245,2025-09-03,10:21:53,3,Wednesday,False,Latte,340.0,340.0,cash,2025-09-03 10:21:53,Morning
TX_1529,CUST_4789,2025-09-03,10:22:44,3,Wednesday,False,Latte with add,440.0,680.0,cash,2025-09-03 10:22:44,Morning
TX_1529,CUST_4789,2025-09-03,10:22:44,3,Wednesday,False,Batch brew,240.0,680.0,cash,2025-09-03 10:22:44,Morning
TX_2745,CUST_2822,2025-09-03,10:31:03,3,Wednesday,False,Latte,340.0,680.0,card,2025-09-03 10:31:03,Morning
TX_2745,CUST_2822,2025-09-03,10:31:03,3,Wednesday,False,Latte,340.0,680.0,card,2025-09-03 10:31:03,Morning
TX_0351,CUST_2312,2025-09-03,10:32:42,3,Wednesday,False,Flat white,340.0,340.0,card,2025-09-03 10:32:42,Morning
TX_1021,CUST_5822,2025-09-03,10:56:02,3,Wednesday,False,Cappuccino,320.0,660.0,card,2025-09-03 10:56:02,Morning
TX_1021,CUST_5822,2025-09-03,10:56:02,3,Wednesday,False,Flat white,340.0,660.0,card,2025-09-03 10:56:02,Morning
TX_2816,CUST_6705,2025-09-03,12:19:29,3,Wednesday,False,Raf coffee,420.0,420.0,card,2025-09-03 12:19:29,Afternoon
TX_1075,CUST_5910,2025-09-03,12:30:39,3,Wednesday,False,Latte with add,440.0,440.0,card,2025-09-03 12:30:39,Afternoon
TX_3383,CUST_1342,2025-09-03,12:45:39,3,Wednesday,False,Cappuccino,320.0,320.0,card,2025-09-03 12:45:39,Afternoon
TX_1063,CUST_5931,2025-09-03,12:59:58,3,Wednesday,False,Flat white,340.0,780.0,cash,2025-09-03 12:59:58,Afternoon
TX_1063,CUST_5931,2025-09-03,12:59:58,3,Wednesday,False,Latte with add,440.0,780.0,cash,2025-09-03 12:59:58,Afternoon
TX_3219,CUST_6311,2025-09-03,13:15:15,3,Wednesday,False,Flat white,340.0,1000.0,card,2025-09-03 13:15:15,Afternoon
TX_3219,CUST_6311,2025-09-03,13:15:15,3,Wednesday,False,Latte,340.0,1000.0,card,2025-09-03 13:15:15,Afternoon
TX_3219,CUST_6311,2025-09-03,13:15:15,3,Wednesday,False,Cappuccino,320.0,1000.0,card,2025-09-03 13:15:15,Afternoon
TX_0479,CUST_3713,2025-09-03,13:17:43,3,Wednesday,False,Flat white,340.0,340.0,card,2025-09-03 13:17:43,Afternoon
TX_0871,CUST_9464,2025-09-03,13:24:43,3,Wednesday,False,Raf coffee,420.0,420.0,cash,2025-09-03 13:24:43,Afternoon
TX_0957,CUST_2460,2025-09-03,13:25:17,3,Wednesday,False,Latte,340.0,340.0,card,2025-09-03 13:25:17,Afternoon
TX_2340,CUST_8408,2025-09-03,13:25:29,3,Wednesday,False,Flat white,340.0,340.0,card,2025-09-03 13:25:29,Afternoon
TX_1880,CUST_3155,2025-09-03,13:33:14,3,Wednesday,False,Latte,340.0,340.0,card,2025-09-03 13:33:14,Afternoon
TX_0567,CUST_5045,2025-09-03,13:39:13,3,Wednesday,False,Cappuccino,320.0,320.0,card,2025-09-03 13:39:13,Afternoon
TX_2021,CUST_8631,2025-09-03,13:41:51,3,Wednesday,False,Latte with add,440.0,440.0,cash,2025-09-03 13:41:51,Afternoon
TX_1607,CUST_1978,2025-09-03,13:54:44,3,Wednesday,False,Batch brew,240.0,240.0,cash,2025-09-03 13:54:44,Afternoon
TX_3397,CUST_3517,2025-09-03,14:03:00,3,Wednesday,False,Batch brew,240.0,910.0,cash,2025-09-03 14:03:00,Afternoon
TX_3397,CUST_3517,2025-09-03,14:03:00,3,Wednesday,False,Latte with add,440.0,910.0,cash,2025-09-03 14:03:00,Afternoon
TX_3397,CUST_3517,2025-09-03,14:03:00,3,Wednesday,False,Espresso,230.0,910.0,cash,2025-09-03 14:03:00,Afternoon
TX_0968,CUST_1040,2025-09-03,14:57:35,3,Wednesday,False,Cappuccino,320.0,320.0,card,2025-09-03 14:57:35,Afternoon
TX_1877,CUST_1026,2025-09-03,16:49:15,3,Wednesday,False,Latte with add,440.0,780.0,card,2025-09-03 16:49:15,Evening
TX_1877,CUST_1026,2025-09-03,16:49:15,3,Wednesday,False,Flat white,340.0,780.0,card,2025-09-03 16:49:15,Evening
TX_0619,CUST_6811,2025-09-03,17:07:46,3,Wednesday,False,Batch brew,240.0,240.0,card,2025-09-03 17:07:46,Evening
TX_1542,CUST_4332,2025-09-03,17:12:14,3,Wednesday,False,Cappuccino,320.0,890.0,card,2025-09-03 17:12:14,Evening
TX_1542,CUST_4332,2025-09-03,17:12:14,3,Wednesday,False,Espresso,230.0,890.0,card,2025-09-03 17:12:14,Evening
TX_1542,CUST_4332,2025-09-03,17:12:14,3,Wednesday,False,Latte,340.0,890.0,card,2025-09-03 17:12:14,Evening
TX_2746,CUST_1131,2025-09-03,17:48:45,3,Wednesday,False,Latte with add,440.0,440.0,card,2025-09-03 17:48:45,Evening
TX_1978,CUST_1279,2025-09-04,08:00:58,4,Thursday,False,Raf coffee,420.0,420.0,card,2025-09-04 08:00:58,Morning
TX_0903,CUST_2056,2025-09-04,08:25:06,4,Thursday,False,Latte,340.0,340.0,card,2025-09-04 08:25:06,Morning
TX_1594,CUST_3563,2025-09-04,08:53:29,4,Thursday,False,Cappuccino,320.0,320.0,card,2025-09-04 08:53:29,Morning
TX_1420,CUST_8826,2025-09-04,09:38:07,4,Thursday,False,Batch brew,240.0,240.0,cash,2025-09-04 09:38:07,Morning
TX_0145,CUST_7488,2025-09-04,09:38:24,4,Thursday,False,Latte with add,440.0,880.0,card,2025-09-04 09:38:24,Morning
TX_0145,CUST_7488,2025-09-04,09:38:24,4,Thursday,False,Latte with add,440.0,880.0,card,2025-09-04 09:38:24,Morning
TX_1130,CUST_5779,2025-09-04,09:44:47,4,Thursday,False,Batch brew,240.0,240.0,card,2025-09-04 09:44:47,Morning
TX_2826,CUST_3520,2025-09-04,09:45:27,4,Thursday,False,Latte,340.0,340.0,card,2025-09-04 09:45:27,Morning
TX_1763,CUST_8509,2025-09-04,09:51:00,4,Thursday,False,Espresso,230.0,230.0,cash,2025-09-04 09:51:00,Morning
TX_0954,CUST_6868,2025-09-04,09:55:10,4,Thursday,False,Cappuccino,320.0,980.0,card,2025-09-04 09:55:10,Morning
TX_0954,CUST_6868,2025-09-04,09:55:10,4,Thursday,False,Cappuccino,320.0,980.0,card,2025-09-04 09:55:10,Morning
TX_0954,CUST_6868,2025-09-04,09:55:10,4,Thursday,False,Latte,340.0,980.0,card,2025-09-04 09:55:10,Morning
TX_2870,CUST_9789,2025-09-04,09:59:57,4,Thursday,False,Latte,340.0,340.0,card,2025-09-04 09:59:57,Morning
TX_1449,CUST_2250,2025-09-04,10:34:49,4,Thursday,False,Batch brew,240.0,240.0,card,2025-09-04 10:34:49,Morning
TX_3167,CUST_9586,2025-09-04,11:00:59,4,Thursday,False,Latte,340.0,340.0,card,2025-09-04 11:00:59,Afternoon
TX_3019,CUST_2010,2025-09-04,11:58:52,4,Thursday,False,Latte,340.0,340.0,card,2025-09-04 11:58:52,Afternoon
TX_0041,CUST_7301,2025-09-04,12:32:57,4,Thursday,False,Latte,340.0,340.0,card,2025-09-04 12:32:57,Afternoon
TX_0792,CUST_6499,2025-09-04,12:38:29,4,Thursday,False,Flat white,340.0,340.0,card,2025-09-04 12:38:29,Afternoon
TX_2705,CUST_4219,2025-09-04,12:42:06,4,Thursday,False,Cappuccino,320.0,320.0,cash,2025-09-04 12:42:06,Afternoon
TX_1647,CUST_3606,2025-09-04,12:42:16,4,Thursday,False,Raf coffee,420.0,740.0,card,2025-09-04 12:42:16,Afternoon
TX_1647,CUST_3606,2025-09-04,12:42:16,4,Thursday,False,Cappuccino,320.0,740.0,card,2025-09-04 12:42:16,Afternoon
TX_0137,CUST_4423,2025-09-04,13:00:42,4,Thursday,False,Cappuccino,320.0,320.0,cash,2025-09-04 13:00:42,Afternoon
TX_0127,CUST_9942,2025-09-04,13:02:50,4,Thursday,False,Cappuccino,320.0,320.0,cash,2025-09-04 13:02:50,Afternoon
TX_2913,CUST_8344,2025-09-04,13:20:02,4,Thursday,False,Cappuccino,320.0,320.0,card,2025-09-04 13:20:02,Afternoon
TX_1129,CUST_9561,2025-09-04,13:31:18,4,Thursday,False,Cappuccino,320.0,320.0,card,2025-09-04 13:31:18,Afternoon
TX_2875,CUST_2315,2025-09-04,13:32:35,4,Thursday,False,Cappuccino,320.0,900.0,card,2025-09-04 13:32:35,Afternoon
TX_2875,CUST_2315,2025-09-04,13:32:35,4,Thursday,False,Batch brew,240.0,900.0,card,2025-09-04 13:32:35,Afternoon
TX_2875,CUST_2315,2025-09-04,13:32:35,4,Thursday,False,Latte,340.0,900.0,card,2025-09-04 13:32:35,Afternoon
TX_0543,CUST_7437,2025-09-04,13:37:21,4,Thursday,False,Latte,340.0,340.0,cash,2025-09-04 13:37:21,Afternoon
TX_1726,CUST_2381,2025-09-04,13:53:12,4,Thursday,False,Espresso,230.0,230.0,card,2025-09-04 13:53:12,Afternoon
TX_3186,CUST_3509,2025-09-04,14:20:38,4,Thursday,False,Raf coffee,420.0,420.0,card,2025-09-04 14:20:38,Afternoon
TX_2968,CUST_9272,2025-09-04,14:40:52,4,Thursday,False,Espresso,230.0,230.0,card,2025-09-04 14:40:52,Afternoon
TX_0444,CUST_4344,2025-09-04,16:39:04,4,Thursday,False,Latte with add,440.0,1200.0,card,2025-09-04 16:39:04,Evening
TX_0444,CUST_4344,2025-09-04,16:39:04,4,Thursday,False,Cappuccino,320.0,1200.0,card,2025-09-04 16:39:04,Evening
TX_0444,CUST_4344,2025-09-04,16:39:04,4,Thursday,False,Latte with add,440.0,1200.0,card,2025-09-04 16:39:04,Evening
TX_2750,CUST_5814,2025-09-04,17:21:53,4,Thursday,False,Latte,340.0,340.0,cash,2025-09-04 17:21:53,Evening
TX_3193,CUST_9868,2025-09-04,18:00:27,4,Thursday,False,Flat white,340.0,340.0,cash,2025-09-04 18:00:27,Evening
TX_2489,CUST_4752,2025-09-05,08:28:00,5,Friday,False,Flat white,340.0,340.0,cash,2025-09-05 08:28:00,Morning
TX_3497,CUST_7632,2025-09-05,09:03:11,5,Friday,False,Cappuccino,320.0,320.0,card,2025-09-05 09:03:11,Morning
TX_3212,CUST_6291,2025-09-05,09:09:02,5,Friday,False,Cappuccino,320.0,320.0,card,2025-09-05 09:09:02,Morning
TX_2040,CUST_8939,2025-09-05,09:14:44,5,Friday,False,Batch brew,240.0,240.0,card,2025-09-05 09:14:44,Morning
TX_1382,CUST_6301,2025-09-05,09:48:30,5,Friday,False,Flat white,340.0,1000.0,card,2025-09-05 09:48:30,Morning
TX_1382,CUST_6301,2025-09-05,09:48:30,5,Friday,False,Cappuccino,320.0,1000.0,card,2025-09-05 09:48:30,Morning
TX_1382,CUST_6301,2025-09-05,09:48:30,5,Friday,False,Latte,340.0,1000.0,card,2025-09-05 09:48:30,Morning
TX_1831,CUST_1376,2025-09-05,10:04:04,5,Friday,False,Latte with add,440.0,1000.0,card,2025-09-05 10:04:04,Morning
TX_1831,CUST_1376,2025-09-05,10:04:04,5,Friday,False,Cappuccino,320.0,1000.0,card,2025-09-05 10:04:04,Morning
TX_1831,CUST_1376,2025-09-05,10:04:04,5,Friday,False,Batch brew,240.0,1000.0,card,2025-09-05 10:04:04,Morning
TX_2233,CUST_5080,2025-09-05,10:22:31,5,Friday,False,Raf coffee,420.0,420.0,cash,2025-09-05 10:22:31,Morning
TX_3003,CUST_4504,2025-09-05,10:25:04,5,Friday,False,Batch brew,240.0,810.0,card,2025-09-05 10:25:04,Morning
TX_3003,CUST_4504,2025-09-05,10:25:04,5,Friday,False,Flat white,340.0,810.0,card,2025-09-05 10:25:04,Morning
TX_3003,CUST_4504,2025-09-05,10:25:04,5,Friday,False,Espresso,230.0,810.0,card,2025-09-05 10:25:04,Morning
TX_3065,CUST_7084,2025-09-05,10:28:17,5,Friday,False,Cappuccino,320.0,320.0,card,2025-09-05 10:28:17,Morning
TX_0469,CUST_2821,2025-09-05,11:38:31,5,Friday,False,Cappuccino,320.0,320.0,card,2025-09-05 11:38:31,Afternoon
TX_0110,CUST_8224,2025-09-05,11:43:07,5,Friday,False,Cappuccino,320.0,320.0,cash,2025-09-05 11:43:07,Afternoon
TX_1716,CUST_3537,2025-09-05,12:20:31,5,Friday,False,Latte with add,440.0,440.0,card,2025-09-05 12:20:31,Afternoon
TX_1441,CUST_7182,2025-09-05,12:42:33,5,Friday,False,Warming drinks (tea),400.0,400.0,card,2025-09-05 12:42:33,Afternoon
TX_1095,CUST_3252,2025-09-05,12:47:59,5,Friday,False,Cappuccino,320.0,640.0,cash,2025-09-05 12:47:59,Afternoon
TX_1095,CUST_3252,2025-09-05,12:47:59,5,Friday,False,Cappuccino,320.0,640.0,cash,2025-09-05 12:47:59,Afternoon
TX_0624,CUST_1516,2025-09-05,13:06:29,5,Friday,False,Latte,340.0,990.0,card,2025-09-05 13:06:29,Afternoon
TX_0624,CUST_1516,2025-09-05,13:06:29,5,Friday,False,Raf coffee,420.0,990.0,card,2025-09-05 13:06:29,Afternoon
TX_0624,CUST_1516,2025-09-05,13:06:29,5,Friday,False,Espresso,230.0,990.0,card,2025-09-05 13:06:29,Afternoon
TX_2032,CUST_6478,2025-09-05,13:12:04,5,Friday,False,Cappuccino,320.0,320.0,card,2025-09-05 13:12:04,Afternoon
TX_0925,CUST_4071,2025-09-05,13:12:24,5,Friday,False,Latte with add,440.0,880.0,card,2025-09-05 13:12:24,Afternoon
TX_0925,CUST_4071,2025-09-05,13:12:24,5,Friday,False,Latte with add,440.0,880.0,card,2025-09-05 13:12:24,Afternoon
TX_1123,CUST_1310,2025-09-05,13:12:28,5,Friday,False,Latte,340.0,340.0,card,2025-09-05 13:12:28,Afternoon
TX_1901,CUST_7304,2025-09-05,13:34:46,5,Friday,False,Latte,340.0,340.0,card,2025-09-05 13:34:46,Afternoon
TX_3277,CUST_7606,2025-09-05,13:39:15,5,Friday,False,Flat white,340.0,660.0,card,2025-09-05 13:39:15,Afternoon
TX_3277,CUST_7606,2025-09-05,13:39:15,5,Friday,False,Cappuccino,320.0,660.0,card,2025-09-05 13:39:15,Afternoon
TX_0911,CUST_2689,2025-09-05,13:45:18,5,Friday,False,Batch brew,240.0,240.0,cash,2025-09-05 13:45:18,Afternoon
TX_1339,CUST_2174,2025-09-05,13:48:04,5,Friday,False,Flat white,340.0,340.0,card,2025-09-05 13:48:04,Afternoon
TX_0190,CUST_2206,2025-09-05,13:56:08,5,Friday,False,Cappuccino,320.0,1000.0,cash,2025-09-05 13:56:08,Afternoon
TX_0190,CUST_2206,2025-09-05,13:56:08,5,Friday,False,Batch brew,240.0,1000.0,cash,2025-09-05 13:56:08,Afternoon
TX_0190,CUST_2206,2025-09-05,13:56:08,5,Friday,False,Latte with add,440.0,1000.0,cash,2025-09-05 13:56:08,Afternoon
TX_2413,CUST_6013,2025-09-05,13:57:38,5,Friday,False,Latte,340.0,1100.0,card,2025-09-05 13:57:38,Afternoon
TX_2413,CUST_6013,2025-09-05,13:57:38,5,Friday,False,Latte with add,440.0,1100.0,card,2025-09-05 13:57:38,Afternoon
TX_2413,CUST_6013,2025-09-05,13:57:38,5,Friday,False,Cappuccino,320.0,1100.0,card,2025-09-05 13:57:38,Afternoon
TX_1960,CUST_4866,2025-09-05,14:56:43,5,Friday,False,Latte,340.0,340.0,card,2025-09-05 14:56:43,Afternoon
TX_1791,CUST_6489,2025-09-05,17:58:50,5,Friday,False,Latte,340.0,340.0,cash,2025-09-05 17:58:50,Evening
TX_1974,CUST_1416,2025-09-05,18:37:37,5,Friday,False,Cappuccino,320.0,320.0,card,2025-09-05 18:37:37,Evening
TX_1259,CUST_1924,2025-09-05,18:48:25,5,Friday,False,Latte,340.0,680.0,card,2025-09-05 18:48:25,Evening
TX_1259,CUST_1924,2025-09-05,18:48:25,5,Friday,False,Latte,340.0,680.0,card,2025-09-05 18:48:25,Evening
TX_1275,CUST_7623,2025-09-05,18:48:53,5,Friday,False,Latte,340.0,680.0,card,2025-09-05 18:48:53,Evening
TX_1275,CUST_7623,2025-09-05,18:48:53,5,Friday,False,Flat white,340.0,680.0,card,2025-09-05 18:48:53,Evening
TX_2137,CUST_3991,2025-09-05,18:59:07,5,Friday,False,Latte with add,440.0,440.0,card,2025-09-05 18:59:07,Evening
TX_1303,CUST_6577,2025-09-06,08:21:41,6,Saturday,True,Latte,340.0,780.0,card,2025-09-06 08:21:41,Morning
TX_1303,CUST_6577,2025-09-06,08:21:41,6,Saturday,True,Latte with add,440.0,780.0,card,2025-09-06 08:21:41,Morning
TX_3090,CUST_3701,2025-09-06,08:42:45,6,Saturday,True,Cappuccino,320.0,320.0,cash,2025-09-06 08:42:45,Morning
TX_1996,CUST_3241,2025-09-06,09:01:14,6,Saturday,True,Raf coffee,420.0,420.0,card,2025-09-06 09:01:14,Morning
TX_3520,CUST_1924,2025-09-06,09:09:17,6,Saturday,True,Cappuccino,320.0,320.0,card,2025-09-06 09:09:17,Morning
TX_0249,CUST_5477,2025-09-06,09:10:27,6,Saturday,True,Latte with add,440.0,440.0,card,2025-09-06 09:10:27,Morning
TX_3378,CUST_2071,2025-09-06,09:30:32,6,Saturday,True,Batch brew,240.0,240.0,card,2025-09-06 09:30:32,Morning
TX_2553,CUST_7670,2025-09-06,09:58:35,6,Saturday,True,Espresso,230.0,990.0,card,2025-09-06 09:58:35,Morning
TX_2553,CUST_7670,2025-09-06,09:58:35,6,Saturday,True,Latte with add,440.0,990.0,card,2025-09-06 09:58:35,Morning
TX_2553,CUST_7670,2025-09-06,09:58:35,6,Saturday,True,Cappuccino,320.0,990.0,card,2025-09-06 09:58:35,Morning
TX_2108,CUST_9262,2025-09-06,09:59:32,6,Saturday,True,Warming drinks (tea),400.0,400.0,cash,2025-09-06 09:59:32,Morning
TX_1705,CUST_6690,2025-09-06,10:08:19,6,Saturday,True,Latte with add,440.0,440.0,card,2025-09-06 10:08:19,Morning
TX_2304,CUST_9296,2025-09-06,10:35:57,6,Saturday,True,Latte with add,440.0,760.0,card,2025-09-06 10:35:57,Morning
TX_2304,CUST_9296,2025-09-06,10:35:57,6,Saturday,True,Cappuccino,320.0,760.0,card,2025-09-06 10:35:57,Morning
TX_0648,CUST_2523,2025-09-06,10:54:33,6,Saturday,True,Espresso,230.0,230.0,card,2025-09-06 10:54:33,Morning
TX_1663,CUST_9120,2025-09-06,11:56:40,6,Saturday,True,Latte with add,440.0,1220.0,card,2025-09-06 11:56:40,Afternoon
TX_1663,CUST_9120,2025-09-06,11:56:40,6,Saturday,True,Flat white,340.0,1220.0,card,2025-09-06 11:56:40,Afternoon
TX_1663,CUST_9120,2025-09-06,11:56:40,6,Saturday,True,Latte with add,440.0,1220.0,card,2025-09-06 11:56:40,Afternoon
TX_1717,CUST_6929,2025-09-06,12:40:45,6,Saturday,True,Espresso,230.0,790.0,card,2025-09-06 12:40:45,Afternoon
TX_1717,CUST_6929,2025-09-06,12:40:45,6,Saturday,True,Cappuccino,320.0,790.0,card,2025-09-06 12:40:45,Afternoon
TX_1717,CUST_6929,2025-09-06,12:40:45,6,Saturday,True,Batch brew,240.0,790.0,card,2025-09-06 12:40:45,Afternoon
TX_3382,CUST_9525,2025-09-06,12:44:49,6,Saturday,True,Raf coffee,420.0,840.0,card,2025-09-06 12:44:49,Afternoon
TX_3382,CUST_9525,2025-09-06,12:44:49,6,Saturday,True,Raf coffee,420.0,840.0,card,2025-09-06 12:44:49,Afternoon
TX_2117,CUST_3052,2025-09-06,12:51:07,6,Saturday,True,Cappuccino,320.0,320.0,card,2025-09-06 12:51:07,Afternoon
TX_0953,CUST_4675,2025-09-06,13:02:12,6,Saturday,True,Cappuccino,320.0,800.0,card,2025-09-06 13:02:12,Afternoon
TX_0953,CUST_4675,2025-09-06,13:02:12,6,Saturday,True,Batch brew,240.0,800.0,card,2025-09-06 13:02:12,Afternoon
TX_0953,CUST_4675,2025-09-06,13:02:12,6,Saturday,True,Batch brew,240.0,800.0,card,2025-09-06 13:02:12,Afternoon
TX_2895,CUST_2974,2025-09-06,13:05:06,6,Saturday,True,Batch brew,240.0,800.0,cash,2025-09-06 13:05:06,Afternoon
TX_2895,CUST_2974,2025-09-06,13:05:06,6,Saturday,True,Batch brew,240.0,800.0,cash,2025-09-06 13:05:06,Afternoon
TX_2895,CUST_2974,2025-09-06,13:05:06,6,Saturday,True,Cappuccino,320.0,800.0,cash,2025-09-06 13:05:06,Afternoon
TX_0296,CUST_4135,2025-09-06,13:21:26,6,Saturday,True,Raf coffee,420.0,420.0,card,2025-09-06 13:21:26,Afternoon
TX_0304,CUST_9170,2025-09-06,13:28:21,6,Saturday,True,Cappuccino,320.0,320.0,card,2025-09-06 13:28:21,Afternoon
TX_0434,CUST_5563,2025-09-06,13:34:18,6,Saturday,True,Flat white,340.0,660.0,card,2025-09-06 13:34:18,Afternoon
TX_0434,CUST_5563,2025-09-06,13:34:18,6,Saturday,True,Cappuccino,320.0,660.0,card,2025-09-06 13:34:18,Afternoon
TX_0772,CUST_4575,2025-09-06,13:35:01,6,Saturday,True,Espresso,230.0,230.0,card,2025-09-06 13:35:01,Afternoon
TX_1049,CUST_8948,2025-09-06,13:37:56,6,Saturday,True,Latte,340.0,340.0,cash,2025-09-06 13:37:56,Afternoon
TX_3152,CUST_2988,2025-09-06,13:41:00,6,Saturday,True,Latte with add,440.0,440.0,card,2025-09-06 13:41:00,Afternoon
TX_0112,CUST_4110,2025-09-06,13:41:09,6,Saturday,True,Batch brew,240.0,240.0,card,2025-09-06 13:41:09,Afternoon
TX_0402,CUST_3622,2025-09-06,13:42:27,6,Saturday,True,Flat white,340.0,340.0,cash,2025-09-06 13:42:27,Afternoon
TX_1426,CUST_5192,2025-09-06,13:59:34,6,Saturday,True,Batch brew,240.0,470.0,card,2025-09-06 13:59:34,Afternoon
TX_1426,CUST_5192,2025-09-06,13:59:34,6,Saturday,True,Espresso,230.0,470.0,card,2025-09-06 13:59:34,Afternoon
TX_1294,CUST_1481,2025-09-06,14:02:26,6,Saturday,True,Cappuccino,320.0,1080.0,card,2025-09-06 14:02:26,Afternoon
TX_1294,CUST_1481,2025-09-06,14:02:26,6,Saturday,True,Cappuccino,320.0,1080.0,card,2025-09-06 14:02:26,Afternoon
TX_1294,CUST_1481,2025-09-06,14:02:26,6,Saturday,True,Latte with add,440.0,1080.0,card,2025-09-06 14:02:26,Afternoon
TX_2878,CUST_7867,2025-09-06,14:04:37,6,Saturday,True,Flat white,340.0,580.0,cash,2025-09-06 14:04:37,Afternoon
TX_2878,CUST_7867,2025-09-06,14:04:37,6,Saturday,True,Batch brew,240.0,580.0,cash,2025-09-06 14:04:37,Afternoon
TX_0418,CUST_2563,2025-09-06,14:05:10,6,Saturday,True,Latte,340.0,340.0,card,2025-09-06 14:05:10,Afternoon
TX_1924,CUST_3530,2025-09-06,14:07:41,6,Saturday,True,Latte,340.0,340.0,card,2025-09-06 14:07:41,Afternoon
TX_1001,CUST_3682,2025-09-06,14:21:46,6,Saturday,True,Cappuccino,320.0,1060.0,card,2025-09-06 14:21:46,Afternoon
TX_1001,CUST_3682,2025-09-06,14:21:46,6,Saturday,True,Warming drinks (tea),400.0,1060.0,card,2025-09-06 14:21:46,Afternoon
TX_1001,CUST_3682,2025-09-06,14:21:46,6,Saturday,True,Flat white,340.0,1060.0,card,2025-09-06 14:21:46,Afternoon
TX_1355,CUST_9054,2025-09-06,14:33:24,6,Saturday,True,Flat white,340.0,1020.0,cash,2025-09-06 14:33:24,Afternoon
TX_1355,CUST_9054,2025-09-06,14:33:24,6,Saturday,True,Latte with add,440.0,1020.0,cash,2025-09-06 14:33:24,Afternoon
TX_1355,CUST_9054,2025-09-06,14:33:24,6,Saturday,True,Batch brew,240.0,1020.0,cash,2025-09-06 14:33:24,Afternoon
TX_3373,CUST_5957,2025-09-06,14:36:11,6,Saturday,True,Latte,340.0,1060.0,cash,2025-09-06 14:36:11,Afternoon
TX_3373,CUST_5957,2025-09-06,14:36:11,6,Saturday,True,Cappuccino,320.0,1060.0,cash,2025-09-06 14:36:11,Afternoon
TX_3373,CUST_5957,2025-09-06,14:36:11,6,Saturday,True,Warming drinks (tea),400.0,1060.0,cash,2025-09-06 14:36:11,Afternoon
TX_1963,CUST_6554,2025-09-06,15:03:26,6,Saturday,True,Latte,340.0,340.0,card,2025-09-06 15:03:26,Afternoon
TX_1913,CUST_6343,2025-09-06,17:21:26,6,Saturday,True,Batch brew,240.0,240.0,cash,2025-09-06 17:21:26,Evening
TX_1032,CUST_8284,2025-09-06,17:30:52,6,Saturday,True,Cappuccino,320.0,320.0,card,2025-09-06 17:30:52,Evening
TX_0416,CUST_7341,2025-09-06,17:39:00,6,Saturday,True,Warming drinks (tea),400.0,400.0,card,2025-09-06 17:39:00,Evening
TX_0768,CUST_1899,2025-09-06,18:02:29,6,Saturday,True,Espresso,230.0,230.0,card,2025-09-06 18:02:29,Evening
TX_3541,CUST_2010,2025-09-06,18:23:08,6,Saturday,True,Latte with add,440.0,1000.0,card,2025-09-06 18:23:08,Evening
TX_3541,CUST_2010,2025-09-06,18:23:08,6,Saturday,True,Cappuccino,320.0,1000.0,card,2025-09-06 18:23:08,Evening
TX_3541,CUST_2010,2025-09-06,18:23:08,6,Saturday,True,Batch brew,240.0,1000.0,card,2025-09-06 18:23:08,Evening
TX_1849,CUST_4384,2025-09-06,19:06:14,6,Saturday,True,Latte with add,440.0,440.0,cash,2025-09-06 19:06:14,Evening
TX_1104,CUST_4920,2025-09-06,19:09:02,6,Saturday,True,Latte with add,440.0,440.0,card,2025-09-06 19:09:02,Evening
TX_0456,CUST_5835,2025-09-07,08:35:33,7,Sunday,True,Latte with add,440.0,440.0,cash,2025-09-07 08:35:33,Morning
TX_0584,CUST_7961,2025-09-07,08:49:35,7,Sunday,True,Latte,340.0,340.0,cash,2025-09-07 08:49:35,Morning
TX_3000,CUST_9389,2025-09-07,09:07:24,7,Sunday,True,Latte with add,440.0,440.0,card,2025-09-07 09:07:24,Morning
TX_3504,CUST_9826,2025-09-07,09:18:26,7,Sunday,True,Latte with add,440.0,440.0,cash,2025-09-07 09:18:26,Morning
TX_0556,CUST_1376,2025-09-07,09:34:47,7,Sunday,True,Batch brew,240.0,480.0,cash,2025-09-07 09:34:47,Morning
TX_0556,CUST_1376,2025-09-07,09:34:47,7,Sunday,True,Batch brew,240.0,480.0,cash,2025-09-07 09:34:47,Morning
TX_3183,CUST_2646,2025-09-07,09:56:46,7,Sunday,True,Latte,340.0,340.0,card,2025-09-07 09:56:46,Morning
TX_1141,CUST_1325,2025-09-07,10:04:43,7,Sunday,True,Latte,340.0,660.0,card,2025-09-07 10:04:43,Morning
TX_1141,CUST_1325,2025-09-07,10:04:43,7,Sunday,True,Cappuccino,320.0,660.0,card,2025-09-07 10:04:43,Morning
TX_2141,CUST_9175,2025-09-07,10:08:44,7,Sunday,True,Warming drinks (tea),400.0,400.0,card,2025-09-07 10:08:44,Morning
TX_3248,CUST_7028,2025-09-07,10:14:41,7,Sunday,True,Batch brew,240.0,240.0,cash,2025-09-07 10:14:41,Morning
TX_1808,CUST_2244,2025-09-07,10:17:18,7,Sunday,True,Cappuccino,320.0,550.0,card,2025-09-07 10:17:18,Morning
TX_1808,CUST_2244,2025-09-07,10:17:18,7,Sunday,True,Espresso,230.0,550.0,card,2025-09-07 10:17:18,Morning
TX_1330,CUST_7392,2025-09-07,10:25:20,7,Sunday,True,Latte,340.0,680.0,card,2025-09-07 10:25:20,Morning
TX_1330,CUST_7392,2025-09-07,10:25:20,7,Sunday,True,Latte,340.0,680.0,card,2025-09-07 10:25:20,Morning
TX_2519,CUST_7413,2025-09-07,10:37:05,7,Sunday,True,Latte with add,440.0,440.0,card,2025-09-07 10:37:05,Morning
TX_0209,CUST_7780,2025-09-07,10:52:19,7,Sunday,True,Warming drinks (tea),400.0,950.0,card,2025-09-07 10:52:19,Morning
TX_0209,CUST_7780,2025-09-07,10:52:19,7,Sunday,True,Cappuccino,320.0,950.0,card,2025-09-07 10:52:19,Morning
TX_0209,CUST_7780,2025-09-07,10:52:19,7,Sunday,True,Espresso,230.0,950.0,card,2025-09-07 10:52:19,Morning
TX_3037,CUST_1430,2025-09-07,11:34:01,7,Sunday,True,Cappuccino,320.0,980.0,cash,2025-09-07 11:34:01,Afternoon
TX_3037,CUST_1430,2025-09-07,11:34:01,7,Sunday,True,Latte,340.0,980.0,cash,2025-09-07 11:34:01,Afternoon
TX_3037,CUST_1430,2025-09-07,11:34:01,7,Sunday,True,Cappuccino,320.0,980.0,cash,2025-09-07 11:34:01,Afternoon
TX_0987,CUST_1274,2025-09-07,12:02:06,7,Sunday,True,Espresso,230.0,230.0,card,2025-09-07 12:02:06,Afternoon
TX_1822,CUST_8554,2025-09-07,12:19:53,7,Sunday,True,Latte with add,440.0,1100.0,card,2025-09-07 12:19:53,Afternoon
TX_1822,CUST_8554,2025-09-07,12:19:53,7,Sunday,True,Cappuccino,320.0,1100.0,card,2025-09-07 12:19:53,Afternoon
TX_1822,CUST_8554,2025-09-07,12:19:53,7,Sunday,True,Latte,340.0,1100.0,card,2025-09-07 12:19:53,Afternoon
TX_0436,CUST_5381,2025-09-07,12:41:05,7,Sunday,True,Espresso,230.0,230.0,cash,2025-09-07 12:41:05,Afternoon
TX_2971,CUST_6278,2025-09-07,12:41:15,7,Sunday,True,Latte,340.0,680.0,cash,2025-09-07 12:41:15,Afternoon
TX_2971,CUST_6278,2025-09-07,12:41:15,7,Sunday,True,Latte,340.0,680.0,cash,2025-09-07 12:41:15,Afternoon
TX_2136,CUST_2562,2025-09-07,12:43:56,7,Sunday,True,Latte with add,440.0,440.0,card,2025-09-07 12:43:56,Afternoon
TX_2859,CUST_7558,2025-09-07,12:47:11,7,Sunday,True,Batch brew,240.0,240.0,card,2025-09-07 12:47:11,Afternoon
TX_2654,CUST_6712,2025-09-07,12:53:10,7,Sunday,True,Cappuccino,320.0,320.0,cash,2025-09-07 12:53:10,Afternoon
TX_2522,CUST_8746,2025-09-07,12:56:49,7,Sunday,True,Batch brew,240.0,240.0,card,2025-09-07 12:56:49,Afternoon
TX_1939,CUST_6626,2025-09-07,13:02:08,7,Sunday,True,Latte with add,440.0,440.0,card,2025-09-07 13:02:08,Afternoon
TX_3050,CUST_5842,2025-09-07,13:08:35,7,Sunday,True,Cappuccino,320.0,320.0,card,2025-09-07 13:08:35,Afternoon
TX_1863,CUST_8787,2025-09-07,13:08:53,7,Sunday,True,Latte,340.0,660.0,card,2025-09-07 13:08:53,Afternoon
TX_1863,CUST_8787,2025-09-07,13:08:53,7,Sunday,True,Cappuccino,320.0,660.0,card,2025-09-07 13:08:53,Afternoon
TX_2180,CUST_6588,2025-09-07,13:11:50,7,Sunday,True,Espresso,230.0,230.0,card,2025-09-07 13:11:50,Afternoon
TX_1252,CUST_4669,2025-09-07,13:14:02,7,Sunday,True,Latte,340.0,660.0,cash,2025-09-07 13:14:02,Afternoon
TX_1252,CUST_4669,2025-09-07,13:14:02,7,Sunday,True,Cappuccino,320.0,660.0,cash,2025-09-07 13:14:02,Afternoon
TX_2381,CUST_6183,2025-09-07,13:16:11,7,Sunday,True,Latte,340.0,340.0,card,2025-09-07 13:16:11,Afternoon
TX_1820,CUST_6629,2025-09-07,13:28:55,7,Sunday,True,Latte,340.0,340.0,card,2025-09-07 13:28:55,Afternoon
TX_1380,CUST_8398,2025-09-07,13:32:37,7,Sunday,True,Warming drinks (tea),400.0,400.0,card,2025-09-07 13:32:37,Afternoon
TX_2223,CUST_2661,2025-09-07,13:38:33,7,Sunday,True,Latte,340.0,340.0,card,2025-09-07 13:38:33,Afternoon
TX_2183,CUST_6979,2025-09-07,13:39:58,7,Sunday,True,Cappuccino,320.0,320.0,card,2025-09-07 13:39:58,Afternoon
TX_2029,CUST_8775,2025-09-07,13:40:33,7,Sunday,True,Batch brew,240.0,480.0,card,2025-09-07 13:40:33,Afternoon
TX_2029,CUST_8775,2025-09-07,13:40:33,7,Sunday,True,Batch brew,240.0,480.0,card,2025-09-07 13:40:33,Afternoon
TX_2337,CUST_1505,2025-09-07,13:42:28,7,Sunday,True,Batch brew,240.0,640.0,cash,2025-09-07 13:42:28,Afternoon
TX_2337,CUST_1505,2025-09-07,13:42:28,7,Sunday,True,Warming drinks (tea),400.0,640.0,cash,2025-09-07 13:42:28,Afternoon
TX_3515,CUST_4516,2025-09-07,13:48:37,7,Sunday,True,Cappuccino,320.0,320.0,cash,2025-09-07 13:48:37,Afternoon
TX_1617,CUST_2998,2025-09-07,13:50:56,7,Sunday,True,Batch brew,240.0,240.0,card,2025-09-07 13:50:56,Afternoon
TX_2613,CUST_3931,2025-09-07,13:52:34,7,Sunday,True,Flat white,340.0,340.0,card,2025-09-07 13:52:34,Afternoon
TX_1097,CUST_8497,2025-09-07,14:04:38,7,Sunday,True,Batch brew,240.0,240.0,cash,2025-09-07 14:04:38,Afternoon
TX_1229,CUST_6923,2025-09-07,14:05:05,7,Sunday,True,Latte,340.0,340.0,card,2025-09-07 14:05:05,Afternoon
TX_2453,CUST_1367,2025-09-07,14:11:06,7,Sunday,True,Batch brew,240.0,240.0,card,2025-09-07 14:11:06,Afternoon
TX_2222,CUST_8075,2025-09-07,14:11:46,7,Sunday,True,Batch brew,240.0,580.0,cash,2025-09-07 14:11:46,Afternoon
TX_2222,CUST_8075,2025-09-07,14:11:46,7,Sunday,True,Latte,340.0,580.0,cash,2025-09-07 14:11:46,Afternoon
TX_1857,CUST_6347,2025-09-07,14:12:32,7,Sunday,True,Raf coffee,420.0,420.0,card,2025-09-07 14:12:32,Afternoon
TX_2580,CUST_4181,2025-09-07,14:15:06,7,Sunday,True,Latte,340.0,340.0,cash,2025-09-07 14:15:06,Afternoon
TX_0983,CUST_5746,2025-09-07,14:37:07,7,Sunday,True,Espresso,230.0,230.0,cash,2025-09-07 14:37:07,Afternoon
TX_1828,CUST_4041,2025-09-07,14:44:23,7,Sunday,True,Batch brew,240.0,240.0,card,2025-09-07 14:44:23,Afternoon
TX_1598,CUST_2009,2025-09-07,17:18:50,7,Sunday,True,Raf coffee,420.0,420.0,card,2025-09-07 17:18:50,Evening
TX_1353,CUST_4360,2025-09-07,17:46:30,7,Sunday,True,Latte,340.0,340.0,card,2025-09-07 17:46:30,Evening
TX_1484,CUST_5778,2025-09-07,18:36:07,7,Sunday,True,Cappuccino,320.0,640.0,card,2025-09-07 18:36:07,Evening
TX_1484,CUST_5778,2025-09-07,18:36:07,7,Sunday,True,Cappuccino,320.0,640.0,card,2025-09-07 18:36:07,Evening
TX_1992,CUST_8992,2025-09-07,20:00:10,7,Sunday,True,Latte with add,440.0,440.0,card,2025-09-07 20:00:10,Outside hours
TX_0699,CUST_7449,2025-09-08,08:38:23,1,Monday,False,Cappuccino,320.0,320.0,card,2025-09-08 08:38:23,Morning
TX_1319,CUST_5421,2025-09-08,09:05:08,1,Monday,False,Latte,340.0,780.0,card,2025-09-08 09:05:08,Morning
TX_1319,CUST_5421,2025-09-08,09:05:08,1,Monday,False,Latte with add,440.0,780.0,card,2025-09-08 09:05:08,Morning
TX_0215,CUST_7508,2025-09-08,09:13:30,1,Monday,False,Latte,340.0,760.0,card,2025-09-08 09:13:30,Morning
TX_0215,CUST_7508,2025-09-08,09:13:30,1,Monday,False,Raf coffee,420.0,760.0,card,2025-09-08 09:13:30,Morning
TX_0989,CUST_7489,2025-09-08,09:32:57,1,Monday,False,Cappuccino,320.0,1080.0,card,2025-09-08 09:32:57,Morning
TX_0989,CUST_7489,2025-09-08,09:32:57,1,Monday,False,Raf coffee,420.0,1080.0,card,2025-09-08 09:32:57,Morning
TX_0989,CUST_7489,2025-09-08,09:32:57,1,Monday,False,Latte,340.0,1080.0,card,2025-09-08 09:32:57,Morning
TX_1325,CUST_9610,2025-09-08,09:39:28,1,Monday,False,Cappuccino,320.0,640.0,card,2025-09-08 09:39:28,Morning
TX_1325,CUST_9610,2025-09-08,09:39:28,1,Monday,False,Cappuccino,320.0,640.0,card,2025-09-08 09:39:28,Morning
TX_2647,CUST_9125,2025-09-08,09:44:48,1,Monday,False,Latte,340.0,340.0,card,2025-09-08 09:44:48,Morning
TX_0241,CUST_3197,2025-09-08,09:50:52,1,Monday,False,Batch brew,240.0,580.0,card,2025-09-08 09:50:52,Morning
TX_0241,CUST_3197,2025-09-08,09:50:52,1,Monday,False,Flat white,340.0,580.0,card,2025-09-08 09:50:52,Morning
TX_3441,CUST_4475,2025-09-08,10:16:56,1,Monday,False,Latte,340.0,340.0,card,2025-09-08 10:16:56,Morning
TX_1359,CUST_9153,2025-09-08,11:00:28,1,Monday,False,Latte with add,440.0,780.0,card,2025-09-08 11:00:28,Afternoon
TX_1359,CUST_9153,2025-09-08,11:00:28,1,Monday,False,Latte,340.0,780.0,card,2025-09-08 11:00:28,Afternoon
TX_3257,CUST_8002,2025-09-08,12:18:00,1,Monday,False,Cappuccino,320.0,760.0,card,2025-09-08 12:18:00,Afternoon
TX_3257,CUST_8002,2025-09-08,12:18:00,1,Monday,False,Latte with add,440.0,760.0,card,2025-09-08 12:18:00,Afternoon
TX_3201,CUST_6104,2025-09-08,12:27:27,1,Monday,False,Warming drinks (tea),400.0,400.0,card,2025-09-08 12:27:27,Afternoon
TX_3146,CUST_6284,2025-09-08,12:39:15,1,Monday,False,Cappuccino,320.0,320.0,cash,2025-09-08 12:39:15,Afternoon
TX_0564,CUST_2723,2025-09-08,12:53:49,1,Monday,False,Latte with add,440.0,1000.0,card,2025-09-08 12:53:49,Afternoon
TX_0564,CUST_2723,2025-09-08,12:53:49,1,Monday,False,Cappuccino,320.0,1000.0,card,2025-09-08 12:53:49,Afternoon
TX_0564,CUST_2723,2025-09-08,12:53:49,1,Monday,False,Batch brew,240.0,1000.0,card,2025-09-08 12:53:49,Afternoon
TX_2498,CUST_7804,2025-09-08,12:56:53,1,Monday,False,Warming drinks (tea),400.0,400.0,card,2025-09-08 12:56:53,Afternoon
TX_2474,CUST_8184,2025-09-08,13:04:07,1,Monday,False,Flat white,340.0,340.0,card,2025-09-08 13:04:07,Afternoon
TX_3389,CUST_9766,2025-09-08,13:07:02,1,Monday,False,Raf coffee,420.0,420.0,card,2025-09-08 13:07:02,Afternoon
TX_1870,CUST_2533,2025-09-08,13:08:57,1,Monday,False,Cappuccino,320.0,320.0,card,2025-09-08 13:08:57,Afternoon
TX_1688,CUST_7902,2025-09-08,13:11:15,1,Monday,False,Latte,340.0,340.0,card,2025-09-08 13:11:15,Afternoon
TX_3532,CUST_3138,2025-09-08,13:28:43,1,Monday,False,Batch brew,240.0,240.0,cash,2025-09-08 13:28:43,Afternoon
TX_0195,CUST_5241,2025-09-08,13:31:09,1,Monday,False,Cappuccino,320.0,320.0,card,2025-09-08 13:31:09,Afternoon
TX_2442,CUST_6623,2025-09-08,14:17:11,1,Monday,False,Cappuccino,320.0,320.0,card,2025-09-08 14:17:11,Afternoon
TX_3173,CUST_5659,2025-09-08,14:27:52,1,Monday,False,Flat white,340.0,340.0,cash,2025-09-08 14:27:52,Afternoon
TX_2248,CUST_6362,2025-09-08,14:33:58,1,Monday,False,Latte with add,440.0,440.0,card,2025-09-08 14:33:58,Afternoon
TX_0281,CUST_7016,2025-09-08,14:52:23,1,Monday,False,Cappuccino,320.0,320.0,card,2025-09-08 14:52:23,Afternoon
TX_2894,CUST_7594,2025-09-08,18:30:11,1,Monday,False,Cappuccino,320.0,320.0,card,2025-09-08 18:30:11,Evening
TX_2798,CUST_7428,2025-09-08,18:33:52,1,Monday,False,Latte,340.0,340.0,card,2025-09-08 18:33:52,Evening
TX_2497,CUST_2445,2025-09-09,08:04:49,2,Tuesday,False,Latte with add,440.0,440.0,card,2025-09-09 08:04:49,Morning
TX_1816,CUST_8483,2025-09-09,08:40:53,2,Tuesday,False,Latte,340.0,340.0,cash,2025-09-09 08:40:53,Morning
TX_1163,CUST_1717,2025-09-09,08:52:03,2,Tuesday,False,Cappuccino,320.0,640.0,card,2025-09-09 08:52:03,Morning
TX_1163,CUST_1717,2025-09-09,08:52:03,2,Tuesday,False,Cappuccino,320.0,640.0,card,2025-09-09 08:52:03,Morning
TX_0370,CUST_8905,2025-09-09,08:57:02,2,Tuesday,False,Raf coffee,420.0,660.0,card,2025-09-09 08:57:02,Morning
TX_0370,CUST_8905,2025-09-09,08:57:02,2,Tuesday,False,Batch brew,240.0,660.0,card,2025-09-09 08:57:02,Morning
TX_0834,CUST_3409,2025-09-09,09:13:19,2,Tuesday,False,Warming drinks (tea),400.0,400.0,card,2025-09-09 09:13:19,Morning
TX_2187,CUST_4707,2025-09-09,09:14:50,2,Tuesday,False,Latte with add,440.0,440.0,card,2025-09-09 09:14:50,Morning
TX_1721,CUST_7712,2025-09-09,09:18:29,2,Tuesday,False,Warming drinks (tea),400.0,740.0,card,2025-09-09 09:18:29,Morning
TX_1721,CUST_7712,2025-09-09,09:18:29,2,Tuesday,False,Flat white,340.0,740.0,card,2025-09-09 09:18:29,Morning
TX_1522,CUST_7391,2025-09-09,09:28:13,2,Tuesday,False,Raf coffee,420.0,420.0,cash,2025-09-09 09:28:13,Morning
TX_3068,CUST_4168,2025-09-09,09:32:43,2,Tuesday,False,Latte with add,440.0,440.0,card,2025-09-09 09:32:43,Morning
TX_2636,CUST_1885,2025-09-09,09:49:43,2,Tuesday,False,Espresso,230.0,890.0,card,2025-09-09 09:49:43,Morning
TX_2636,CUST_1885,2025-09-09,09:49:43,2,Tuesday,False,Cappuccino,320.0,890.0,card,2025-09-09 09:49:43,Morning
TX_2636,CUST_1885,2025-09-09,09:49:43,2,Tuesday,False,Latte,340.0,890.0,card,2025-09-09 09:49:43,Morning
TX_0821,CUST_1308,2025-09-09,09:56:19,2,Tuesday,False,Batch brew,240.0,240.0,card,2025-09-09 09:56:19,Morning
TX_2199,CUST_2573,2025-09-09,10:08:33,2,Tuesday,False,Cappuccino,320.0,320.0,cash,2025-09-09 10:08:33,Morning
TX_1777,CUST_9475,2025-09-09,10:08:42,2,Tuesday,False,Flat white,340.0,340.0,card,2025-09-09 10:08:42,Morning
TX_3074,CUST_9648,2025-09-09,10:13:08,2,Tuesday,False,Batch brew,240.0,560.0,card,2025-09-09 10:13:08,Morning
TX_3074,CUST_9648,2025-09-09,10:13:08,2,Tuesday,False,Cappuccino,320.0,560.0,card,2025-09-09 10:13:08,Morning
TX_1557,CUST_7365,2025-09-09,10:21:45,2,Tuesday,False,Batch brew,240.0,240.0,card,2025-09-09 10:21:45,Morning
TX_2565,CUST_9747,2025-09-09,10:27:32,2,Tuesday,False,Espresso,230.0,230.0,card,2025-09-09 10:27:32,Morning
TX_0980,CUST_8104,2025-09-09,10:28:08,2,Tuesday,False,Raf coffee,420.0,420.0,cash,2025-09-09 10:28:08,Morning
TX_2703,CUST_6871,2025-09-09,10:43:10,2,Tuesday,False,Batch brew,240.0,240.0,card,2025-09-09 10:43:10,Morning
TX_2551,CUST_9461,2025-09-09,11:39:12,2,Tuesday,False,Latte,340.0,1000.0,card,2025-09-09 11:39:12,Afternoon
TX_2551,CUST_9461,2025-09-09,11:39:12,2,Tuesday,False,Cappuccino,320.0,1000.0,card,2025-09-09 11:39:12,Afternoon
TX_2551,CUST_9461,2025-09-09,11:39:12,2,Tuesday,False,Latte,340.0,1000.0,card,2025-09-09 11:39:12,Afternoon
TX_0710,CUST_1157,2025-09-09,12:19:31,2,Tuesday,False,Warming drinks (tea),400.0,400.0,cash,2025-09-09 12:19:31,Afternoon
TX_1201,CUST_6171,2025-09-09,12:49:31,2,Tuesday,False,Warming drinks (tea),400.0,400.0,card,2025-09-09 12:49:31,Afternoon
TX_0705,CUST_3005,2025-09-09,13:13:31,2,Tuesday,False,Cappuccino,320.0,320.0,card,2025-09-09 13:13:31,Afternoon
TX_3180,CUST_7317,2025-09-09,13:16:15,2,Tuesday,False,Cappuccino,320.0,1120.0,cash,2025-09-09 13:16:15,Afternoon
TX_3180,CUST_7317,2025-09-09,13:16:15,2,Tuesday,False,Warming drinks (tea),400.0,1120.0,cash,2025-09-09 13:16:15,Afternoon
TX_3180,CUST_7317,2025-09-09,13:16:15,2,Tuesday,False,Warming drinks (tea),400.0,1120.0,cash,2025-09-09 13:16:15,Afternoon
TX_2814,CUST_2939,2025-09-09,13:36:24,2,Tuesday,False,Latte with add,440.0,780.0,card,2025-09-09 13:36:24,Afternoon
TX_2814,CUST_2939,2025-09-09,13:36:24,2,Tuesday,False,Flat white,340.0,780.0,card,2025-09-09 13:36:24,Afternoon
TX_2463,CUST_7598,2025-09-09,13:39:14,2,Tuesday,False,Cappuccino,320.0,320.0,card,2025-09-09 13:39:14,Afternoon
TX_0697,CUST_2178,2025-09-09,13:41:45,2,Tuesday,False,Raf coffee,420.0,420.0,card,2025-09-09 13:41:45,Afternoon
TX_0950,CUST_5929,2025-09-09,14:13:10,2,Tuesday,False,Batch brew,240.0,240.0,card,2025-09-09 14:13:10,Afternoon
TX_0714,CUST_6814,2025-09-09,14:16:24,2,Tuesday,False,Cappuccino,320.0,320.0,card,2025-09-09 14:16:24,Afternoon
TX_1407,CUST_2855,2025-09-09,14:27:03,2,Tuesday,False,Flat white,340.0,340.0,card,2025-09-09 14:27:03,Afternoon
TX_2595,CUST_7370,2025-09-09,14:57:45,2,Tuesday,False,Warming drinks (tea),400.0,400.0,card,2025-09-09 14:57:45,Afternoon
TX_1972,CUST_8660,2025-09-09,16:34:06,2,Tuesday,False,Warming drinks (tea),400.0,400.0,cash,2025-09-09 16:34:06,Evening
TX_1710,CUST_9110,2025-09-09,17:45:15,2,Tuesday,False,Warming drinks (tea),400.0,820.0,card,2025-09-09 17:45:15,Evening
TX_1710,CUST_9110,2025-09-09,17:45:15,2,Tuesday,False,Raf coffee,420.0,820.0,card,2025-09-09 17:45:15,Evening
TX_3203,CUST_6862,2025-09-09,17:47:02,2,Tuesday,False,Raf coffee,420.0,420.0,card,2025-09-09 17:47:02,Evening
TX_1054,CUST_7773,2025-09-09,18:01:56,2,Tuesday,False,Latte with add,440.0,1010.0,card,2025-09-09 18:01:56,Evening
TX_1054,CUST_7773,2025-09-09,18:01:56,2,Tuesday,False,Espresso,230.0,1010.0,card,2025-09-09 18:01:56,Evening
TX_1054,CUST_7773,2025-09-09,18:01:56,2,Tuesday,False,Latte,340.0,1010.0,card,2025-09-09 18:01:56,Evening
TX_0160,CUST_6080,2025-09-09,18:02:58,2,Tuesday,False,Raf coffee,420.0,420.0,card,2025-09-09 18:02:58,Evening
TX_3034,CUST_8157,2025-09-09,18:20:33,2,Tuesday,False,Latte with add,440.0,440.0,card,2025-09-09 18:20:33,Evening
TX_2189,CUST_8595,2025-09-09,18:26:15,2,Tuesday,False,Cappuccino,320.0,320.0,card,2025-09-09 18:26:15,Evening
TX_3091,CUST_2783,2025-09-09,19:13:39,2,Tuesday,False,Cappuccino,320.0,660.0,card,2025-09-09 19:13:39,Evening
TX_3091,CUST_2783,2025-09-09,19:13:39,2,Tuesday,False,Flat white,340.0,660.0,card,2025-09-09 19:13:39,Evening
TX_0439,CUST_4412,2025-09-10,08:04:10,3,Wednesday,False,Latte,340.0,340.0,cash,2025-09-10 08:04:10,Morning
TX_0645,CUST_6886,2025-09-10,08:11:56,3,Wednesday,False,Batch brew,240.0,240.0,cash,2025-09-10 08:11:56,Morning
TX_2397,CUST_1277,2025-09-10,08:12:16,3,Wednesday,False,Batch brew,240.0,800.0,card,2025-09-10 08:12:16,Morning
TX_2397,CUST_1277,2025-09-10,08:12:16,3,Wednesday,False,Batch brew,240.0,800.0,card,2025-09-10 08:12:16,Morning
TX_2397,CUST_1277,2025-09-10,08:12:16,3,Wednesday,False,Cappuccino,320.0,800.0,card,2025-09-10 08:12:16,Morning
TX_2752,CUST_4479,2025-09-10,08:34:28,3,Wednesday,False,Latte,340.0,340.0,cash,2025-09-10 08:34:28,Morning
TX_0438,CUST_7472,2025-09-10,08:48:55,3,Wednesday,False,Raf coffee,420.0,890.0,card,2025-09-10 08:48:55,Morning
TX_0438,CUST_7472,2025-09-10,08:48:55,3,Wednesday,False,Batch brew,240.0,890.0,card,2025-09-10 08:48:55,Morning
TX_0438,CUST_7472,2025-09-10,08:48:55,3,Wednesday,False,Espresso,230.0,890.0,card,2025-09-10 08:48:55,Morning
TX_2679,CUST_5764,2025-09-10,08:55:34,3,Wednesday,False,Latte,340.0,340.0,cash,2025-09-10 08:55:34,Morning
TX_0743,CUST_2964,2025-09-10,09:02:38,3,Wednesday,False,Latte,340.0,340.0,card,2025-09-10 09:02:38,Morning
TX_1414,CUST_7658,2025-09-10,09:04:57,3,Wednesday,False,Latte with add,440.0,440.0,card,2025-09-10 09:04:57,Morning
TX_0367,CUST_2049,2025-09-10,09:23:12,3,Wednesday,False,Cappuccino,320.0,900.0,cash,2025-09-10 09:23:12,Morning
TX_0367,CUST_2049,2025-09-10,09:23:12,3,Wednesday,False,Batch brew,240.0,900.0,cash,2025-09-10 09:23:12,Morning
TX_0367,CUST_2049,2025-09-10,09:23:12,3,Wednesday,False,Flat white,340.0,900.0,cash,2025-09-10 09:23:12,Morning
TX_0130,CUST_3365,2025-09-10,09:31:46,3,Wednesday,False,Raf coffee,420.0,420.0,card,2025-09-10 09:31:46,Morning
TX_2555,CUST_2623,2025-09-10,09:38:14,3,Wednesday,False,Latte,340.0,340.0,card,2025-09-10 09:38:14,Morning
TX_1548,CUST_8310,2025-09-10,09:45:57,3,Wednesday,False,Cappuccino,320.0,320.0,cash,2025-09-10 09:45:57,Morning
TX_2245,CUST_6471,2025-09-10,09:54:27,3,Wednesday,False,Warming drinks (tea),400.0,740.0,cash,2025-09-10 09:54:27,Morning
TX_2245,CUST_6471,2025-09-10,09:54:27,3,Wednesday,False,Latte,340.0,740.0,cash,2025-09-10 09:54:27,Morning
TX_2558,CUST_5540,2025-09-10,09:57:17,3,Wednesday,False,Latte,340.0,580.0,card,2025-09-10 09:57:17,Morning
TX_2558,CUST_5540,2025-09-10,09:57:17,3,Wednesday,False,Batch brew,240.0,580.0,card,2025-09-10 09:57:17,Morning
TX_0306,CUST_1636,2025-09-10,10:00:41,3,Wednesday,False,Cappuccino,320.0,320.0,card,2025-09-10 10:00:41,Morning
TX_2806,CUST_3914,2025-09-10,10:11:39,3,Wednesday,False,Raf coffee,420.0,420.0,card,2025-09-10 10:11:39,Morning
TX_1832,CUST_3742,2025-09-10,10:13:30,3,Wednesday,False,Latte,340.0,340.0,card,2025-09-10 10:13:30,Morning
TX_2607,CUST_1061,2025-09-10,10:23:19,3,Wednesday,False,Raf coffee,420.0,1000.0,card,2025-09-10 10:23:19,Morning
TX_2607,CUST_1061,2025-09-10,10:23:19,3,Wednesday,False,Batch brew,240.0,1000.0,card,2025-09-10 10:23:19,Morning
TX_2607,CUST_1061,2025-09-10,10:23:19,3,Wednesday,False,Latte,340.0,1000.0,card,2025-09-10 10:23:19,Morning
TX_1858,CUST_8463,2025-09-10,10:55:06,3,Wednesday,False,Latte,340.0,340.0,card,2025-09-10 10:55:06,Morning
TX_3465,CUST_7671,2025-09-10,10:58:43,3,Wednesday,False,Batch brew,240.0,580.0,card,2025-09-10 10:58:43,Morning
TX_3465,CUST_7671,2025-09-10,10:58:43,3,Wednesday,False,Latte,340.0,580.0,card,2025-09-10 10:58:43,Morning
TX_2514,CUST_8815,2025-09-10,11:51:09,3,Wednesday,False,Latte with add,440.0,440.0,card,2025-09-10 11:51:09,Afternoon
TX_1496,CUST_1249,2025-09-10,11:57:22,3,Wednesday,False,Cappuccino,320.0,800.0,cash,2025-09-10 11:57:22,Afternoon
TX_1496,CUST_1249,2025-09-10,11:57:22,3,Wednesday,False,Batch brew,240.0,800.0,cash,2025-09-10 11:57:22,Afternoon
TX_1496,CUST_1249,2025-09-10,11:57:22,3,Wednesday,False,Batch brew,240.0,800.0,cash,2025-09-10 11:57:22,Afternoon
TX_0806,CUST_7569,2025-09-10,12:18:51,3,Wednesday,False,Flat white,340.0,340.0,card,2025-09-10 12:18:51,Afternoon
TX_1652,CUST_2614,2025-09-10,12:38:54,3,Wednesday,False,Cappuccino,320.0,320.0,card,2025-09-10 12:38:54,Afternoon
TX_1421,CUST_3756,2025-09-10,12:41:58,3,Wednesday,False,Latte with add,440.0,440.0,card,2025-09-10 12:41:58,Afternoon
TX_2844,CUST_3814,2025-09-10,12:48:04,3,Wednesday,False,Latte,340.0,340.0,card,2025-09-10 12:48:04,Afternoon
TX_0334,CUST_3804,2025-09-10,12:49:05,3,Wednesday,False,Cappuccino,320.0,640.0,card,2025-09-10 12:49:05,Afternoon
TX_0334,CUST_3804,2025-09-10,12:49:05,3,Wednesday,False,Cappuccino,320.0,640.0,card,2025-09-10 12:49:05,Afternoon
TX_1573,CUST_1582,2025-09-10,12:49:50,3,Wednesday,False,Batch brew,240.0,1000.0,card,2025-09-10 12:49:50,Afternoon
TX_1573,CUST_1582,2025-09-10,12:49:50,3,Wednesday,False,Latte with add,440.0,1000.0,card,2025-09-10 12:49:50,Afternoon
TX_1573,CUST_1582,2025-09-10,12:49:50,3,Wednesday,False,Cappuccino,320.0,1000.0,card,2025-09-10 12:49:50,Afternoon
TX_3363,CUST_5942,2025-09-10,12:53:10,3,Wednesday,False,Latte,340.0,340.0,cash,2025-09-10 12:53:10,Afternoon
TX_0219,CUST_8153,2025-09-10,12:56:02,3,Wednesday,False,Warming drinks (tea),400.0,400.0,cash,2025-09-10 12:56:02,Afternoon
TX_1461,CUST_2490,2025-09-10,13:15:38,3,Wednesday,False,Flat white,340.0,570.0,card,2025-09-10 13:15:38,Afternoon
TX_1461,CUST_2490,2025-09-10,13:15:38,3,Wednesday,False,Espresso,230.0,570.0,card,2025-09-10 13:15:38,Afternoon
TX_0166,CUST_1086,2025-09-10,13:20:47,3,Wednesday,False,Cappuccino,320.0,320.0,card,2025-09-10 13:20:47,Afternoon
TX_3284,CUST_3130,2025-09-10,13:21:36,3,Wednesday,False,Latte,340.0,340.0,card,2025-09-10 13:21:36,Afternoon
TX_0855,CUST_1627,2025-09-10,13:37:26,3,Wednesday,False,Latte with add,440.0,440.0,card,2025-09-10 13:37:26,Afternoon
TX_0723,CUST_4530,2025-09-10,13:37:45,3,Wednesday,False,Cappuccino,320.0,320.0,cash,2025-09-10 13:37:45,Afternoon
TX_3323,CUST_8983,2025-09-10,13:51:12,3,Wednesday,False,Batch brew,240.0,580.0,card,2025-09-10 13:51:12,Afternoon
TX_3323,CUST_8983,2025-09-10,13:51:12,3,Wednesday,False,Latte,340.0,580.0,card,2025-09-10 13:51:12,Afternoon
TX_1765,CUST_8669,2025-09-10,14:02:53,3,Wednesday,False,Flat white,340.0,340.0,card,2025-09-10 14:02:53,Afternoon
TX_3336,CUST_5320,2025-09-10,14:03:03,3,Wednesday,False,Latte,340.0,660.0,card,2025-09-10 14:03:03,Afternoon
TX_3336,CUST_5320,2025-09-10,14:03:03,3,Wednesday,False,Cappuccino,320.0,660.0,card,2025-09-10 14:03:03,Afternoon
TX_2147,CUST_6900,2025-09-10,14:05:09,3,Wednesday,False,Latte with add,440.0,440.0,card,2025-09-10 14:05:09,Afternoon
TX_2250,CUST_5059,2025-09-10,14:16:08,3,Wednesday,False,Latte,340.0,580.0,card,2025-09-10 14:16:08,Afternoon
TX_2250,CUST_5059,2025-09-10,14:16:08,3,Wednesday,False,Batch brew,240.0,580.0,card,2025-09-10 14:16:08,Afternoon
TX_1272,CUST_6619,2025-09-10,14:23:07,3,Wednesday,False,Latte,340.0,340.0,cash,2025-09-10 14:23:07,Afternoon
TX_2267,CUST_2196,2025-09-10,14:24:38,3,Wednesday,False,Latte with add,440.0,920.0,cash,2025-09-10 14:24:38,Afternoon
TX_2267,CUST_2196,2025-09-10,14:24:38,3,Wednesday,False,Batch brew,240.0,920.0,cash,2025-09-10 14:24:38,Afternoon
TX_2267,CUST_2196,2025-09-10,14:24:38,3,Wednesday,False,Batch brew,240.0,920.0,cash,2025-09-10 14:24:38,Afternoon
TX_3437,CUST_7921,2025-09-10,14:47:12,3,Wednesday,False,Latte,340.0,340.0,card,2025-09-10 14:47:12,Afternoon
TX_3545,CUST_8021,2025-09-10,17:10:40,3,Wednesday,False,Espresso,230.0,800.0,card,2025-09-10 17:10:40,Evening
TX_3545,CUST_8021,2025-09-10,17:10:40,3,Wednesday,False,Espresso,230.0,800.0,card,2025-09-10 17:10:40,Evening
TX_3545,CUST_8021,2025-09-10,17:10:40,3,Wednesday,False,Latte,340.0,800.0,card,2025-09-10 17:10:40,Evening
TX_3251,CUST_2792,2025-09-10,17:12:36,3,Wednesday,False,Latte with add,440.0,440.0,card,2025-09-10 17:12:36,Evening
TX_0616,CUST_6442,2025-09-10,18:50:47,3,Wednesday,False,Latte,340.0,340.0,card,2025-09-10 18:50:47,Evening
TX_3238,CUST_6213,2025-09-10,19:00:32,3,Wednesday,False,Batch brew,240.0,900.0,card,2025-09-10 19:00:32,Evening
TX_3238,CUST_6213,2025-09-10,19:00:32,3,Wednesday,False,Cappuccino,320.0,900.0,card,2025-09-10 19:00:32,Evening
TX_3238,CUST_6213,2025-09-10,19:00:32,3,Wednesday,False,Latte,340.0,900.0,card,2025-09-10 19:00:32,Evening
TX_0573,CUST_4193,2025-09-11,08:02:58,4,Thursday,False,Flat white,340.0,340.0,cash,2025-09-11 08:02:58,Morning
TX_0576,CUST_2004,2025-09-11,08:19:18,4,Thursday,False,Latte,340.0,780.0,cash,2025-09-11 08:19:18,Morning
TX_0576,CUST_2004,2025-09-11,08:19:18,4,Thursday,False,Latte with add,440.0,780.0,cash,2025-09-11 08:19:18,Morning
TX_3139,CUST_1726,2025-09-11,08:21:30,4,Thursday,False,Latte,340.0,1000.0,card,2025-09-11 08:21:30,Morning
TX_3139,CUST_1726,2025-09-11,08:21:30,4,Thursday,False,Latte,340.0,1000.0,card,2025-09-11 08:21:30,Morning
TX_3139,CUST_1726,2025-09-11,08:21:30,4,Thursday,False,Cappuccino,320.0,1000.0,card,2025-09-11 08:21:30,Morning
TX_2866,CUST_8773,2025-09-11,08:32:12,4,Thursday,False,Latte with add,440.0,440.0,card,2025-09-11 08:32:12,Morning
TX_0158,CUST_1785,2025-09-11,08:39:56,4,Thursday,False,Cappuccino,320.0,320.0,cash,2025-09-11 08:39:56,Morning
TX_1539,CUST_8242,2025-09-11,09:17:43,4,Thursday,False,Raf coffee,420.0,420.0,cash,2025-09-11 09:17:43,Morning
TX_3418,CUST_5701,2025-09-11,09:25:53,4,Thursday,False,Latte,340.0,340.0,card,2025-09-11 09:25:53,Morning
TX_1066,CUST_4290,2025-09-11,09:28:59,4,Thursday,False,Latte,340.0,340.0,card,2025-09-11 09:28:59,Morning
TX_1185,CUST_4299,2025-09-11,09:35:17,4,Thursday,False,Cappuccino,320.0,790.0,card,2025-09-11 09:35:17,Morning
TX_1185,CUST_4299,2025-09-11,09:35:17,4,Thursday,False,Batch brew,240.0,790.0,card,2025-09-11 09:35:17,Morning
TX_1185,CUST_4299,2025-09-11,09:35:17,4,Thursday,False,Espresso,230.0,790.0,card,2025-09-11 09:35:17,Morning
TX_2732,CUST_5175,2025-09-11,09:38:47,4,Thursday,False,Latte with add,440.0,1200.0,card,2025-09-11 09:38:47,Morning
TX_2732,CUST_5175,2025-09-11,09:38:47,4,Thursday,False,Latte with add,440.0,1200.0,card,2025-09-11 09:38:47,Morning
TX_2732,CUST_5175,2025-09-11,09:38:47,4,Thursday,False,Cappuccino,320.0,1200.0,card,2025-09-11 09:38:47,Morning
TX_0824,CUST_8187,2025-09-11,09:44:26,4,Thursday,False,Cappuccino,320.0,320.0,cash,2025-09-11 09:44:26,Morning
TX_3132,CUST_1329,2025-09-11,09:50:21,4,Thursday,False,Batch brew,240.0,240.0,cash,2025-09-11 09:50:21,Morning
TX_0432,CUST_3422,2025-09-11,09:53:05,4,Thursday,False,Cappuccino,320.0,320.0,card,2025-09-11 09:53:05,Morning
TX_2467,CUST_8511,2025-09-11,10:24:15,4,Thursday,False,Cappuccino,320.0,320.0,card,2025-09-11 10:24:15,Morning
TX_1840,CUST_2100,2025-09-11,10:48:18,4,Thursday,False,Cappuccino,320.0,320.0,card,2025-09-11 10:48:18,Morning
TX_2539,CUST_5567,2025-09-11,11:00:10,4,Thursday,False,Cappuccino,320.0,890.0,card,2025-09-11 11:00:10,Afternoon
TX_2539,CUST_5567,2025-09-11,11:00:10,4,Thursday,False,Espresso,230.0,890.0,card,2025-09-11 11:00:10,Afternoon
TX_2539,CUST_5567,2025-09-11,11:00:10,4,Thursday,False,Latte,340.0,890.0,card,2025-09-11 11:00:10,Afternoon
TX_1055,CUST_3206,2025-09-11,11:59:42,4,Thursday,False,Latte,340.0,340.0,card,2025-09-11 11:59:42,Afternoon
TX_3021,CUST_7851,2025-09-11,12:12:33,4,Thursday,False,Latte,340.0,340.0,card,2025-09-11 12:12:33,Afternoon
TX_0995,CUST_2965,2025-09-11,12:30:04,4,Thursday,False,Cappuccino,320.0,320.0,card,2025-09-11 12:30:04,Afternoon
TX_3143,CUST_1664,2025-09-11,12:43:47,4,Thursday,False,Cappuccino,320.0,980.0,card,2025-09-11 12:43:47,Afternoon
TX_3143,CUST_1664,2025-09-11,12:43:47,4,Thursday,False,Cappuccino,320.0,980.0,card,2025-09-11 12:43:47,Afternoon
TX_3143,CUST_1664,2025-09-11,12:43:47,4,Thursday,False,Latte,340.0,980.0,card,2025-09-11 12:43:47,Afternoon
TX_0671,CUST_5940,2025-09-11,12:51:22,4,Thursday,False,Flat white,340.0,340.0,card,2025-09-11 12:51:22,Afternoon
TX_0614,CUST_1454,2025-09-11,12:53:50,4,Thursday,False,Batch brew,240.0,240.0,card,2025-09-11 12:53:50,Afternoon
TX_2488,CUST_1675,2025-09-11,12:56:41,4,Thursday,False,Latte,340.0,340.0,card,2025-09-11 12:56:41,Afternoon
TX_1876,CUST_2491,2025-09-11,12:58:32,4,Thursday,False,Warming drinks (tea),400.0,400.0,card,2025-09-11 12:58:32,Afternoon
TX_2562,CUST_6063,2025-09-11,13:07:22,4,Thursday,False,Latte,340.0,340.0,card,2025-09-11 13:07:22,Afternoon
TX_0454,CUST_5009,2025-09-11,13:12:18,4,Thursday,False,Batch brew,240.0,240.0,card,2025-09-11 13:12:18,Afternoon
TX_2953,CUST_1301,2025-09-11,13:16:44,4,Thursday,False,Latte,340.0,340.0,cash,2025-09-11 13:16:44,Afternoon
TX_2253,CUST_9209,2025-09-11,13:16:46,4,Thursday,False,Latte with add,440.0,760.0,card,2025-09-11 13:16:46,Afternoon
TX_2253,CUST_9209,2025-09-11,13:16:46,4,Thursday,False,Cappuccino,320.0,760.0,card,2025-09-11 13:16:46,Afternoon
TX_3008,CUST_9948,2025-09-11,13:49:30,4,Thursday,False,Cappuccino,320.0,320.0,cash,2025-09-11 13:49:30,Afternoon
TX_3145,CUST_3751,2025-09-11,13:51:44,4,Thursday,False,Latte,340.0,340.0,cash,2025-09-11 13:51:44,Afternoon
TX_1219,CUST_9426,2025-09-11,14:00:18,4,Thursday,False,Latte with add,440.0,440.0,card,2025-09-11 14:00:18,Afternoon
TX_0692,CUST_5080,2025-09-11,14:08:56,4,Thursday,False,Latte with add,440.0,440.0,card,2025-09-11 14:08:56,Afternoon
TX_1056,CUST_3502,2025-09-11,14:10:27,4,Thursday,False,Batch brew,240.0,240.0,cash,2025-09-11 14:10:27,Afternoon
TX_0667,CUST_1043,2025-09-11,14:17:44,4,Thursday,False,Warming drinks (tea),400.0,720.0,card,2025-09-11 14:17:44,Afternoon
TX_0667,CUST_1043,2025-09-11,14:17:44,4,Thursday,False,Cappuccino,320.0,720.0,card,2025-09-11 14:17:44,Afternoon
TX_3216,CUST_9351,2025-09-11,14:49:11,4,Thursday,False,Latte,340.0,340.0,card,2025-09-11 14:49:11,Afternoon
TX_2996,CUST_8980,2025-09-11,14:53:36,4,Thursday,False,Latte with add,440.0,440.0,card,2025-09-11 14:53:36,Afternoon
TX_1799,CUST_6893,2025-09-11,17:53:56,4,Thursday,False,Latte with add,440.0,440.0,card,2025-09-11 17:53:56,Evening
TX_0513,CUST_2471,2025-09-11,18:13:07,4,Thursday,False,Latte,340.0,1000.0,card,2025-09-11 18:13:07,Evening
TX_0513,CUST_2471,2025-09-11,18:13:07,4,Thursday,False,Cappuccino,320.0,1000.0,card,2025-09-11 18:13:07,Evening
TX_0513,CUST_2471,2025-09-11,18:13:07,4,Thursday,False,Flat white,340.0,1000.0,card,2025-09-11 18:13:07,Evening
TX_3254,CUST_9761,2025-09-11,18:38:45,4,Thursday,False,Cappuccino,320.0,320.0,card,2025-09-11 18:38:45,Evening
TX_0330,CUST_8626,2025-09-11,18:55:03,4,Thursday,False,Warming drinks (tea),400.0,720.0,card,2025-09-11 18:55:03,Evening
TX_0330,CUST_8626,2025-09-11,18:55:03,4,Thursday,False,Cappuccino,320.0,720.0,card,2025-09-11 18:55:03,Evening
TX_1511,CUST_9344,2025-09-12,08:21:55,5,Friday,False,Cappuccino,320.0,320.0,card,2025-09-12 08:21:55,Morning
TX_0078,CUST_2418,2025-09-12,09:06:20,5,Friday,False,Cappuccino,320.0,320.0,cash,2025-09-12 09:06:20,Morning
TX_0161,CUST_7823,2025-09-12,09:10:57,5,Friday,False,Latte,340.0,660.0,cash,2025-09-12 09:10:57,Morning
TX_0161,CUST_7823,2025-09-12,09:10:57,5,Friday,False,Cappuccino,320.0,660.0,cash,2025-09-12 09:10:57,Morning
TX_1585,CUST_4471,2025-09-12,09:11:23,5,Friday,False,Latte with add,440.0,440.0,cash,2025-09-12 09:11:23,Morning
TX_1037,CUST_7231,2025-09-12,09:22:40,5,Friday,False,Raf coffee,420.0,420.0,card,2025-09-12 09:22:40,Morning
TX_1137,CUST_4430,2025-09-12,09:31:12,5,Friday,False,Latte,340.0,820.0,card,2025-09-12 09:31:12,Morning
TX_1137,CUST_4430,2025-09-12,09:31:12,5,Friday,False,Batch brew,240.0,820.0,card,2025-09-12 09:31:12,Morning
TX_1137,CUST_4430,2025-09-12,09:31:12,5,Friday,False,Batch brew,240.0,820.0,card,2025-09-12 09:31:12,Morning
TX_1985,CUST_2438,2025-09-12,10:25:55,5,Friday,False,Latte,340.0,340.0,card,2025-09-12 10:25:55,Morning
TX_2305,CUST_7689,2025-09-12,10:36:48,5,Friday,False,Cappuccino,320.0,320.0,cash,2025-09-12 10:36:48,Morning
TX_0428,CUST_1397,2025-09-12,10:45:33,5,Friday,False,Warming drinks (tea),400.0,840.0,card,2025-09-12 10:45:33,Morning
TX_0428,CUST_1397,2025-09-12,10:45:33,5,Friday,False,Latte with add,440.0,840.0,card,2025-09-12 10:45:33,Morning
TX_0917,CUST_6396,2025-09-12,12:29:59,5,Friday,False,Raf coffee,420.0,420.0,card,2025-09-12 12:29:59,Afternoon
TX_3338,CUST_6761,2025-09-12,12:38:51,5,Friday,False,Raf coffee,420.0,420.0,cash,2025-09-12 12:38:51,Afternoon
TX_1959,CUST_4533,2025-09-12,12:57:02,5,Friday,False,Cappuccino,320.0,550.0,cash,2025-09-12 12:57:02,Afternoon
TX_1959,CUST_4533,2025-09-12,12:57:02,5,Friday,False,Espresso,230.0,550.0,cash,2025-09-12 12:57:02,Afternoon
TX_1608,CUST_8370,2025-09-12,13:00:32,5,Friday,False,Cappuccino,320.0,800.0,card,2025-09-12 13:00:32,Afternoon
TX_1608,CUST_8370,2025-09-12,13:00:32,5,Friday,False,Batch brew,240.0,800.0,card,2025-09-12 13:00:32,Afternoon
TX_1608,CUST_8370,2025-09-12,13:00:32,5,Friday,False,Batch brew,240.0,800.0,card,2025-09-12 13:00:32,Afternoon
TX_0650,CUST_7117,2025-09-12,13:02:49,5,Friday,False,Flat white,340.0,340.0,card,2025-09-12 13:02:49,Afternoon
TX_2237,CUST_1794,2025-09-12,13:12:14,5,Friday,False,Latte,340.0,340.0,card,2025-09-12 13:12:14,Afternoon
TX_2120,CUST_7752,2025-09-12,13:18:10,5,Friday,False,Raf coffee,420.0,420.0,cash,2025-09-12 13:18:10,Afternoon
TX_1394,CUST_8702,2025-09-12,13:23:05,5,Friday,False,Latte,340.0,680.0,card,2025-09-12 13:23:05,Afternoon
TX_1394,CUST_8702,2025-09-12,13:23:05,5,Friday,False,Latte,340.0,680.0,card,2025-09-12 13:23:05,Afternoon
TX_1616,CUST_9987,2025-09-12,13:26:47,5,Friday,False,Cappuccino,320.0,320.0,card,2025-09-12 13:26:47,Afternoon
TX_0887,CUST_2225,2025-09-12,13:40:29,5,Friday,False,Cappuccino,320.0,320.0,card,2025-09-12 13:40:29,Afternoon
TX_2480,CUST_7416,2025-09-12,13:44:30,5,Friday,False,Espresso,230.0,230.0,card,2025-09-12 13:44:30,Afternoon
TX_2465,CUST_2516,2025-09-12,13:47:21,5,Friday,False,Latte with add,440.0,440.0,cash,2025-09-12 13:47:21,Afternoon
TX_1564,CUST_3926,2025-09-12,13:48:15,5,Friday,False,Batch brew,240.0,240.0,card,2025-09-12 13:48:15,Afternoon
TX_2598,CUST_4536,2025-09-12,13:48:19,5,Friday,False,Latte,340.0,340.0,card,2025-09-12 13:48:19,Afternoon
TX_3188,CUST_6122,2025-09-12,14:07:13,5,Friday,False,Latte,340.0,340.0,card,2025-09-12 14:07:13,Afternoon
TX_1255,CUST_3328,2025-09-12,14:09:00,5,Friday,False,Warming drinks (tea),400.0,400.0,card,2025-09-12 14:09:00,Afternoon
TX_2389,CUST_9970,2025-09-12,14:19:36,5,Friday,False,Latte,340.0,340.0,card,2025-09-12 14:19:36,Afternoon
TX_3303,CUST_9975,2025-09-12,14:34:59,5,Friday,False,Latte,340.0,580.0,card,2025-09-12 14:34:59,Afternoon
TX_3303,CUST_9975,2025-09-12,14:34:59,5,Friday,False,Batch brew,240.0,580.0,card,2025-09-12 14:34:59,Afternoon
TX_0999,CUST_8031,2025-09-12,17:40:58,5,Friday,False,Latte,340.0,340.0,card,2025-09-12 17:40:58,Evening
TX_2345,CUST_7958,2025-09-12,17:54:16,5,Friday,False,Latte,340.0,340.0,card,2025-09-12 17:54:16,Evening
TX_0071,CUST_3326,2025-09-12,17:54:27,5,Friday,False,Cappuccino,320.0,320.0,card,2025-09-12 17:54:27,Evening
TX_1338,CUST_1939,2025-09-12,18:19:06,5,Friday,False,Raf coffee,420.0,420.0,card,2025-09-12 18:19:06,Evening
TX_0712,CUST_1288,2025-09-12,19:03:46,5,Friday,False,Batch brew,240.0,240.0,card,2025-09-12 19:03:46,Evening
TX_0715,CUST_5165,2025-09-13,08:23:37,6,Saturday,True,Latte with add,440.0,440.0,card,2025-09-13 08:23:37,Morning
TX_0087,CUST_2917,2025-09-13,08:37:55,6,Saturday,True,Raf coffee,420.0,420.0,card,2025-09-13 08:37:55,Morning
TX_1533,CUST_3221,2025-09-13,09:04:57,6,Saturday,True,Warming drinks (tea),400.0,400.0,cash,2025-09-13 09:04:57,Morning
TX_1530,CUST_5409,2025-09-13,09:38:29,6,Saturday,True,Latte with add,440.0,760.0,cash,2025-09-13 09:38:29,Morning
TX_1530,CUST_5409,2025-09-13,09:38:29,6,Saturday,True,Cappuccino,320.0,760.0,cash,2025-09-13 09:38:29,Morning
TX_0225,CUST_3715,2025-09-13,09:45:30,6,Saturday,True,Latte with add,440.0,760.0,card,2025-09-13 09:45:30,Morning
TX_0225,CUST_3715,2025-09-13,09:45:30,6,Saturday,True,Cappuccino,320.0,760.0,card,2025-09-13 09:45:30,Morning
TX_0063,CUST_4562,2025-09-13,09:49:43,6,Saturday,True,Raf coffee,420.0,760.0,card,2025-09-13 09:49:43,Morning
TX_0063,CUST_4562,2025-09-13,09:49:43,6,Saturday,True,Latte,340.0,760.0,card,2025-09-13 09:49:43,Morning
TX_3448,CUST_2503,2025-09-13,09:58:07,6,Saturday,True,Latte,340.0,340.0,card,2025-09-13 09:58:07,Morning
TX_2169,CUST_1159,2025-09-13,11:00:01,6,Saturday,True,Flat white,340.0,980.0,card,2025-09-13 11:00:01,Afternoon
TX_2169,CUST_1159,2025-09-13,11:00:01,6,Saturday,True,Warming drinks (tea),400.0,980.0,card,2025-09-13 11:00:01,Afternoon
TX_2169,CUST_1159,2025-09-13,11:00:01,6,Saturday,True,Batch brew,240.0,980.0,card,2025-09-13 11:00:01,Afternoon
TX_3081,CUST_9077,2025-09-13,12:26:03,6,Saturday,True,Cappuccino,320.0,640.0,card,2025-09-13 12:26:03,Afternoon
TX_3081,CUST_9077,2025-09-13,12:26:03,6,Saturday,True,Cappuccino,320.0,640.0,card,2025-09-13 12:26:03,Afternoon
TX_1450,CUST_7394,2025-09-13,12:52:58,6,Saturday,True,Cappuccino,320.0,980.0,card,2025-09-13 12:52:58,Afternoon
TX_1450,CUST_7394,2025-09-13,12:52:58,6,Saturday,True,Latte,340.0,980.0,card,2025-09-13 12:52:58,Afternoon
TX_1450,CUST_7394,2025-09-13,12:52:58,6,Saturday,True,Cappuccino,320.0,980.0,card,2025-09-13 12:52:58,Afternoon
TX_0727,CUST_8678,2025-09-13,13:00:25,6,Saturday,True,Batch brew,240.0,240.0,card,2025-09-13 13:00:25,Afternoon
TX_3237,CUST_6628,2025-09-13,13:08:47,6,Saturday,True,Latte,340.0,340.0,card,2025-09-13 13:08:47,Afternoon
TX_3240,CUST_4655,2025-09-13,13:13:12,6,Saturday,True,Cappuccino,320.0,660.0,card,2025-09-13 13:13:12,Afternoon
TX_3240,CUST_4655,2025-09-13,13:13:12,6,Saturday,True,Latte,340.0,660.0,card,2025-09-13 13:13:12,Afternoon
TX_1002,CUST_9493,2025-09-13,13:15:24,6,Saturday,True,Cappuccino,320.0,960.0,cash,2025-09-13 13:15:24,Afternoon
TX_1002,CUST_9493,2025-09-13,13:15:24,6,Saturday,True,Batch brew,240.0,960.0,cash,2025-09-13 13:15:24,Afternoon
TX_1002,CUST_9493,2025-09-13,13:15:24,6,Saturday,True,Warming drinks (tea),400.0,960.0,cash,2025-09-13 13:15:24,Afternoon
TX_1361,CUST_4714,2025-09-13,13:18:27,6,Saturday,True,Latte with add,440.0,880.0,card,2025-09-13 13:18:27,Afternoon
TX_1361,CUST_4714,2025-09-13,13:18:27,6,Saturday,True,Latte with add,440.0,880.0,card,2025-09-13 13:18:27,Afternoon
TX_3239,CUST_3848,2025-09-13,13:21:02,6,Saturday,True,Latte with add,440.0,440.0,card,2025-09-13 13:21:02,Afternoon
TX_3086,CUST_7833,2025-09-13,13:22:18,6,Saturday,True,Raf coffee,420.0,660.0,card,2025-09-13 13:22:18,Afternoon
TX_3086,CUST_7833,2025-09-13,13:22:18,6,Saturday,True,Batch brew,240.0,660.0,card,2025-09-13 13:22:18,Afternoon
TX_1629,CUST_4628,2025-09-13,13:35:27,6,Saturday,True,Batch brew,240.0,240.0,cash,2025-09-13 13:35:27,Afternoon
TX_2354,CUST_7625,2025-09-13,13:39:06,6,Saturday,True,Cappuccino,320.0,320.0,card,2025-09-13 13:39:06,Afternoon
TX_0104,CUST_7351,2025-09-13,13:41:37,6,Saturday,True,Latte,340.0,340.0,cash,2025-09-13 13:41:37,Afternoon
TX_2123,CUST_8395,2025-09-13,13:46:44,6,Saturday,True,Espresso,230.0,230.0,card,2025-09-13 13:46:44,Afternoon
TX_0661,CUST_2657,2025-09-13,14:00:54,6,Saturday,True,Cappuccino,320.0,320.0,card,2025-09-13 14:00:54,Afternoon
TX_0952,CUST_7820,2025-09-13,14:10:12,6,Saturday,True,Cappuccino,320.0,760.0,cash,2025-09-13 14:10:12,Afternoon
TX_0952,CUST_7820,2025-09-13,14:10:12,6,Saturday,True,Latte with add,440.0,760.0,cash,2025-09-13 14:10:12,Afternoon
TX_0380,CUST_4639,2025-09-13,14:12:48,6,Saturday,True,Cappuccino,320.0,320.0,card,2025-09-13 14:12:48,Afternoon
TX_2256,CUST_1769,2025-09-13,14:14:21,6,Saturday,True,Latte with add,440.0,440.0,cash,2025-09-13 14:14:21,Afternoon
TX_2064,CUST_5133,2025-09-13,14:15:16,6,Saturday,True,Raf coffee,420.0,420.0,cash,2025-09-13 14:15:16,Afternoon
TX_1569,CUST_8182,2025-09-13,14:25:04,6,Saturday,True,Batch brew,240.0,560.0,card,2025-09-13 14:25:04,Afternoon
TX_1569,CUST_8182,2025-09-13,14:25:04,6,Saturday,True,Cappuccino,320.0,560.0,card,2025-09-13 14:25:04,Afternoon
TX_0082,CUST_1756,2025-09-13,14:34:37,6,Saturday,True,Espresso,230.0,230.0,card,2025-09-13 14:34:37,Afternoon
TX_0595,CUST_3266,2025-09-13,17:14:41,6,Saturday,True,Latte with add,440.0,680.0,card,2025-09-13 17:14:41,Evening
TX_0595,CUST_3266,2025-09-13,17:14:41,6,Saturday,True,Batch brew,240.0,680.0,card,2025-09-13 17:14:41,Evening
TX_0596,CUST_6082,2025-09-13,17:27:42,6,Saturday,True,Raf coffee,420.0,1060.0,cash,2025-09-13 17:27:42,Evening
TX_0596,CUST_6082,2025-09-13,17:27:42,6,Saturday,True,Cappuccino,320.0,1060.0,cash,2025-09-13 17:27:42,Evening
TX_0596,CUST_6082,2025-09-13,17:27:42,6,Saturday,True,Cappuccino,320.0,1060.0,cash,2025-09-13 17:27:42,Evening
TX_0754,CUST_1342,2025-09-13,18:09:12,6,Saturday,True,Latte,340.0,340.0,cash,2025-09-13 18:09:12,Evening
TX_1072,CUST_2871,2025-09-13,18:13:35,6,Saturday,True,Latte,340.0,680.0,card,2025-09-13 18:13:35,Evening
TX_1072,CUST_2871,2025-09-13,18:13:35,6,Saturday,True,Latte,340.0,680.0,card,2025-09-13 18:13:35,Evening
TX_0297,CUST_3047,2025-09-13,18:33:41,6,Saturday,True,Flat white,340.0,580.0,card,2025-09-13 18:33:41,Evening
TX_0297,CUST_3047,2025-09-13,18:33:41,6,Saturday,True,Batch brew,240.0,580.0,card,2025-09-13 18:33:41,Evening
TX_2883,CUST_5010,2025-09-13,18:35:49,6,Saturday,True,Cappuccino,320.0,320.0,cash,2025-09-13 18:35:49,Evening
TX_1022,CUST_8445,2025-09-13,18:41:06,6,Saturday,True,Latte,340.0,340.0,card,2025-09-13 18:41:06,Evening
TX_1917,CUST_8338,2025-09-13,18:41:28,6,Saturday,True,Latte,340.0,580.0,card,2025-09-13 18:41:28,Evening
TX_1917,CUST_8338,2025-09-13,18:41:28,6,Saturday,True,Batch brew,240.0,580.0,card,2025-09-13 18:41:28,Evening
TX_3431,CUST_1932,2025-09-13,18:52:52,6,Saturday,True,Latte,340.0,340.0,cash,2025-09-13 18:52:52,Evening
TX_2517,CUST_3175,2025-09-13,19:13:53,6,Saturday,True,Latte with add,440.0,880.0,cash,2025-09-13 19:13:53,Evening
TX_2517,CUST_3175,2025-09-13,19:13:53,6,Saturday,True,Latte with add,440.0,880.0,cash,2025-09-13 19:13:53,Evening
TX_3516,CUST_5537,2025-09-13,19:38:47,6,Saturday,True,Flat white,340.0,1140.0,card,2025-09-13 19:38:47,Evening
TX_3516,CUST_5537,2025-09-13,19:38:47,6,Saturday,True,Warming drinks (tea),400.0,1140.0,card,2025-09-13 19:38:47,Evening
TX_3516,CUST_5537,2025-09-13,19:38:47,6,Saturday,True,Warming drinks (tea),400.0,1140.0,card,2025-09-13 19:38:47,Evening
TX_2709,CUST_2523,2025-09-14,08:29:30,7,Sunday,True,Latte,340.0,340.0,card,2025-09-14 08:29:30,Morning
TX_2457,CUST_2641,2025-09-14,08:59:45,7,Sunday,True,Latte,340.0,340.0,cash,2025-09-14 08:59:45,Morning
TX_0117,CUST_9091,2025-09-14,09:01:08,7,Sunday,True,Batch brew,240.0,240.0,cash,2025-09-14 09:01:08,Morning
TX_3078,CUST_3128,2025-09-14,09:03:07,7,Sunday,True,Cappuccino,320.0,980.0,card,2025-09-14 09:03:07,Morning
TX_3078,CUST_3128,2025-09-14,09:03:07,7,Sunday,True,Latte,340.0,980.0,card,2025-09-14 09:03:07,Morning
TX_3078,CUST_3128,2025-09-14,09:03:07,7,Sunday,True,Cappuccino,320.0,980.0,card,2025-09-14 09:03:07,Morning
TX_0165,CUST_2159,2025-09-14,09:54:10,7,Sunday,True,Latte,340.0,340.0,card,2025-09-14 09:54:10,Morning
TX_0343,CUST_5536,2025-09-14,09:54:28,7,Sunday,True,Latte,340.0,340.0,card,2025-09-14 09:54:28,Morning
TX_0494,CUST_4853,2025-09-14,09:55:07,7,Sunday,True,Latte,340.0,340.0,card,2025-09-14 09:55:07,Morning
TX_2701,CUST_2809,2025-09-14,10:01:11,7,Sunday,True,Latte,340.0,340.0,card,2025-09-14 10:01:11,Morning
TX_2862,CUST_3716,2025-09-14,11:39:30,7,Sunday,True,Latte with add,440.0,1020.0,card,2025-09-14 11:39:30,Afternoon
TX_2862,CUST_3716,2025-09-14,11:39:30,7,Sunday,True,Latte,340.0,1020.0,card,2025-09-14 11:39:30,Afternoon
TX_2862,CUST_3716,2025-09-14,11:39:30,7,Sunday,True,Batch brew,240.0,1020.0,card,2025-09-14 11:39:30,Afternoon
TX_2482,CUST_4529,2025-09-14,11:52:19,7,Sunday,True,Latte,340.0,340.0,card,2025-09-14 11:52:19,Afternoon
TX_3351,CUST_3460,2025-09-14,12:30:01,7,Sunday,True,Raf coffee,420.0,420.0,card,2025-09-14 12:30:01,Afternoon
TX_2792,CUST_4827,2025-09-14,13:11:01,7,Sunday,True,Raf coffee,420.0,820.0,card,2025-09-14 13:11:01,Afternoon
TX_2792,CUST_4827,2025-09-14,13:11:01,7,Sunday,True,Warming drinks (tea),400.0,820.0,card,2025-09-14 13:11:01,Afternoon
TX_0002,CUST_3377,2025-09-14,13:22:43,7,Sunday,True,Latte with add,440.0,440.0,card,2025-09-14 13:22:43,Afternoon
TX_0316,CUST_1403,2025-09-14,13:24:25,7,Sunday,True,Cappuccino,320.0,320.0,card,2025-09-14 13:24:25,Afternoon
TX_2959,CUST_7524,2025-09-14,13:26:04,7,Sunday,True,Warming drinks (tea),400.0,400.0,cash,2025-09-14 13:26:04,Afternoon
TX_1154,CUST_8948,2025-09-14,13:30:51,7,Sunday,True,Latte,340.0,340.0,cash,2025-09-14 13:30:51,Afternoon
TX_1625,CUST_8274,2025-09-14,13:34:30,7,Sunday,True,Latte,340.0,340.0,card,2025-09-14 13:34:30,Afternoon
TX_3379,CUST_9966,2025-09-14,13:38:49,7,Sunday,True,Batch brew,240.0,240.0,cash,2025-09-14 13:38:49,Afternoon
TX_2091,CUST_6421,2025-09-14,13:39:43,7,Sunday,True,Cappuccino,320.0,320.0,card,2025-09-14 13:39:43,Afternoon
TX_1962,CUST_7609,2025-09-14,13:41:39,7,Sunday,True,Batch brew,240.0,240.0,card,2025-09-14 13:41:39,Afternoon
TX_1023,CUST_2863,2025-09-14,13:47:22,7,Sunday,True,Raf coffee,420.0,420.0,card,2025-09-14 13:47:22,Afternoon
TX_2728,CUST_2847,2025-09-14,13:49:16,7,Sunday,True,Cappuccino,320.0,320.0,card,2025-09-14 13:49:16,Afternoon
TX_3137,CUST_1515,2025-09-14,13:51:34,7,Sunday,True,Batch brew,240.0,240.0,cash,2025-09-14 13:51:34,Afternoon
TX_2936,CUST_6346,2025-09-14,14:15:57,7,Sunday,True,Batch brew,240.0,240.0,card,2025-09-14 14:15:57,Afternoon
TX_2939,CUST_4870,2025-09-14,14:29:25,7,Sunday,True,Warming drinks (tea),400.0,400.0,card,2025-09-14 14:29:25,Afternoon
TX_0490,CUST_4648,2025-09-14,14:42:10,7,Sunday,True,Cappuccino,320.0,320.0,card,2025-09-14 14:42:10,Afternoon
TX_2173,CUST_4035,2025-09-14,14:45:14,7,Sunday,True,Latte with add,440.0,1000.0,cash,2025-09-14 14:45:14,Afternoon
TX_2173,CUST_4035,2025-09-14,14:45:14,7,Sunday,True,Cappuccino,320.0,1000.0,cash,2025-09-14 14:45:14,Afternoon
TX_2173,CUST_4035,2025-09-14,14:45:14,7,Sunday,True,Batch brew,240.0,1000.0,cash,2025-09-14 14:45:14,Afternoon
TX_1882,CUST_1191,2025-09-14,15:00:47,7,Sunday,True,Raf coffee,420.0,420.0,card,2025-09-14 15:00:47,Afternoon
TX_1854,CUST_5907,2025-09-14,15:05:40,7,Sunday,True,Cappuccino,320.0,320.0,card,2025-09-14 15:05:40,Afternoon
TX_1967,CUST_2311,2025-09-14,17:10:41,7,Sunday,True,Latte,340.0,1080.0,card,2025-09-14 17:10:41,Evening
TX_1967,CUST_2311,2025-09-14,17:10:41,7,Sunday,True,Cappuccino,320.0,1080.0,card,2025-09-14 17:10:41,Evening
TX_1967,CUST_2311,2025-09-14,17:10:41,7,Sunday,True,Raf coffee,420.0,1080.0,card,2025-09-14 17:10:41,Evening
TX_0369,CUST_1649,2025-09-14,17:17:56,7,Sunday,True,Espresso,230.0,550.0,cash,2025-09-14 17:17:56,Evening
TX_0369,CUST_1649,2025-09-14,17:17:56,7,Sunday,True,Cappuccino,320.0,550.0,cash,2025-09-14 17:17:56,Evening
TX_2623,CUST_9740,2025-09-14,17:48:19,7,Sunday,True,Warming drinks (tea),400.0,400.0,card,2025-09-14 17:48:19,Evening
TX_3209,CUST_5979,2025-09-14,17:49:34,7,Sunday,True,Espresso,230.0,990.0,cash,2025-09-14 17:49:34,Evening
TX_3209,CUST_5979,2025-09-14,17:49:34,7,Sunday,True,Latte,340.0,990.0,cash,2025-09-14 17:49:34,Evening
TX_3209,CUST_5979,2025-09-14,17:49:34,7,Sunday,True,Raf coffee,420.0,990.0,cash,2025-09-14 17:49:34,Evening
TX_2972,CUST_4437,2025-09-14,17:53:47,7,Sunday,True,Cappuccino,320.0,1080.0,cash,2025-09-14 17:53:47,Evening
TX_2972,CUST_4437,2025-09-14,17:53:47,7,Sunday,True,Cappuccino,320.0,1080.0,cash,2025-09-14 17:53:47,Evening
TX_2972,CUST_4437,2025-09-14,17:53:47,7,Sunday,True,Latte with add,440.0,1080.0,cash,2025-09-14 17:53:47,Evening
TX_0783,CUST_3722,2025-09-14,17:56:23,7,Sunday,True,Latte with add,440.0,440.0,cash,2025-09-14 17:56:23,Evening
TX_2163,CUST_7262,2025-09-14,18:11:12,7,Sunday,True,Latte with add,440.0,440.0,cash,2025-09-14 18:11:12,Evening
TX_0557,CUST_5903,2025-09-14,18:32:53,7,Sunday,True,Flat white,340.0,340.0,card,2025-09-14 18:32:53,Evening
TX_1144,CUST_1275,2025-09-14,18:42:43,7,Sunday,True,Cappuccino,320.0,320.0,card,2025-09-14 18:42:43,Evening
TX_0773,CUST_3648,2025-09-15,08:11:26,1,Monday,False,Cappuccino,320.0,880.0,card,2025-09-15 08:11:26,Morning
TX_0773,CUST_3648,2025-09-15,08:11:26,1,Monday,False,Batch brew,240.0,880.0,card,2025-09-15 08:11:26,Morning
TX_0773,CUST_3648,2025-09-15,08:11:26,1,Monday,False,Cappuccino,320.0,880.0,card,2025-09-15 08:11:26,Morning
TX_1708,CUST_2395,2025-09-15,08:27:26,1,Monday,False,Latte,340.0,780.0,cash,2025-09-15 08:27:26,Morning
TX_1708,CUST_2395,2025-09-15,08:27:26,1,Monday,False,Latte with add,440.0,780.0,cash,2025-09-15 08:27:26,Morning
TX_2824,CUST_9489,2025-09-15,08:34:06,1,Monday,False,Batch brew,240.0,580.0,card,2025-09-15 08:34:06,Morning
TX_2824,CUST_9489,2025-09-15,08:34:06,1,Monday,False,Latte,340.0,580.0,card,2025-09-15 08:34:06,Morning
TX_1826,CUST_5579,2025-09-15,08:34:44,1,Monday,False,Batch brew,240.0,240.0,card,2025-09-15 08:34:44,Morning
TX_1435,CUST_3656,2025-09-15,08:56:56,1,Monday,False,Cappuccino,320.0,320.0,card,2025-09-15 08:56:56,Morning
TX_0687,CUST_2422,2025-09-15,09:04:31,1,Monday,False,Warming drinks (tea),400.0,1040.0,card,2025-09-15 09:04:31,Morning
TX_0687,CUST_2422,2025-09-15,09:04:31,1,Monday,False,Cappuccino,320.0,1040.0,card,2025-09-15 09:04:31,Morning
TX_0687,CUST_2422,2025-09-15,09:04:31,1,Monday,False,Cappuccino,320.0,1040.0,card,2025-09-15 09:04:31,Morning
TX_2318,CUST_2323,2025-09-15,09:13:52,1,Monday,False,Cappuccino,320.0,320.0,cash,2025-09-15 09:13:52,Morning
TX_2150,CUST_1483,2025-09-15,09:19:06,1,Monday,False,Espresso,230.0,470.0,card,2025-09-15 09:19:06,Morning
TX_2150,CUST_1483,2025-09-15,09:19:06,1,Monday,False,Batch brew,240.0,470.0,card,2025-09-15 09:19:06,Morning
TX_0295,CUST_5197,2025-09-15,09:38:42,1,Monday,False,Warming drinks (tea),400.0,400.0,card,2025-09-15 09:38:42,Morning
TX_0079,CUST_6550,2025-09-15,09:46:33,1,Monday,False,Cappuccino,320.0,320.0,card,2025-09-15 09:46:33,Morning
TX_2348,CUST_6450,2025-09-15,09:57:55,1,Monday,False,Batch brew,240.0,240.0,card,2025-09-15 09:57:55,Morning
TX_1888,CUST_2335,2025-09-15,10:00:12,1,Monday,False,Raf coffee,420.0,420.0,card,2025-09-15 10:00:12,Morning
TX_3024,CUST_8134,2025-09-15,10:00:41,1,Monday,False,Latte with add,440.0,440.0,card,2025-09-15 10:00:41,Morning
TX_2484,CUST_1258,2025-09-15,10:12:36,1,Monday,False,Espresso,230.0,230.0,card,2025-09-15 10:12:36,Morning
TX_2890,CUST_5916,2025-09-15,10:41:28,1,Monday,False,Cappuccino,320.0,320.0,card,2025-09-15 10:41:28,Morning
TX_1292,CUST_8056,2025-09-15,10:52:49,1,Monday,False,Warming drinks (tea),400.0,400.0,card,2025-09-15 10:52:49,Morning
TX_2501,CUST_6123,2025-09-15,12:01:34,1,Monday,False,Batch brew,240.0,1000.0,card,2025-09-15 12:01:34,Afternoon
TX_2501,CUST_6123,2025-09-15,12:01:34,1,Monday,False,Raf coffee,420.0,1000.0,card,2025-09-15 12:01:34,Afternoon
TX_2501,CUST_6123,2025-09-15,12:01:34,1,Monday,False,Latte,340.0,1000.0,card,2025-09-15 12:01:34,Afternoon
TX_2795,CUST_8806,2025-09-15,12:08:09,1,Monday,False,Raf coffee,420.0,760.0,card,2025-09-15 12:08:09,Afternoon
TX_2795,CUST_8806,2025-09-15,12:08:09,1,Monday,False,Latte,340.0,760.0,card,2025-09-15 12:08:09,Afternoon
TX_3111,CUST_1899,2025-09-15,12:59:17,1,Monday,False,Raf coffee,420.0,760.0,cash,2025-09-15 12:59:17,Afternoon
TX_3111,CUST_1899,2025-09-15,12:59:17,1,Monday,False,Latte,340.0,760.0,cash,2025-09-15 12:59:17,Afternoon
TX_1013,CUST_5996,2025-09-15,13:00:27,1,Monday,False,Latte with add,440.0,780.0,cash,2025-09-15 13:00:27,Afternoon
TX_1013,CUST_5996,2025-09-15,13:00:27,1,Monday,False,Latte,340.0,780.0,cash,2025-09-15 13:00:27,Afternoon
TX_1589,CUST_1158,2025-09-15,13:01:35,1,Monday,False,Cappuccino,320.0,660.0,cash,2025-09-15 13:01:35,Afternoon
TX_1589,CUST_1158,2025-09-15,13:01:35,1,Monday,False,Latte,340.0,660.0,cash,2025-09-15 13:01:35,Afternoon
TX_2928,CUST_4198,2025-09-15,13:02:25,1,Monday,False,Latte with add,440.0,440.0,card,2025-09-15 13:02:25,Afternoon
TX_2260,CUST_5025,2025-09-15,13:03:05,1,Monday,False,Cappuccino,320.0,320.0,cash,2025-09-15 13:03:05,Afternoon
TX_1501,CUST_9472,2025-09-15,13:06:31,1,Monday,False,Latte with add,440.0,440.0,card,2025-09-15 13:06:31,Afternoon
TX_0885,CUST_8182,2025-09-15,13:08:39,1,Monday,False,Latte,340.0,340.0,card,2025-09-15 13:08:39,Afternoon
TX_2616,CUST_9060,2025-09-15,13:11:33,1,Monday,False,Latte with add,440.0,440.0,card,2025-09-15 13:11:33,Afternoon
TX_3129,CUST_5163,2025-09-15,13:24:16,1,Monday,False,Latte with add,440.0,1020.0,card,2025-09-15 13:24:16,Afternoon
TX_3129,CUST_5163,2025-09-15,13:24:16,1,Monday,False,Latte,340.0,1020.0,card,2025-09-15 13:24:16,Afternoon
TX_3129,CUST_5163,2025-09-15,13:24:16,1,Monday,False,Batch brew,240.0,1020.0,card,2025-09-15 13:24:16,Afternoon
TX_2970,CUST_7840,2025-09-15,13:27:10,1,Monday,False,Cappuccino,320.0,320.0,card,2025-09-15 13:27:10,Afternoon
TX_1147,CUST_7430,2025-09-15,13:28:06,1,Monday,False,Batch brew,240.0,900.0,cash,2025-09-15 13:28:06,Afternoon
TX_1147,CUST_7430,2025-09-15,13:28:06,1,Monday,False,Cappuccino,320.0,900.0,cash,2025-09-15 13:28:06,Afternoon
TX_1147,CUST_7430,2025-09-15,13:28:06,1,Monday,False,Latte,340.0,900.0,cash,2025-09-15 13:28:06,Afternoon
TX_2154,CUST_8844,2025-09-15,13:28:29,1,Monday,False,Batch brew,240.0,240.0,card,2025-09-15 13:28:29,Afternoon
TX_3525,CUST_7001,2025-09-15,13:31:38,1,Monday,False,Raf coffee,420.0,420.0,card,2025-09-15 13:31:38,Afternoon
TX_0167,CUST_6308,2025-09-15,13:32:50,1,Monday,False,Latte,340.0,580.0,card,2025-09-15 13:32:50,Afternoon
TX_0167,CUST_6308,2025-09-15,13:32:50,1,Monday,False,Batch brew,240.0,580.0,card,2025-09-15 13:32:50,Afternoon
TX_1012,CUST_4467,2025-09-15,13:33:03,1,Monday,False,Batch brew,240.0,240.0,card,2025-09-15 13:33:03,Afternoon
TX_0527,CUST_3367,2025-09-15,13:40:27,1,Monday,False,Raf coffee,420.0,420.0,card,2025-09-15 13:40:27,Afternoon
TX_1669,CUST_7641,2025-09-15,13:51:57,1,Monday,False,Flat white,340.0,660.0,card,2025-09-15 13:51:57,Afternoon
TX_1669,CUST_7641,2025-09-15,13:51:57,1,Monday,False,Cappuccino,320.0,660.0,card,2025-09-15 13:51:57,Afternoon
TX_1436,CUST_8593,2025-09-15,14:00:27,1,Monday,False,Batch brew,240.0,240.0,card,2025-09-15 14:00:27,Afternoon
TX_1364,CUST_1928,2025-09-15,14:04:14,1,Monday,False,Batch brew,240.0,240.0,card,2025-09-15 14:04:14,Afternoon
TX_0976,CUST_1158,2025-09-15,14:12:12,1,Monday,False,Latte with add,440.0,440.0,card,2025-09-15 14:12:12,Afternoon
TX_3403,CUST_4309,2025-09-15,14:29:47,1,Monday,False,Latte with add,440.0,440.0,card,2025-09-15 14:29:47,Afternoon
TX_0458,CUST_5389,2025-09-15,14:31:02,1,Monday,False,Batch brew,240.0,240.0,cash,2025-09-15 14:31:02,Afternoon
TX_0759,CUST_3671,2025-09-15,14:35:10,1,Monday,False,Latte,340.0,920.0,cash,2025-09-15 14:35:10,Afternoon
TX_0759,CUST_3671,2025-09-15,14:35:10,1,Monday,False,Latte,340.0,920.0,cash,2025-09-15 14:35:10,Afternoon
TX_0759,CUST_3671,2025-09-15,14:35:10,1,Monday,False,Batch brew,240.0,920.0,cash,2025-09-15 14:35:10,Afternoon
TX_1605,CUST_7901,2025-09-15,16:50:19,1,Monday,False,Espresso,230.0,230.0,cash,2025-09-15 16:50:19,Evening
TX_0643,CUST_2090,2025-09-15,17:28:52,1,Monday,False,Cappuccino,320.0,320.0,card,2025-09-15 17:28:52,Evening
TX_1265,CUST_9086,2025-09-15,17:47:49,1,Monday,False,Latte,340.0,340.0,card,2025-09-15 17:47:49,Evening
TX_2740,CUST_6192,2025-09-15,17:57:34,1,Monday,False,Batch brew,240.0,240.0,card,2025-09-15 17:57:34,Evening
TX_0881,CUST_3108,2025-09-15,18:13:48,1,Monday,False,Cappuccino,320.0,320.0,cash,2025-09-15 18:13:48,Evening
TX_1941,CUST_4189,2025-09-15,18:18:04,1,Monday,False,Latte,340.0,1100.0,card,2025-09-15 18:18:04,Evening
TX_1941,CUST_4189,2025-09-15,18:18:04,1,Monday,False,Latte,340.0,1100.0,card,2025-09-15 18:18:04,Evening
TX_1941,CUST_4189,2025-09-15,18:18:04,1,Monday,False,Raf coffee,420.0,1100.0,card,2025-09-15 18:18:04,Evening
TX_1418,CUST_2655,2025-09-15,18:40:11,1,Monday,False,Cappuccino,320.0,320.0,card,2025-09-15 18:40:11,Evening
TX_0763,CUST_9275,2025-09-16,08:37:14,2,Tuesday,False,Warming drinks (tea),400.0,400.0,card,2025-09-16 08:37:14,Morning
TX_0006,CUST_3087,2025-09-16,08:52:49,2,Tuesday,False,Latte,340.0,340.0,card,2025-09-16 08:52:49,Morning
TX_2212,CUST_5019,2025-09-16,09:05:28,2,Tuesday,False,Latte,340.0,340.0,card,2025-09-16 09:05:28,Morning
TX_2082,CUST_9111,2025-09-16,09:22:54,2,Tuesday,False,Warming drinks (tea),400.0,400.0,cash,2025-09-16 09:22:54,Morning
TX_2759,CUST_7403,2025-09-16,09:35:27,2,Tuesday,False,Latte,340.0,680.0,card,2025-09-16 09:35:27,Morning
TX_2759,CUST_7403,2025-09-16,09:35:27,2,Tuesday,False,Latte,340.0,680.0,card,2025-09-16 09:35:27,Morning
TX_2830,CUST_9556,2025-09-16,09:35:29,2,Tuesday,False,Cappuccino,320.0,320.0,card,2025-09-16 09:35:29,Morning
TX_2299,CUST_4981,2025-09-16,10:13:22,2,Tuesday,False,Latte,340.0,340.0,card,2025-09-16 10:13:22,Morning
TX_2358,CUST_3230,2025-09-16,10:15:18,2,Tuesday,False,Warming drinks (tea),400.0,400.0,cash,2025-09-16 10:15:18,Morning
TX_0602,CUST_5798,2025-09-16,10:23:14,2,Tuesday,False,Latte with add,440.0,880.0,card,2025-09-16 10:23:14,Morning
TX_0602,CUST_5798,2025-09-16,10:23:14,2,Tuesday,False,Latte with add,440.0,880.0,card,2025-09-16 10:23:14,Morning
TX_0688,CUST_7060,2025-09-16,10:34:33,2,Tuesday,False,Latte with add,440.0,440.0,card,2025-09-16 10:34:33,Morning
TX_1881,CUST_2044,2025-09-16,10:39:56,2,Tuesday,False,Batch brew,240.0,240.0,card,2025-09-16 10:39:56,Morning
TX_1405,CUST_5584,2025-09-16,10:46:21,2,Tuesday,False,Batch brew,240.0,680.0,card,2025-09-16 10:46:21,Morning
TX_1405,CUST_5584,2025-09-16,10:46:21,2,Tuesday,False,Latte with add,440.0,680.0,card,2025-09-16 10:46:21,Morning
TX_2803,CUST_4659,2025-09-16,10:50:56,2,Tuesday,False,Latte,340.0,340.0,cash,2025-09-16 10:50:56,Morning
TX_2464,CUST_1944,2025-09-16,10:57:04,2,Tuesday,False,Flat white,340.0,340.0,cash,2025-09-16 10:57:04,Morning
TX_2495,CUST_8028,2025-09-16,11:00:18,2,Tuesday,False,Batch brew,240.0,880.0,card,2025-09-16 11:00:18,Afternoon
TX_2495,CUST_8028,2025-09-16,11:00:18,2,Tuesday,False,Cappuccino,320.0,880.0,card,2025-09-16 11:00:18,Afternoon
TX_2495,CUST_8028,2025-09-16,11:00:18,2,Tuesday,False,Cappuccino,320.0,880.0,card,2025-09-16 11:00:18,Afternoon
TX_2168,CUST_3884,2025-09-16,11:52:45,2,Tuesday,False,Cappuccino,320.0,320.0,card,2025-09-16 11:52:45,Afternoon
TX_2588,CUST_3495,2025-09-16,12:12:32,2,Tuesday,False,Flat white,340.0,340.0,cash,2025-09-16 12:12:32,Afternoon
TX_0606,CUST_5410,2025-09-16,12:55:15,2,Tuesday,False,Cappuccino,320.0,1060.0,cash,2025-09-16 12:55:15,Afternoon
TX_0606,CUST_5410,2025-09-16,12:55:15,2,Tuesday,False,Cappuccino,320.0,1060.0,cash,2025-09-16 12:55:15,Afternoon
TX_0606,CUST_5410,2025-09-16,12:55:15,2,Tuesday,False,Raf coffee,420.0,1060.0,cash,2025-09-16 12:55:15,Afternoon
TX_0790,CUST_3460,2025-09-16,13:15:22,2,Tuesday,False,Cappuccino,320.0,320.0,card,2025-09-16 13:15:22,Afternoon
TX_0845,CUST_6348,2025-09-16,13:19:33,2,Tuesday,False,Cappuccino,320.0,550.0,cash,2025-09-16 13:19:33,Afternoon
TX_0845,CUST_6348,2025-09-16,13:19:33,2,Tuesday,False,Espresso,230.0,550.0,cash,2025-09-16 13:19:33,Afternoon
TX_1754,CUST_7054,2025-09-16,13:43:31,2,Tuesday,False,Batch brew,240.0,470.0,card,2025-09-16 13:43:31,Afternoon
TX_1754,CUST_7054,2025-09-16,13:43:31,2,Tuesday,False,Espresso,230.0,470.0,card,2025-09-16 13:43:31,Afternoon
TX_0604,CUST_5689,2025-09-16,13:44:35,2,Tuesday,False,Latte,340.0,340.0,cash,2025-09-16 13:44:35,Afternoon
TX_1146,CUST_2784,2025-09-16,13:47:34,2,Tuesday,False,Cappuccino,320.0,320.0,card,2025-09-16 13:47:34,Afternoon
TX_1333,CUST_5764,2025-09-16,13:49:28,2,Tuesday,False,Latte with add,440.0,440.0,card,2025-09-16 13:49:28,Afternoon
TX_3278,CUST_5818,2025-09-16,13:53:34,2,Tuesday,False,Cappuccino,320.0,320.0,cash,2025-09-16 13:53:34,Afternoon
TX_1955,CUST_4602,2025-09-16,13:56:38,2,Tuesday,False,Raf coffee,420.0,420.0,card,2025-09-16 13:56:38,Afternoon
TX_2366,CUST_6787,2025-09-16,14:00:39,2,Tuesday,False,Batch brew,240.0,920.0,card,2025-09-16 14:00:39,Afternoon
TX_2366,CUST_6787,2025-09-16,14:00:39,2,Tuesday,False,Latte with add,440.0,920.0,card,2025-09-16 14:00:39,Afternoon
TX_2366,CUST_6787,2025-09-16,14:00:39,2,Tuesday,False,Batch brew,240.0,920.0,card,2025-09-16 14:00:39,Afternoon
TX_1311,CUST_9184,2025-09-16,14:00:45,2,Tuesday,False,Cappuccino,320.0,320.0,cash,2025-09-16 14:00:45,Afternoon
TX_3184,CUST_3157,2025-09-16,14:01:21,2,Tuesday,False,Latte,340.0,1000.0,card,2025-09-16 14:01:21,Afternoon
TX_3184,CUST_3157,2025-09-16,14:01:21,2,Tuesday,False,Latte,340.0,1000.0,card,2025-09-16 14:01:21,Afternoon
TX_3184,CUST_3157,2025-09-16,14:01:21,2,Tuesday,False,Cappuccino,320.0,1000.0,card,2025-09-16 14:01:21,Afternoon
TX_1626,CUST_3236,2025-09-16,14:02:08,2,Tuesday,False,Latte with add,440.0,440.0,card,2025-09-16 14:02:08,Afternoon
TX_0372,CUST_5101,2025-09-16,14:03:29,2,Tuesday,False,Latte,340.0,340.0,card,2025-09-16 14:03:29,Afternoon
TX_2999,CUST_5354,2025-09-16,14:06:03,2,Tuesday,False,Latte,340.0,340.0,card,2025-09-16 14:06:03,Afternoon
TX_2923,CUST_2344,2025-09-16,14:19:24,2,Tuesday,False,Latte,340.0,340.0,cash,2025-09-16 14:19:24,Afternoon
TX_2065,CUST_8718,2025-09-16,14:31:57,2,Tuesday,False,Batch brew,240.0,240.0,card,2025-09-16 14:31:57,Afternoon
TX_1931,CUST_7270,2025-09-16,14:46:33,2,Tuesday,False,Cappuccino,320.0,320.0,card,2025-09-16 14:46:33,Afternoon
TX_1016,CUST_4057,2025-09-16,14:48:52,2,Tuesday,False,Latte,340.0,340.0,card,2025-09-16 14:48:52,Afternoon
TX_1295,CUST_2025,2025-09-16,16:23:01,2,Tuesday,False,Batch brew,240.0,820.0,card,2025-09-16 16:23:01,Evening
TX_1295,CUST_2025,2025-09-16,16:23:01,2,Tuesday,False,Batch brew,240.0,820.0,card,2025-09-16 16:23:01,Evening
TX_1295,CUST_2025,2025-09-16,16:23:01,2,Tuesday,False,Flat white,340.0,820.0,card,2025-09-16 16:23:01,Evening
TX_2762,CUST_2456,2025-09-16,16:50:41,2,Tuesday,False,Latte with add,440.0,1200.0,card,2025-09-16 16:50:41,Evening
TX_2762,CUST_2456,2025-09-16,16:50:41,2,Tuesday,False,Latte with add,440.0,1200.0,card,2025-09-16 16:50:41,Evening
TX_2762,CUST_2456,2025-09-16,16:50:41,2,Tuesday,False,Cappuccino,320.0,1200.0,card,2025-09-16 16:50:41,Evening
TX_1079,CUST_6635,2025-09-16,17:31:30,2,Tuesday,False,Flat white,340.0,340.0,card,2025-09-16 17:31:30,Evening
TX_1239,CUST_5358,2025-09-16,17:40:33,2,Tuesday,False,Cappuccino,320.0,1100.0,card,2025-09-16 17:40:33,Evening
TX_1239,CUST_5358,2025-09-16,17:40:33,2,Tuesday,False,Latte,340.0,1100.0,card,2025-09-16 17:40:33,Evening
TX_1239,CUST_5358,2025-09-16,17:40:33,2,Tuesday,False,Latte with add,440.0,1100.0,card,2025-09-16 17:40:33,Evening
TX_2096,CUST_8188,2025-09-16,18:04:49,2,Tuesday,False,Latte,340.0,340.0,card,2025-09-16 18:04:49,Evening
TX_0791,CUST_9717,2025-09-17,08:24:11,3,Wednesday,False,Batch brew,240.0,900.0,card,2025-09-17 08:24:11,Morning
TX_0791,CUST_9717,2025-09-17,08:24:11,3,Wednesday,False,Cappuccino,320.0,900.0,card,2025-09-17 08:24:11,Morning
TX_0791,CUST_9717,2025-09-17,08:24:11,3,Wednesday,False,Flat white,340.0,900.0,card,2025-09-17 08:24:11,Morning
TX_1993,CUST_3681,2025-09-17,08:36:51,3,Wednesday,False,Latte,340.0,340.0,card,2025-09-17 08:36:51,Morning
TX_1537,CUST_7648,2025-09-17,08:37:25,3,Wednesday,False,Latte,340.0,680.0,cash,2025-09-17 08:37:25,Morning
TX_1537,CUST_7648,2025-09-17,08:37:25,3,Wednesday,False,Latte,340.0,680.0,cash,2025-09-17 08:37:25,Morning
TX_0729,CUST_6252,2025-09-17,08:41:01,3,Wednesday,False,Batch brew,240.0,240.0,card,2025-09-17 08:41:01,Morning
TX_2900,CUST_6247,2025-09-17,09:20:28,3,Wednesday,False,Flat white,340.0,680.0,card,2025-09-17 09:20:28,Morning
TX_2900,CUST_6247,2025-09-17,09:20:28,3,Wednesday,False,Latte,340.0,680.0,card,2025-09-17 09:20:28,Morning
TX_1232,CUST_8601,2025-09-17,09:25:52,3,Wednesday,False,Latte with add,440.0,440.0,card,2025-09-17 09:25:52,Morning
TX_0196,CUST_3585,2025-09-17,09:35:11,3,Wednesday,False,Espresso,230.0,230.0,card,2025-09-17 09:35:11,Morning
TX_1623,CUST_5351,2025-09-17,10:11:02,3,Wednesday,False,Latte,340.0,780.0,card,2025-09-17 10:11:02,Morning
TX_1623,CUST_5351,2025-09-17,10:11:02,3,Wednesday,False,Latte with add,440.0,780.0,card,2025-09-17 10:11:02,Morning
TX_2259,CUST_7622,2025-09-17,10:23:28,3,Wednesday,False,Batch brew,240.0,240.0,cash,2025-09-17 10:23:28,Morning
TX_1956,CUST_1591,2025-09-17,10:24:05,3,Wednesday,False,Cappuccino,320.0,320.0,cash,2025-09-17 10:24:05,Morning
TX_1948,CUST_3719,2025-09-17,10:52:27,3,Wednesday,False,Latte with add,440.0,440.0,card,2025-09-17 10:52:27,Morning
TX_0501,CUST_1899,2025-09-17,12:05:18,3,Wednesday,False,Espresso,230.0,230.0,cash,2025-09-17 12:05:18,Afternoon
TX_0560,CUST_9926,2025-09-17,12:25:37,3,Wednesday,False,Cappuccino,320.0,660.0,card,2025-09-17 12:25:37,Afternoon
TX_0560,CUST_9926,2025-09-17,12:25:37,3,Wednesday,False,Flat white,340.0,660.0,card,2025-09-17 12:25:37,Afternoon
TX_2754,CUST_8722,2025-09-17,13:10:13,3,Wednesday,False,Latte with add,440.0,440.0,card,2025-09-17 13:10:13,Afternoon
TX_1428,CUST_6460,2025-09-17,13:12:09,3,Wednesday,False,Latte with add,440.0,670.0,cash,2025-09-17 13:12:09,Afternoon
TX_1428,CUST_6460,2025-09-17,13:12:09,3,Wednesday,False,Espresso,230.0,670.0,cash,2025-09-17 13:12:09,Afternoon
TX_2231,CUST_4179,2025-09-17,13:24:40,3,Wednesday,False,Latte with add,440.0,440.0,cash,2025-09-17 13:24:40,Afternoon
TX_2232,CUST_9819,2025-09-17,13:29:15,3,Wednesday,False,Raf coffee,420.0,420.0,cash,2025-09-17 13:29:15,Afternoon
TX_1970,CUST_3725,2025-09-17,13:37:26,3,Wednesday,False,Cappuccino,320.0,320.0,cash,2025-09-17 13:37:26,Afternoon
TX_1486,CUST_7045,2025-09-17,13:44:02,3,Wednesday,False,Raf coffee,420.0,420.0,cash,2025-09-17 13:44:02,Afternoon
TX_1446,CUST_8234,2025-09-17,13:59:03,3,Wednesday,False,Latte with add,440.0,440.0,card,2025-09-17 13:59:03,Afternoon
TX_1240,CUST_7030,2025-09-17,14:03:15,3,Wednesday,False,Batch brew,240.0,880.0,card,2025-09-17 14:03:15,Afternoon
TX_1240,CUST_7030,2025-09-17,14:03:15,3,Wednesday,False,Cappuccino,320.0,880.0,card,2025-09-17 14:03:15,Afternoon
TX_1240,CUST_7030,2025-09-17,14:03:15,3,Wednesday,False,Cappuccino,320.0,880.0,card,2025-09-17 14:03:15,Afternoon
TX_2074,CUST_6086,2025-09-17,14:08:06,3,Wednesday,False,Flat white,340.0,660.0,card,2025-09-17 14:08:06,Afternoon
TX_2074,CUST_6086,2025-09-17,14:08:06,3,Wednesday,False,Cappuccino,320.0,660.0,card,2025-09-17 14:08:06,Afternoon
TX_1642,CUST_9905,2025-09-17,14:09:50,3,Wednesday,False,Latte,340.0,340.0,card,2025-09-17 14:09:50,Afternoon
TX_0641,CUST_7097,2025-09-17,14:19:28,3,Wednesday,False,Latte,340.0,340.0,cash,2025-09-17 14:19:28,Afternoon
TX_3109,CUST_4698,2025-09-17,14:22:01,3,Wednesday,False,Latte,340.0,340.0,card,2025-09-17 14:22:01,Afternoon
TX_3439,CUST_9721,2025-09-17,14:25:32,3,Wednesday,False,Latte with add,440.0,440.0,cash,2025-09-17 14:25:32,Afternoon
TX_0922,CUST_2166,2025-09-17,14:32:16,3,Wednesday,False,Batch brew,240.0,680.0,card,2025-09-17 14:32:16,Afternoon
TX_0922,CUST_2166,2025-09-17,14:32:16,3,Wednesday,False,Latte with add,440.0,680.0,card,2025-09-17 14:32:16,Afternoon
TX_0221,CUST_5025,2025-09-17,14:36:05,3,Wednesday,False,Latte with add,440.0,680.0,cash,2025-09-17 14:36:05,Afternoon
TX_0221,CUST_5025,2025-09-17,14:36:05,3,Wednesday,False,Batch brew,240.0,680.0,cash,2025-09-17 14:36:05,Afternoon
TX_2044,CUST_6895,2025-09-17,17:30:49,3,Wednesday,False,Latte,340.0,680.0,card,2025-09-17 17:30:49,Evening
TX_2044,CUST_6895,2025-09-17,17:30:49,3,Wednesday,False,Latte,340.0,680.0,card,2025-09-17 17:30:49,Evening
TX_0686,CUST_8369,2025-09-17,18:29:14,3,Wednesday,False,Batch brew,240.0,560.0,card,2025-09-17 18:29:14,Evening
TX_0686,CUST_8369,2025-09-17,18:29:14,3,Wednesday,False,Cappuccino,320.0,560.0,card,2025-09-17 18:29:14,Evening
TX_2605,CUST_9947,2025-09-17,19:33:18,3,Wednesday,False,Latte,340.0,340.0,card,2025-09-17 19:33:18,Evening
TX_1149,CUST_7535,2025-09-18,08:00:27,4,Thursday,False,Cappuccino,320.0,1000.0,card,2025-09-18 08:00:27,Morning
TX_1149,CUST_7535,2025-09-18,08:00:27,4,Thursday,False,Latte,340.0,1000.0,card,2025-09-18 08:00:27,Morning
TX_1149,CUST_7535,2025-09-18,08:00:27,4,Thursday,False,Latte,340.0,1000.0,card,2025-09-18 08:00:27,Morning
TX_1773,CUST_1090,2025-09-18,08:07:49,4,Thursday,False,Raf coffee,420.0,420.0,card,2025-09-18 08:07:49,Morning
TX_0704,CUST_7576,2025-09-18,08:28:35,4,Thursday,False,Warming drinks (tea),400.0,1160.0,card,2025-09-18 08:28:35,Morning
TX_0704,CUST_7576,2025-09-18,08:28:35,4,Thursday,False,Raf coffee,420.0,1160.0,card,2025-09-18 08:28:35,Morning
TX_0704,CUST_7576,2025-09-18,08:28:35,4,Thursday,False,Flat white,340.0,1160.0,card,2025-09-18 08:28:35,Morning
TX_0528,CUST_4957,2025-09-18,08:37:37,4,Thursday,False,Cappuccino,320.0,1100.0,cash,2025-09-18 08:37:37,Morning
TX_0528,CUST_4957,2025-09-18,08:37:37,4,Thursday,False,Latte,340.0,1100.0,cash,2025-09-18 08:37:37,Morning
TX_0528,CUST_4957,2025-09-18,08:37:37,4,Thursday,False,Latte with add,440.0,1100.0,cash,2025-09-18 08:37:37,Morning
TX_1160,CUST_1668,2025-09-18,09:04:47,4,Thursday,False,Raf coffee,420.0,420.0,card,2025-09-18 09:04:47,Morning
TX_0914,CUST_7393,2025-09-18,09:08:09,4,Thursday,False,Latte with add,440.0,440.0,card,2025-09-18 09:08:09,Morning
TX_1819,CUST_9788,2025-09-18,09:09:29,4,Thursday,False,Cappuccino,320.0,320.0,card,2025-09-18 09:09:29,Morning
TX_2276,CUST_2665,2025-09-18,09:14:09,4,Thursday,False,Warming drinks (tea),400.0,400.0,card,2025-09-18 09:14:09,Morning
TX_3082,CUST_4974,2025-09-18,09:22:08,4,Thursday,False,Latte,340.0,340.0,card,2025-09-18 09:22:08,Morning
TX_0397,CUST_3331,2025-09-18,09:37:46,4,Thursday,False,Latte with add,440.0,440.0,cash,2025-09-18 09:37:46,Morning
TX_0599,CUST_3687,2025-09-18,09:47:26,4,Thursday,False,Latte with add,440.0,780.0,cash,2025-09-18 09:47:26,Morning
TX_0599,CUST_3687,2025-09-18,09:47:26,4,Thursday,False,Latte,340.0,780.0,cash,2025-09-18 09:47:26,Morning
TX_3352,CUST_9471,2025-09-18,09:58:56,4,Thursday,False,Cappuccino,320.0,980.0,cash,2025-09-18 09:58:56,Morning
TX_3352,CUST_9471,2025-09-18,09:58:56,4,Thursday,False,Latte,340.0,980.0,cash,2025-09-18 09:58:56,Morning
TX_3352,CUST_9471,2025-09-18,09:58:56,4,Thursday,False,Cappuccino,320.0,980.0,cash,2025-09-18 09:58:56,Morning
TX_2278,CUST_8957,2025-09-18,10:14:30,4,Thursday,False,Espresso,230.0,230.0,card,2025-09-18 10:14:30,Morning
TX_2948,CUST_2331,2025-09-18,10:17:37,4,Thursday,False,Cappuccino,320.0,320.0,card,2025-09-18 10:17:37,Morning
TX_2678,CUST_8818,2025-09-18,10:29:28,4,Thursday,False,Raf coffee,420.0,420.0,card,2025-09-18 10:29:28,Morning
TX_0024,CUST_5270,2025-09-18,10:36:19,4,Thursday,False,Cappuccino,320.0,320.0,cash,2025-09-18 10:36:19,Morning
TX_1654,CUST_1036,2025-09-18,10:47:41,4,Thursday,False,Cappuccino,320.0,320.0,card,2025-09-18 10:47:41,Morning
TX_2132,CUST_4330,2025-09-18,10:47:46,4,Thursday,False,Latte,340.0,760.0,card,2025-09-18 10:47:46,Morning
TX_2132,CUST_4330,2025-09-18,10:47:46,4,Thursday,False,Raf coffee,420.0,760.0,card,2025-09-18 10:47:46,Morning
TX_3036,CUST_9971,2025-09-18,10:57:48,4,Thursday,False,Espresso,230.0,230.0,cash,2025-09-18 10:57:48,Morning
TX_1933,CUST_4213,2025-09-18,11:00:37,4,Thursday,False,Raf coffee,420.0,420.0,card,2025-09-18 11:00:37,Afternoon
TX_1984,CUST_9761,2025-09-18,11:03:48,4,Thursday,False,Latte,340.0,340.0,card,2025-09-18 11:03:48,Afternoon
TX_1307,CUST_3678,2025-09-18,12:15:30,4,Thursday,False,Warming drinks (tea),400.0,400.0,cash,2025-09-18 12:15:30,Afternoon
TX_2720,CUST_4045,2025-09-18,12:17:04,4,Thursday,False,Latte with add,440.0,440.0,card,2025-09-18 12:17:04,Afternoon
TX_2374,CUST_4865,2025-09-18,12:35:55,4,Thursday,False,Cappuccino,320.0,320.0,card,2025-09-18 12:35:55,Afternoon
TX_3207,CUST_5910,2025-09-18,12:43:19,4,Thursday,False,Latte,340.0,340.0,card,2025-09-18 12:43:19,Afternoon
TX_0512,CUST_7765,2025-09-18,12:53:46,4,Thursday,False,Latte,340.0,340.0,cash,2025-09-18 12:53:46,Afternoon
TX_1416,CUST_9491,2025-09-18,13:01:36,4,Thursday,False,Latte,340.0,340.0,cash,2025-09-18 13:01:36,Afternoon
TX_2128,CUST_9586,2025-09-18,13:16:04,4,Thursday,False,Latte with add,440.0,440.0,card,2025-09-18 13:16:04,Afternoon
TX_3056,CUST_4164,2025-09-18,13:25:20,4,Thursday,False,Latte,340.0,340.0,card,2025-09-18 13:25:20,Afternoon
TX_3475,CUST_1414,2025-09-18,13:28:07,4,Thursday,False,Latte,340.0,340.0,card,2025-09-18 13:28:07,Afternoon
TX_1264,CUST_6277,2025-09-18,13:31:18,4,Thursday,False,Latte with add,440.0,760.0,card,2025-09-18 13:31:18,Afternoon
TX_1264,CUST_6277,2025-09-18,13:31:18,4,Thursday,False,Cappuccino,320.0,760.0,card,2025-09-18 13:31:18,Afternoon
TX_3307,CUST_1220,2025-09-18,13:34:00,4,Thursday,False,Cappuccino,320.0,320.0,card,2025-09-18 13:34:00,Afternoon
TX_1378,CUST_3034,2025-09-18,13:39:06,4,Thursday,False,Latte,340.0,660.0,card,2025-09-18 13:39:06,Afternoon
TX_1378,CUST_3034,2025-09-18,13:39:06,4,Thursday,False,Cappuccino,320.0,660.0,card,2025-09-18 13:39:06,Afternoon
TX_3375,CUST_8103,2025-09-18,13:48:13,4,Thursday,False,Cappuccino,320.0,320.0,card,2025-09-18 13:48:13,Afternoon
TX_0222,CUST_2702,2025-09-18,13:57:59,4,Thursday,False,Latte,340.0,900.0,card,2025-09-18 13:57:59,Afternoon
TX_0222,CUST_2702,2025-09-18,13:57:59,4,Thursday,False,Cappuccino,320.0,900.0,card,2025-09-18 13:57:59,Afternoon
TX_0222,CUST_2702,2025-09-18,13:57:59,4,Thursday,False,Batch brew,240.0,900.0,card,2025-09-18 13:57:59,Afternoon
TX_1069,CUST_4165,2025-09-18,14:00:21,4,Thursday,False,Batch brew,240.0,240.0,card,2025-09-18 14:00:21,Afternoon
TX_3168,CUST_5212,2025-09-18,14:25:28,4,Thursday,False,Flat white,340.0,580.0,cash,2025-09-18 14:25:28,Afternoon
TX_3168,CUST_5212,2025-09-18,14:25:28,4,Thursday,False,Batch brew,240.0,580.0,cash,2025-09-18 14:25:28,Afternoon
TX_0709,CUST_6803,2025-09-18,14:27:22,4,Thursday,False,Latte,340.0,340.0,card,2025-09-18 14:27:22,Afternoon
TX_2124,CUST_8410,2025-09-18,15:00:28,4,Thursday,False,Batch brew,240.0,240.0,card,2025-09-18 15:00:28,Afternoon
TX_3123,CUST_6973,2025-09-18,15:23:36,4,Thursday,False,Cappuccino,320.0,760.0,card,2025-09-18 15:23:36,Afternoon
TX_3123,CUST_6973,2025-09-18,15:23:36,4,Thursday,False,Latte with add,440.0,760.0,card,2025-09-18 15:23:36,Afternoon
TX_3195,CUST_4032,2025-09-18,16:00:23,4,Thursday,False,Latte,340.0,780.0,cash,2025-09-18 16:00:23,Evening
TX_3195,CUST_4032,2025-09-18,16:00:23,4,Thursday,False,Latte with add,440.0,780.0,cash,2025-09-18 16:00:23,Evening
TX_2892,CUST_3738,2025-09-18,18:26:26,4,Thursday,False,Raf coffee,420.0,420.0,card,2025-09-18 18:26:26,Evening
TX_0867,CUST_1730,2025-09-18,19:10:54,4,Thursday,False,Batch brew,240.0,660.0,card,2025-09-18 19:10:54,Evening
TX_0867,CUST_1730,2025-09-18,19:10:54,4,Thursday,False,Raf coffee,420.0,660.0,card,2025-09-18 19:10:54,Evening
TX_3289,CUST_1607,2025-09-18,19:21:33,4,Thursday,False,Flat white,340.0,340.0,cash,2025-09-18 19:21:33,Evening
TX_3116,CUST_4154,2025-09-19,08:21:16,5,Friday,False,Cappuccino,320.0,320.0,cash,2025-09-19 08:21:16,Morning
TX_1729,CUST_1008,2025-09-19,08:40:08,5,Friday,False,Latte,340.0,340.0,card,2025-09-19 08:40:08,Morning
TX_2057,CUST_8477,2025-09-19,08:47:55,5,Friday,False,Cappuccino,320.0,560.0,cash,2025-09-19 08:47:55,Morning
TX_2057,CUST_8477,2025-09-19,08:47:55,5,Friday,False,Batch brew,240.0,560.0,cash,2025-09-19 08:47:55,Morning
TX_1328,CUST_8747,2025-09-19,09:24:04,5,Friday,False,Batch brew,240.0,240.0,card,2025-09-19 09:24:04,Morning
TX_1372,CUST_8869,2025-09-19,09:34:21,5,Friday,False,Cappuccino,320.0,640.0,cash,2025-09-19 09:34:21,Morning
TX_1372,CUST_8869,2025-09-19,09:34:21,5,Friday,False,Cappuccino,320.0,640.0,cash,2025-09-19 09:34:21,Morning
TX_0831,CUST_8832,2025-09-19,09:38:33,5,Friday,False,Batch brew,240.0,240.0,card,2025-09-19 09:38:33,Morning
TX_0884,CUST_9550,2025-09-19,09:42:28,5,Friday,False,Raf coffee,420.0,420.0,card,2025-09-19 09:42:28,Morning
TX_2767,CUST_1657,2025-09-19,09:42:52,5,Friday,False,Cappuccino,320.0,320.0,card,2025-09-19 09:42:52,Morning
TX_3428,CUST_8418,2025-09-19,09:43:25,5,Friday,False,Cappuccino,320.0,660.0,card,2025-09-19 09:43:25,Morning
TX_3428,CUST_8418,2025-09-19,09:43:25,5,Friday,False,Latte,340.0,660.0,card,2025-09-19 09:43:25,Morning
TX_2417,CUST_3287,2025-09-19,10:35:00,5,Friday,False,Latte,340.0,340.0,cash,2025-09-19 10:35:00,Morning
TX_3509,CUST_3412,2025-09-19,10:38:00,5,Friday,False,Espresso,230.0,230.0,cash,2025-09-19 10:38:00,Morning
TX_1879,CUST_4332,2025-09-19,12:28:37,5,Friday,False,Latte,340.0,340.0,card,2025-09-19 12:28:37,Afternoon
TX_2988,CUST_6374,2025-09-19,12:31:25,5,Friday,False,Latte,340.0,340.0,cash,2025-09-19 12:31:25,Afternoon
TX_2935,CUST_2406,2025-09-19,12:53:25,5,Friday,False,Batch brew,240.0,660.0,cash,2025-09-19 12:53:25,Afternoon
TX_2935,CUST_2406,2025-09-19,12:53:25,5,Friday,False,Raf coffee,420.0,660.0,cash,2025-09-19 12:53:25,Afternoon
TX_3399,CUST_3538,2025-09-19,12:55:58,5,Friday,False,Cappuccino,320.0,320.0,cash,2025-09-19 12:55:58,Afternoon
TX_0902,CUST_7007,2025-09-19,12:56:33,5,Friday,False,Raf coffee,420.0,740.0,card,2025-09-19 12:56:33,Afternoon
TX_0902,CUST_7007,2025-09-19,12:56:33,5,Friday,False,Cappuccino,320.0,740.0,card,2025-09-19 12:56:33,Afternoon
TX_1782,CUST_3452,2025-09-19,12:56:40,5,Friday,False,Espresso,230.0,230.0,card,2025-09-19 12:56:40,Afternoon
TX_1469,CUST_5527,2025-09-19,13:17:22,5,Friday,False,Batch brew,240.0,240.0,card,2025-09-19 13:17:22,Afternoon
TX_2160,CUST_4112,2025-09-19,13:17:56,5,Friday,False,Raf coffee,420.0,420.0,card,2025-09-19 13:17:56,Afternoon
TX_0780,CUST_2869,2025-09-19,13:18:18,5,Friday,False,Cappuccino,320.0,870.0,card,2025-09-19 13:18:18,Afternoon
TX_0780,CUST_2869,2025-09-19,13:18:18,5,Friday,False,Cappuccino,320.0,870.0,card,2025-09-19 13:18:18,Afternoon
TX_0780,CUST_2869,2025-09-19,13:18:18,5,Friday,False,Espresso,230.0,870.0,card,2025-09-19 13:18:18,Afternoon
TX_1492,CUST_9229,2025-09-19,13:22:06,5,Friday,False,Batch brew,240.0,240.0,cash,2025-09-19 13:22:06,Afternoon
TX_0365,CUST_1846,2025-09-19,13:27:50,5,Friday,False,Latte with add,440.0,440.0,cash,2025-09-19 13:27:50,Afternoon
TX_0799,CUST_5971,2025-09-19,13:29:51,5,Friday,False,Raf coffee,420.0,420.0,card,2025-09-19 13:29:51,Afternoon
TX_2411,CUST_2950,2025-09-19,13:44:34,5,Friday,False,Cappuccino,320.0,320.0,card,2025-09-19 13:44:34,Afternoon
TX_2713,CUST_8230,2025-09-19,13:45:10,5,Friday,False,Flat white,340.0,340.0,card,2025-09-19 13:45:10,Afternoon
TX_0782,CUST_8944,2025-09-19,13:46:39,5,Friday,False,Espresso,230.0,230.0,cash,2025-09-19 13:46:39,Afternoon
TX_1437,CUST_8242,2025-09-19,13:54:47,5,Friday,False,Batch brew,240.0,240.0,cash,2025-09-19 13:54:47,Afternoon
TX_2138,CUST_7880,2025-09-19,13:58:33,5,Friday,False,Latte,340.0,570.0,card,2025-09-19 13:58:33,Afternoon
TX_2138,CUST_7880,2025-09-19,13:58:33,5,Friday,False,Espresso,230.0,570.0,card,2025-09-19 13:58:33,Afternoon
TX_3260,CUST_3030,2025-09-19,14:00:14,5,Friday,False,Cappuccino,320.0,320.0,card,2025-09-19 14:00:14,Afternoon
TX_2235,CUST_4616,2025-09-19,14:13:46,5,Friday,False,Cappuccino,320.0,320.0,card,2025-09-19 14:13:46,Afternoon
TX_0684,CUST_7775,2025-09-19,14:29:04,5,Friday,False,Warming drinks (tea),400.0,1140.0,card,2025-09-19 14:29:04,Afternoon
TX_0684,CUST_7775,2025-09-19,14:29:04,5,Friday,False,Warming drinks (tea),400.0,1140.0,card,2025-09-19 14:29:04,Afternoon
TX_0684,CUST_7775,2025-09-19,14:29:04,5,Friday,False,Latte,340.0,1140.0,card,2025-09-19 14:29:04,Afternoon
TX_2439,CUST_8272,2025-09-19,17:34:23,5,Friday,False,Latte,340.0,660.0,card,2025-09-19 17:34:23,Evening
TX_2439,CUST_8272,2025-09-19,17:34:23,5,Friday,False,Cappuccino,320.0,660.0,card,2025-09-19 17:34:23,Evening
TX_1456,CUST_9927,2025-09-19,17:46:58,5,Friday,False,Batch brew,240.0,240.0,card,2025-09-19 17:46:58,Evening
TX_3156,CUST_1463,2025-09-19,18:06:04,5,Friday,False,Latte,340.0,340.0,cash,2025-09-19 18:06:04,Evening
TX_3069,CUST_2897,2025-09-19,18:07:14,5,Friday,False,Latte,340.0,340.0,card,2025-09-19 18:07:14,Evening
TX_0407,CUST_2385,2025-09-19,18:21:27,5,Friday,False,Cappuccino,320.0,320.0,card,2025-09-19 18:21:27,Evening
TX_2548,CUST_2755,2025-09-19,18:26:47,5,Friday,False,Latte with add,440.0,440.0,card,2025-09-19 18:26:47,Evening
TX_3170,CUST_2796,2025-09-19,18:35:43,5,Friday,False,Batch brew,240.0,240.0,card,2025-09-19 18:35:43,Evening
TX_1725,CUST_4929,2025-09-20,08:00:05,6,Saturday,True,Batch brew,240.0,240.0,cash,2025-09-20 08:00:05,Morning
TX_1000,CUST_4404,2025-09-20,08:40:09,6,Saturday,True,Latte,340.0,780.0,cash,2025-09-20 08:40:09,Morning
TX_1000,CUST_4404,2025-09-20,08:40:09,6,Saturday,True,Latte with add,440.0,780.0,cash,2025-09-20 08:40:09,Morning
TX_1703,CUST_7930,2025-09-20,08:52:34,6,Saturday,True,Batch brew,240.0,240.0,card,2025-09-20 08:52:34,Morning
TX_0193,CUST_3631,2025-09-20,08:58:44,6,Saturday,True,Latte,340.0,340.0,card,2025-09-20 08:58:44,Morning
TX_1365,CUST_1957,2025-09-20,09:05:06,6,Saturday,True,Latte,340.0,1220.0,cash,2025-09-20 09:05:06,Morning
TX_1365,CUST_1957,2025-09-20,09:05:06,6,Saturday,True,Latte with add,440.0,1220.0,cash,2025-09-20 09:05:06,Morning
TX_1365,CUST_1957,2025-09-20,09:05:06,6,Saturday,True,Latte with add,440.0,1220.0,cash,2025-09-20 09:05:06,Morning
TX_0694,CUST_8260,2025-09-20,09:16:58,6,Saturday,True,Batch brew,240.0,240.0,card,2025-09-20 09:16:58,Morning
TX_3450,CUST_7891,2025-09-20,09:36:31,6,Saturday,True,Cappuccino,320.0,320.0,card,2025-09-20 09:36:31,Morning
TX_1513,CUST_6723,2025-09-20,09:38:12,6,Saturday,True,Latte,340.0,340.0,cash,2025-09-20 09:38:12,Morning
TX_1580,CUST_8064,2025-09-20,09:49:44,6,Saturday,True,Raf coffee,420.0,420.0,card,2025-09-20 09:49:44,Morning
TX_3462,CUST_2549,2025-09-20,10:15:14,6,Saturday,True,Espresso,230.0,230.0,card,2025-09-20 10:15:14,Morning
TX_3077,CUST_4354,2025-09-20,12:31:29,6,Saturday,True,Raf coffee,420.0,1000.0,cash,2025-09-20 12:31:29,Afternoon
TX_3077,CUST_4354,2025-09-20,12:31:29,6,Saturday,True,Latte,340.0,1000.0,cash,2025-09-20 12:31:29,Afternoon
TX_3077,CUST_4354,2025-09-20,12:31:29,6,Saturday,True,Batch brew,240.0,1000.0,cash,2025-09-20 12:31:29,Afternoon
TX_0388,CUST_8212,2025-09-20,12:49:35,6,Saturday,True,Batch brew,240.0,560.0,card,2025-09-20 12:49:35,Afternoon
TX_0388,CUST_8212,2025-09-20,12:49:35,6,Saturday,True,Cappuccino,320.0,560.0,card,2025-09-20 12:49:35,Afternoon
TX_3047,CUST_5807,2025-09-20,13:00:16,6,Saturday,True,Flat white,340.0,340.0,cash,2025-09-20 13:00:16,Afternoon
TX_0962,CUST_1657,2025-09-20,13:20:48,6,Saturday,True,Cappuccino,320.0,320.0,card,2025-09-20 13:20:48,Afternoon
TX_1213,CUST_8553,2025-09-20,13:21:24,6,Saturday,True,Raf coffee,420.0,860.0,card,2025-09-20 13:21:24,Afternoon
TX_1213,CUST_8553,2025-09-20,13:21:24,6,Saturday,True,Latte with add,440.0,860.0,card,2025-09-20 13:21:24,Afternoon
TX_1242,CUST_1699,2025-09-20,13:22:14,6,Saturday,True,Latte,340.0,680.0,card,2025-09-20 13:22:14,Afternoon
TX_1242,CUST_1699,2025-09-20,13:22:14,6,Saturday,True,Latte,340.0,680.0,card,2025-09-20 13:22:14,Afternoon
TX_1048,CUST_2181,2025-09-20,13:27:41,6,Saturday,True,Espresso,230.0,230.0,card,2025-09-20 13:27:41,Afternoon
TX_1122,CUST_9266,2025-09-20,13:48:25,6,Saturday,True,Latte,340.0,1120.0,cash,2025-09-20 13:48:25,Afternoon
TX_1122,CUST_9266,2025-09-20,13:48:25,6,Saturday,True,Latte with add,440.0,1120.0,cash,2025-09-20 13:48:25,Afternoon
TX_1122,CUST_9266,2025-09-20,13:48:25,6,Saturday,True,Latte,340.0,1120.0,cash,2025-09-20 13:48:25,Afternoon
TX_2860,CUST_5935,2025-09-20,14:01:18,6,Saturday,True,Batch brew,240.0,240.0,card,2025-09-20 14:01:18,Afternoon
TX_0674,CUST_3014,2025-09-20,14:12:19,6,Saturday,True,Cappuccino,320.0,660.0,card,2025-09-20 14:12:19,Afternoon
TX_0674,CUST_3014,2025-09-20,14:12:19,6,Saturday,True,Latte,340.0,660.0,card,2025-09-20 14:12:19,Afternoon
TX_0083,CUST_6729,2025-09-20,14:12:51,6,Saturday,True,Latte,340.0,340.0,cash,2025-09-20 14:12:51,Afternoon
TX_0482,CUST_8418,2025-09-20,14:15:44,6,Saturday,True,Warming drinks (tea),400.0,1040.0,card,2025-09-20 14:15:44,Afternoon
TX_0482,CUST_8418,2025-09-20,14:15:44,6,Saturday,True,Cappuccino,320.0,1040.0,card,2025-09-20 14:15:44,Afternoon
TX_0482,CUST_8418,2025-09-20,14:15:44,6,Saturday,True,Cappuccino,320.0,1040.0,card,2025-09-20 14:15:44,Afternoon
TX_2268,CUST_1575,2025-09-20,14:25:34,6,Saturday,True,Latte with add,440.0,440.0,card,2025-09-20 14:25:34,Afternoon
TX_0030,CUST_3451,2025-09-20,14:26:34,6,Saturday,True,Cappuccino,320.0,320.0,cash,2025-09-20 14:26:34,Afternoon
TX_1174,CUST_2192,2025-09-20,14:38:37,6,Saturday,True,Espresso,230.0,230.0,cash,2025-09-20 14:38:37,Afternoon
TX_1677,CUST_7199,2025-09-20,14:58:43,6,Saturday,True,Cappuccino,320.0,320.0,cash,2025-09-20 14:58:43,Afternoon
TX_1041,CUST_1107,2025-09-20,15:05:38,6,Saturday,True,Cappuccino,320.0,720.0,card,2025-09-20 15:05:38,Afternoon
TX_1041,CUST_1107,2025-09-20,15:05:38,6,Saturday,True,Warming drinks (tea),400.0,720.0,card,2025-09-20 15:05:38,Afternoon
TX_2394,CUST_5693,2025-09-20,15:32:57,6,Saturday,True,Raf coffee,420.0,420.0,card,2025-09-20 15:32:57,Afternoon
TX_0844,CUST_8647,2025-09-20,17:45:19,6,Saturday,True,Espresso,230.0,550.0,card,2025-09-20 17:45:19,Evening
TX_0844,CUST_8647,2025-09-20,17:45:19,6,Saturday,True,Cappuccino,320.0,550.0,card,2025-09-20 17:45:19,Evening
TX_1381,CUST_9813,2025-09-20,18:01:45,6,Saturday,True,Cappuccino,320.0,320.0,card,2025-09-20 18:01:45,Evening
TX_3159,CUST_3077,2025-09-20,18:12:23,6,Saturday,True,Espresso,230.0,870.0,card,2025-09-20 18:12:23,Evening
TX_3159,CUST_3077,2025-09-20,18:12:23,6,Saturday,True,Warming drinks (tea),400.0,870.0,card,2025-09-20 18:12:23,Evening
TX_3159,CUST_3077,2025-09-20,18:12:23,6,Saturday,True,Batch brew,240.0,870.0,card,2025-09-20 18:12:23,Evening
TX_0865,CUST_6812,2025-09-20,18:23:10,6,Saturday,True,Latte with add,440.0,440.0,cash,2025-09-20 18:23:10,Evening
TX_0814,CUST_3753,2025-09-20,18:24:34,6,Saturday,True,Latte,340.0,340.0,cash,2025-09-20 18:24:34,Evening
TX_2485,CUST_3722,2025-09-20,19:44:50,6,Saturday,True,Cappuccino,320.0,320.0,cash,2025-09-20 19:44:50,Evening
TX_1534,CUST_9400,2025-09-21,08:46:45,7,Sunday,True,Latte with add,440.0,440.0,card,2025-09-21 08:46:45,Morning
TX_1563,CUST_8972,2025-09-21,09:11:20,7,Sunday,True,Latte,340.0,340.0,card,2025-09-21 09:11:20,Morning
TX_2876,CUST_8412,2025-09-21,09:19:53,7,Sunday,True,Latte,340.0,340.0,card,2025-09-21 09:19:53,Morning
TX_2773,CUST_4734,2025-09-21,09:58:53,7,Sunday,True,Warming drinks (tea),400.0,400.0,card,2025-09-21 09:58:53,Morning
TX_1176,CUST_7552,2025-09-21,09:59:31,7,Sunday,True,Batch brew,240.0,920.0,card,2025-09-21 09:59:31,Morning
TX_1176,CUST_7552,2025-09-21,09:59:31,7,Sunday,True,Latte,340.0,920.0,card,2025-09-21 09:59:31,Morning
TX_1176,CUST_7552,2025-09-21,09:59:31,7,Sunday,True,Flat white,340.0,920.0,card,2025-09-21 09:59:31,Morning
TX_1044,CUST_9377,2025-09-21,10:09:30,7,Sunday,True,Flat white,340.0,340.0,card,2025-09-21 10:09:30,Morning
TX_2204,CUST_5456,2025-09-21,11:06:37,7,Sunday,True,Espresso,230.0,230.0,card,2025-09-21 11:06:37,Afternoon
TX_0542,CUST_2261,2025-09-21,12:11:58,7,Sunday,True,Batch brew,240.0,240.0,card,2025-09-21 12:11:58,Afternoon
TX_0796,CUST_5922,2025-09-21,12:16:09,7,Sunday,True,Latte with add,440.0,440.0,card,2025-09-21 12:16:09,Afternoon
TX_3349,CUST_7602,2025-09-21,12:18:08,7,Sunday,True,Raf coffee,420.0,660.0,cash,2025-09-21 12:18:08,Afternoon
TX_3349,CUST_7602,2025-09-21,12:18:08,7,Sunday,True,Batch brew,240.0,660.0,cash,2025-09-21 12:18:08,Afternoon
TX_0251,CUST_1665,2025-09-21,12:26:24,7,Sunday,True,Espresso,230.0,230.0,card,2025-09-21 12:26:24,Afternoon
TX_2685,CUST_1704,2025-09-21,13:01:44,7,Sunday,True,Raf coffee,420.0,760.0,card,2025-09-21 13:01:44,Afternoon
TX_2685,CUST_1704,2025-09-21,13:01:44,7,Sunday,True,Latte,340.0,760.0,card,2025-09-21 13:01:44,Afternoon
TX_3529,CUST_2632,2025-09-21,13:06:51,7,Sunday,True,Cappuccino,320.0,740.0,card,2025-09-21 13:06:51,Afternoon
TX_3529,CUST_2632,2025-09-21,13:06:51,7,Sunday,True,Raf coffee,420.0,740.0,card,2025-09-21 13:06:51,Afternoon
TX_2271,CUST_8696,2025-09-21,13:12:35,7,Sunday,True,Cappuccino,320.0,320.0,card,2025-09-21 13:12:35,Afternoon
TX_1800,CUST_2510,2025-09-21,13:40:09,7,Sunday,True,Latte with add,440.0,440.0,cash,2025-09-21 13:40:09,Afternoon
TX_1127,CUST_7538,2025-09-21,13:40:30,7,Sunday,True,Latte,340.0,340.0,card,2025-09-21 13:40:30,Afternoon
TX_2881,CUST_1239,2025-09-21,13:52:54,7,Sunday,True,Cappuccino,320.0,320.0,card,2025-09-21 13:52:54,Afternoon
TX_1523,CUST_4389,2025-09-21,14:12:53,7,Sunday,True,Latte with add,440.0,440.0,card,2025-09-21 14:12:53,Afternoon
TX_3276,CUST_7733,2025-09-21,14:27:36,7,Sunday,True,Latte,340.0,340.0,card,2025-09-21 14:27:36,Afternoon
TX_1148,CUST_8650,2025-09-21,14:31:01,7,Sunday,True,Latte,340.0,340.0,card,2025-09-21 14:31:01,Afternoon
TX_2226,CUST_1939,2025-09-21,14:41:05,7,Sunday,True,Latte with add,440.0,440.0,card,2025-09-21 14:41:05,Afternoon
TX_0144,CUST_1381,2025-09-21,15:36:42,7,Sunday,True,Cappuccino,320.0,720.0,card,2025-09-21 15:36:42,Afternoon
TX_0144,CUST_1381,2025-09-21,15:36:42,7,Sunday,True,Warming drinks (tea),400.0,720.0,card,2025-09-21 15:36:42,Afternoon
TX_2437,CUST_7776,2025-09-21,16:36:42,7,Sunday,True,Batch brew,240.0,240.0,card,2025-09-21 16:36:42,Evening
TX_1494,CUST_6059,2025-09-21,17:27:04,7,Sunday,True,Cappuccino,320.0,320.0,card,2025-09-21 17:27:04,Evening
TX_1363,CUST_2125,2025-09-21,17:31:41,7,Sunday,True,Flat white,340.0,340.0,card,2025-09-21 17:31:41,Evening
TX_3247,CUST_7013,2025-09-21,17:55:31,7,Sunday,True,Espresso,230.0,230.0,cash,2025-09-21 17:55:31,Evening
TX_1455,CUST_5883,2025-09-21,18:04:43,7,Sunday,True,Flat white,340.0,340.0,cash,2025-09-21 18:04:43,Evening
TX_0480,CUST_7131,2025-09-21,18:16:40,7,Sunday,True,Cappuccino,320.0,760.0,card,2025-09-21 18:16:40,Evening
TX_0480,CUST_7131,2025-09-21,18:16:40,7,Sunday,True,Latte with add,440.0,760.0,card,2025-09-21 18:16:40,Evening
TX_0676,CUST_4047,2025-09-21,18:35:06,7,Sunday,True,Flat white,340.0,340.0,cash,2025-09-21 18:35:06,Evening
TX_1593,CUST_8996,2025-09-21,19:17:45,7,Sunday,True,Latte,340.0,580.0,cash,2025-09-21 19:17:45,Evening
TX_1593,CUST_8996,2025-09-21,19:17:45,7,Sunday,True,Batch brew,240.0,580.0,cash,2025-09-21 19:17:45,Evening
TX_0965,CUST_1236,2025-09-22,08:00:09,1,Monday,False,Latte with add,440.0,440.0,cash,2025-09-22 08:00:09,Morning
TX_3330,CUST_3232,2025-09-22,08:02:23,1,Monday,False,Latte,340.0,340.0,card,2025-09-22 08:02:23,Morning
TX_0415,CUST_8685,2025-09-22,08:08:16,1,Monday,False,Latte,340.0,780.0,card,2025-09-22 08:08:16,Morning
TX_0415,CUST_8685,2025-09-22,08:08:16,1,Monday,False,Latte with add,440.0,780.0,card,2025-09-22 08:08:16,Morning
TX_1302,CUST_7792,2025-09-22,09:01:28,1,Monday,False,Flat white,340.0,340.0,cash,2025-09-22 09:01:28,Morning
TX_0944,CUST_3282,2025-09-22,09:16:43,1,Monday,False,Raf coffee,420.0,420.0,cash,2025-09-22 09:16:43,Morning
TX_0211,CUST_1807,2025-09-22,09:33:07,1,Monday,False,Latte,340.0,900.0,cash,2025-09-22 09:33:07,Morning
TX_0211,CUST_1807,2025-09-22,09:33:07,1,Monday,False,Batch brew,240.0,900.0,cash,2025-09-22 09:33:07,Morning
TX_0211,CUST_1807,2025-09-22,09:33:07,1,Monday,False,Cappuccino,320.0,900.0,cash,2025-09-22 09:33:07,Morning
TX_1615,CUST_1634,2025-09-22,09:41:34,1,Monday,False,Flat white,340.0,340.0,card,2025-09-22 09:41:34,Morning
TX_1199,CUST_3916,2025-09-22,09:44:53,1,Monday,False,Latte,340.0,340.0,card,2025-09-22 09:44:53,Morning
TX_2964,CUST_7363,2025-09-22,10:08:43,1,Monday,False,Batch brew,240.0,240.0,card,2025-09-22 10:08:43,Morning
TX_2308,CUST_8526,2025-09-22,10:15:16,1,Monday,False,Latte,340.0,340.0,card,2025-09-22 10:15:16,Morning
TX_0425,CUST_7506,2025-09-22,10:28:04,1,Monday,False,Batch brew,240.0,660.0,cash,2025-09-22 10:28:04,Morning
TX_0425,CUST_7506,2025-09-22,10:28:04,1,Monday,False,Raf coffee,420.0,660.0,cash,2025-09-22 10:28:04,Morning
TX_1793,CUST_1702,2025-09-22,10:56:57,1,Monday,False,Batch brew,240.0,240.0,card,2025-09-22 10:56:57,Morning
TX_1982,CUST_7585,2025-09-22,11:52:15,1,Monday,False,Batch brew,240.0,240.0,card,2025-09-22 11:52:15,Afternoon
TX_3211,CUST_2370,2025-09-22,12:08:57,1,Monday,False,Latte,340.0,340.0,card,2025-09-22 12:08:57,Afternoon
TX_2379,CUST_5044,2025-09-22,12:11:25,1,Monday,False,Cappuccino,320.0,320.0,cash,2025-09-22 12:11:25,Afternoon
TX_0291,CUST_4049,2025-09-22,12:33:05,1,Monday,False,Cappuccino,320.0,320.0,cash,2025-09-22 12:33:05,Afternoon
TX_1975,CUST_7247,2025-09-22,13:09:29,1,Monday,False,Cappuccino,320.0,320.0,card,2025-09-22 13:09:29,Afternoon
TX_0945,CUST_5298,2025-09-22,13:11:58,1,Monday,False,Batch brew,240.0,900.0,cash,2025-09-22 13:11:58,Afternoon
TX_0945,CUST_5298,2025-09-22,13:11:58,1,Monday,False,Latte,340.0,900.0,cash,2025-09-22 13:11:58,Afternoon
TX_0945,CUST_5298,2025-09-22,13:11:58,1,Monday,False,Cappuccino,320.0,900.0,cash,2025-09-22 13:11:58,Afternoon
TX_0642,CUST_8747,2025-09-22,13:13:50,1,Monday,False,Cappuccino,320.0,320.0,card,2025-09-22 13:13:50,Afternoon
TX_0319,CUST_1925,2025-09-22,13:14:55,1,Monday,False,Cappuccino,320.0,320.0,cash,2025-09-22 13:14:55,Afternoon
TX_2217,CUST_3515,2025-09-22,13:21:24,1,Monday,False,Batch brew,240.0,240.0,card,2025-09-22 13:21:24,Afternoon
TX_0879,CUST_5119,2025-09-22,13:22:44,1,Monday,False,Espresso,230.0,230.0,cash,2025-09-22 13:22:44,Afternoon
TX_0202,CUST_6454,2025-09-22,13:27:05,1,Monday,False,Latte,340.0,340.0,card,2025-09-22 13:27:05,Afternoon
TX_3425,CUST_9890,2025-09-22,13:27:40,1,Monday,False,Raf coffee,420.0,420.0,cash,2025-09-22 13:27:40,Afternoon
TX_3155,CUST_9386,2025-09-22,13:30:04,1,Monday,False,Latte,340.0,340.0,card,2025-09-22 13:30:04,Afternoon
TX_1922,CUST_7115,2025-09-22,13:30:24,1,Monday,False,Cappuccino,320.0,560.0,card,2025-09-22 13:30:24,Afternoon
TX_1922,CUST_7115,2025-09-22,13:30:24,1,Monday,False,Batch brew,240.0,560.0,card,2025-09-22 13:30:24,Afternoon
TX_1650,CUST_1235,2025-09-22,13:39:26,1,Monday,False,Raf coffee,420.0,1060.0,card,2025-09-22 13:39:26,Afternoon
TX_1650,CUST_1235,2025-09-22,13:39:26,1,Monday,False,Cappuccino,320.0,1060.0,card,2025-09-22 13:39:26,Afternoon
TX_1650,CUST_1235,2025-09-22,13:39:26,1,Monday,False,Cappuccino,320.0,1060.0,card,2025-09-22 13:39:26,Afternoon
TX_1425,CUST_1177,2025-09-22,13:40:34,1,Monday,False,Cappuccino,320.0,980.0,card,2025-09-22 13:40:34,Afternoon
TX_1425,CUST_1177,2025-09-22,13:40:34,1,Monday,False,Flat white,340.0,980.0,card,2025-09-22 13:40:34,Afternoon
TX_1425,CUST_1177,2025-09-22,13:40:34,1,Monday,False,Cappuccino,320.0,980.0,card,2025-09-22 13:40:34,Afternoon
TX_1383,CUST_8910,2025-09-22,13:41:51,1,Monday,False,Batch brew,240.0,240.0,cash,2025-09-22 13:41:51,Afternoon
TX_1672,CUST_2951,2025-09-22,13:43:52,1,Monday,False,Espresso,230.0,230.0,cash,2025-09-22 13:43:52,Afternoon
TX_0059,CUST_7727,2025-09-22,14:02:48,1,Monday,False,Warming drinks (tea),400.0,400.0,cash,2025-09-22 14:02:48,Afternoon
TX_0981,CUST_6216,2025-09-22,14:03:03,1,Monday,False,Latte,340.0,340.0,card,2025-09-22 14:03:03,Afternoon
TX_2153,CUST_9351,2025-09-22,14:17:08,1,Monday,False,Latte with add,440.0,780.0,cash,2025-09-22 14:17:08,Afternoon
TX_2153,CUST_9351,2025-09-22,14:17:08,1,Monday,False,Latte,340.0,780.0,cash,2025-09-22 14:17:08,Afternoon
TX_1827,CUST_9946,2025-09-22,14:22:59,1,Monday,False,Latte,340.0,340.0,card,2025-09-22 14:22:59,Afternoon
TX_0442,CUST_6998,2025-09-22,14:29:14,1,Monday,False,Flat white,340.0,340.0,cash,2025-09-22 14:29:14,Afternoon
TX_2688,CUST_3819,2025-09-22,14:40:28,1,Monday,False,Cappuccino,320.0,320.0,card,2025-09-22 14:40:28,Afternoon
TX_2166,CUST_5369,2025-09-22,17:16:06,1,Monday,False,Batch brew,240.0,580.0,card,2025-09-22 17:16:06,Evening
TX_2166,CUST_5369,2025-09-22,17:16:06,1,Monday,False,Latte,340.0,580.0,card,2025-09-22 17:16:06,Evening
TX_2570,CUST_5284,2025-09-22,17:25:51,1,Monday,False,Batch brew,240.0,580.0,card,2025-09-22 17:25:51,Evening
TX_2570,CUST_5284,2025-09-22,17:25:51,1,Monday,False,Flat white,340.0,580.0,card,2025-09-22 17:25:51,Evening
TX_3023,CUST_5618,2025-09-22,17:32:15,1,Monday,False,Batch brew,240.0,640.0,card,2025-09-22 17:32:15,Evening
TX_3023,CUST_5618,2025-09-22,17:32:15,1,Monday,False,Warming drinks (tea),400.0,640.0,card,2025-09-22 17:32:15,Evening
TX_3511,CUST_4288,2025-09-22,18:23:56,1,Monday,False,Warming drinks (tea),400.0,740.0,card,2025-09-22 18:23:56,Evening
TX_3511,CUST_4288,2025-09-22,18:23:56,1,Monday,False,Flat white,340.0,740.0,card,2025-09-22 18:23:56,Evening
TX_2937,CUST_5771,2025-09-23,08:14:37,2,Tuesday,False,Warming drinks (tea),400.0,400.0,card,2025-09-23 08:14:37,Morning
TX_1477,CUST_6262,2025-09-23,08:43:08,2,Tuesday,False,Batch brew,240.0,680.0,card,2025-09-23 08:43:08,Morning
TX_1477,CUST_6262,2025-09-23,08:43:08,2,Tuesday,False,Latte with add,440.0,680.0,card,2025-09-23 08:43:08,Morning
TX_2612,CUST_7511,2025-09-23,08:58:50,2,Tuesday,False,Cappuccino,320.0,320.0,cash,2025-09-23 08:58:50,Morning
TX_0464,CUST_3752,2025-09-23,09:11:04,2,Tuesday,False,Warming drinks (tea),400.0,640.0,cash,2025-09-23 09:11:04,Morning
TX_0464,CUST_3752,2025-09-23,09:11:04,2,Tuesday,False,Batch brew,240.0,640.0,cash,2025-09-23 09:11:04,Morning
TX_0817,CUST_9597,2025-09-23,09:26:09,2,Tuesday,False,Flat white,340.0,340.0,cash,2025-09-23 09:26:09,Morning
TX_2929,CUST_7050,2025-09-23,09:36:46,2,Tuesday,False,Latte,340.0,340.0,cash,2025-09-23 09:36:46,Morning
TX_1624,CUST_8003,2025-09-23,09:38:14,2,Tuesday,False,Raf coffee,420.0,420.0,cash,2025-09-23 09:38:14,Morning
TX_0008,CUST_4567,2025-09-23,09:38:17,2,Tuesday,False,Latte with add,440.0,440.0,cash,2025-09-23 09:38:17,Morning
TX_0133,CUST_4071,2025-09-23,09:45:59,2,Tuesday,False,Batch brew,240.0,640.0,card,2025-09-23 09:45:59,Morning
TX_0133,CUST_4071,2025-09-23,09:45:59,2,Tuesday,False,Warming drinks (tea),400.0,640.0,card,2025-09-23 09:45:59,Morning
TX_2610,CUST_2888,2025-09-23,09:50:59,2,Tuesday,False,Latte,340.0,340.0,card,2025-09-23 09:50:59,Morning
TX_0036,CUST_7954,2025-09-23,10:05:32,2,Tuesday,False,Cappuccino,320.0,320.0,card,2025-09-23 10:05:32,Morning
TX_1531,CUST_7354,2025-09-23,10:23:17,2,Tuesday,False,Latte with add,440.0,440.0,card,2025-09-23 10:23:17,Morning
TX_3022,CUST_3159,2025-09-23,10:23:33,2,Tuesday,False,Cappuccino,320.0,320.0,cash,2025-09-23 10:23:33,Morning
TX_2847,CUST_6567,2025-09-23,10:35:16,2,Tuesday,False,Warming drinks (tea),400.0,400.0,card,2025-09-23 10:35:16,Morning
TX_0947,CUST_1772,2025-09-23,12:20:18,2,Tuesday,False,Latte with add,440.0,1100.0,cash,2025-09-23 12:20:18,Afternoon
TX_0947,CUST_1772,2025-09-23,12:20:18,2,Tuesday,False,Cappuccino,320.0,1100.0,cash,2025-09-23 12:20:18,Afternoon
TX_0947,CUST_1772,2025-09-23,12:20:18,2,Tuesday,False,Latte,340.0,1100.0,cash,2025-09-23 12:20:18,Afternoon
TX_2808,CUST_4167,2025-09-23,12:38:33,2,Tuesday,False,Latte,340.0,340.0,card,2025-09-23 12:38:33,Afternoon
TX_1935,CUST_2980,2025-09-23,12:43:01,2,Tuesday,False,Latte,340.0,340.0,cash,2025-09-23 12:43:01,Afternoon
TX_0530,CUST_4487,2025-09-23,12:47:38,2,Tuesday,False,Batch brew,240.0,240.0,card,2025-09-23 12:47:38,Afternoon
TX_0299,CUST_8093,2025-09-23,12:51:49,2,Tuesday,False,Latte,340.0,660.0,card,2025-09-23 12:51:49,Afternoon
TX_0299,CUST_8093,2025-09-23,12:51:49,2,Tuesday,False,Cappuccino,320.0,660.0,card,2025-09-23 12:51:49,Afternoon
TX_0774,CUST_4834,2025-09-23,13:14:48,2,Tuesday,False,Flat white,340.0,340.0,card,2025-09-23 13:14:48,Afternoon
TX_2109,CUST_6368,2025-09-23,13:29:53,2,Tuesday,False,Latte with add,440.0,440.0,card,2025-09-23 13:29:53,Afternoon
TX_0853,CUST_5971,2025-09-23,13:33:52,2,Tuesday,False,Cappuccino,320.0,320.0,cash,2025-09-23 13:33:52,Afternoon
TX_1221,CUST_9220,2025-09-23,13:41:16,2,Tuesday,False,Cappuccino,320.0,320.0,card,2025-09-23 13:41:16,Afternoon
TX_3314,CUST_1333,2025-09-23,14:04:54,2,Tuesday,False,Cappuccino,320.0,320.0,card,2025-09-23 14:04:54,Afternoon
TX_2081,CUST_9715,2025-09-23,14:16:02,2,Tuesday,False,Espresso,230.0,1010.0,card,2025-09-23 14:16:02,Afternoon
TX_2081,CUST_9715,2025-09-23,14:16:02,2,Tuesday,False,Latte with add,440.0,1010.0,card,2025-09-23 14:16:02,Afternoon
TX_2081,CUST_9715,2025-09-23,14:16:02,2,Tuesday,False,Latte,340.0,1010.0,card,2025-09-23 14:16:02,Afternoon
TX_0915,CUST_5328,2025-09-23,15:03:36,2,Tuesday,False,Raf coffee,420.0,1090.0,card,2025-09-23 15:03:36,Afternoon
TX_0915,CUST_5328,2025-09-23,15:03:36,2,Tuesday,False,Latte with add,440.0,1090.0,card,2025-09-23 15:03:36,Afternoon
TX_0915,CUST_5328,2025-09-23,15:03:36,2,Tuesday,False,Espresso,230.0,1090.0,card,2025-09-23 15:03:36,Afternoon
TX_1089,CUST_7755,2025-09-23,15:04:10,2,Tuesday,False,Batch brew,240.0,470.0,card,2025-09-23 15:04:10,Afternoon
TX_1089,CUST_7755,2025-09-23,15:04:10,2,Tuesday,False,Espresso,230.0,470.0,card,2025-09-23 15:04:10,Afternoon
TX_2874,CUST_2836,2025-09-23,18:59:24,2,Tuesday,False,Latte with add,440.0,760.0,card,2025-09-23 18:59:24,Evening
TX_2874,CUST_2836,2025-09-23,18:59:24,2,Tuesday,False,Cappuccino,320.0,760.0,card,2025-09-23 18:59:24,Evening
TX_1979,CUST_7567,2025-09-23,19:01:39,2,Tuesday,False,Cappuccino,320.0,320.0,card,2025-09-23 19:01:39,Evening
TX_0032,CUST_7604,2025-09-24,08:36:45,3,Wednesday,False,Espresso,230.0,230.0,card,2025-09-24 08:36:45,Morning
TX_2176,CUST_3986,2025-09-24,09:03:29,3,Wednesday,False,Batch brew,240.0,240.0,card,2025-09-24 09:03:29,Morning
TX_0357,CUST_2392,2025-09-24,09:09:33,3,Wednesday,False,Cappuccino,320.0,320.0,card,2025-09-24 09:09:33,Morning
TX_3297,CUST_6649,2025-09-24,09:23:27,3,Wednesday,False,Latte with add,440.0,440.0,card,2025-09-24 09:23:27,Morning
TX_2460,CUST_4210,2025-09-24,09:25:33,3,Wednesday,False,Latte,340.0,340.0,card,2025-09-24 09:25:33,Morning
TX_1061,CUST_1172,2025-09-24,09:26:46,3,Wednesday,False,Cappuccino,320.0,640.0,card,2025-09-24 09:26:46,Morning
TX_1061,CUST_1172,2025-09-24,09:26:46,3,Wednesday,False,Cappuccino,320.0,640.0,card,2025-09-24 09:26:46,Morning
TX_1517,CUST_7518,2025-09-24,09:30:42,3,Wednesday,False,Flat white,340.0,340.0,cash,2025-09-24 09:30:42,Morning
TX_0652,CUST_4953,2025-09-24,09:32:53,3,Wednesday,False,Flat white,340.0,340.0,card,2025-09-24 09:32:53,Morning
TX_0212,CUST_6175,2025-09-24,09:35:00,3,Wednesday,False,Warming drinks (tea),400.0,640.0,card,2025-09-24 09:35:00,Morning
TX_0212,CUST_6175,2025-09-24,09:35:00,3,Wednesday,False,Batch brew,240.0,640.0,card,2025-09-24 09:35:00,Morning
TX_2053,CUST_6378,2025-09-24,09:38:35,3,Wednesday,False,Latte with add,440.0,680.0,card,2025-09-24 09:38:35,Morning
TX_2053,CUST_6378,2025-09-24,09:38:35,3,Wednesday,False,Batch brew,240.0,680.0,card,2025-09-24 09:38:35,Morning
TX_1202,CUST_1974,2025-09-24,09:39:16,3,Wednesday,False,Batch brew,240.0,240.0,cash,2025-09-24 09:39:16,Morning
TX_2774,CUST_3464,2025-09-24,09:40:33,3,Wednesday,False,Cappuccino,320.0,320.0,card,2025-09-24 09:40:33,Morning
TX_3243,CUST_8450,2025-09-24,09:42:08,3,Wednesday,False,Batch brew,240.0,1060.0,card,2025-09-24 09:42:08,Morning
TX_3243,CUST_8450,2025-09-24,09:42:08,3,Wednesday,False,Raf coffee,420.0,1060.0,card,2025-09-24 09:42:08,Morning
TX_3243,CUST_8450,2025-09-24,09:42:08,3,Wednesday,False,Warming drinks (tea),400.0,1060.0,card,2025-09-24 09:42:08,Morning
TX_3142,CUST_6527,2025-09-24,09:59:49,3,Wednesday,False,Warming drinks (tea),400.0,640.0,card,2025-09-24 09:59:49,Morning
TX_3142,CUST_6527,2025-09-24,09:59:49,3,Wednesday,False,Batch brew,240.0,640.0,card,2025-09-24 09:59:49,Morning
TX_2286,CUST_1047,2025-09-24,10:03:30,3,Wednesday,False,Latte with add,440.0,1100.0,cash,2025-09-24 10:03:30,Morning
TX_2286,CUST_1047,2025-09-24,10:03:30,3,Wednesday,False,Cappuccino,320.0,1100.0,cash,2025-09-24 10:03:30,Morning
TX_2286,CUST_1047,2025-09-24,10:03:30,3,Wednesday,False,Latte,340.0,1100.0,cash,2025-09-24 10:03:30,Morning
TX_3064,CUST_8221,2025-09-24,10:13:59,3,Wednesday,False,Warming drinks (tea),400.0,720.0,card,2025-09-24 10:13:59,Morning
TX_3064,CUST_8221,2025-09-24,10:13:59,3,Wednesday,False,Cappuccino,320.0,720.0,card,2025-09-24 10:13:59,Morning
TX_2364,CUST_6731,2025-09-24,10:23:52,3,Wednesday,False,Raf coffee,420.0,420.0,cash,2025-09-24 10:23:52,Morning
TX_3035,CUST_3889,2025-09-24,10:26:49,3,Wednesday,False,Flat white,340.0,340.0,cash,2025-09-24 10:26:49,Morning
TX_0042,CUST_5339,2025-09-24,10:27:41,3,Wednesday,False,Latte,340.0,660.0,card,2025-09-24 10:27:41,Morning
TX_0042,CUST_5339,2025-09-24,10:27:41,3,Wednesday,False,Cappuccino,320.0,660.0,card,2025-09-24 10:27:41,Morning
TX_1431,CUST_1378,2025-09-24,10:28:11,3,Wednesday,False,Cappuccino,320.0,660.0,card,2025-09-24 10:28:11,Morning
TX_1431,CUST_1378,2025-09-24,10:28:11,3,Wednesday,False,Flat white,340.0,660.0,card,2025-09-24 10:28:11,Morning
TX_0959,CUST_5065,2025-09-24,10:35:12,3,Wednesday,False,Latte,340.0,340.0,cash,2025-09-24 10:35:12,Morning
TX_0048,CUST_2412,2025-09-24,10:49:13,3,Wednesday,False,Cappuccino,320.0,320.0,card,2025-09-24 10:49:13,Morning
TX_0095,CUST_1406,2025-09-24,10:50:02,3,Wednesday,False,Latte with add,440.0,440.0,card,2025-09-24 10:50:02,Morning
TX_0016,CUST_5909,2025-09-24,12:18:41,3,Wednesday,False,Batch brew,240.0,660.0,cash,2025-09-24 12:18:41,Afternoon
TX_0016,CUST_5909,2025-09-24,12:18:41,3,Wednesday,False,Raf coffee,420.0,660.0,cash,2025-09-24 12:18:41,Afternoon
TX_1059,CUST_2720,2025-09-24,12:20:55,3,Wednesday,False,Batch brew,240.0,240.0,card,2025-09-24 12:20:55,Afternoon
TX_2782,CUST_3680,2025-09-24,12:32:32,3,Wednesday,False,Flat white,340.0,340.0,cash,2025-09-24 12:32:32,Afternoon
TX_3420,CUST_5687,2025-09-24,12:47:53,3,Wednesday,False,Espresso,230.0,230.0,card,2025-09-24 12:47:53,Afternoon
TX_2506,CUST_5667,2025-09-24,12:49:42,3,Wednesday,False,Latte with add,440.0,440.0,card,2025-09-24 12:49:42,Afternoon
TX_3537,CUST_5250,2025-09-24,13:05:37,3,Wednesday,False,Latte with add,440.0,780.0,cash,2025-09-24 13:05:37,Afternoon
TX_3537,CUST_5250,2025-09-24,13:05:37,3,Wednesday,False,Latte,340.0,780.0,cash,2025-09-24 13:05:37,Afternoon
TX_1118,CUST_5820,2025-09-24,13:10:22,3,Wednesday,False,Latte with add,440.0,440.0,card,2025-09-24 13:10:22,Afternoon
TX_0262,CUST_2120,2025-09-24,13:21:14,3,Wednesday,False,Raf coffee,420.0,760.0,card,2025-09-24 13:21:14,Afternoon
TX_0262,CUST_2120,2025-09-24,13:21:14,3,Wednesday,False,Latte,340.0,760.0,card,2025-09-24 13:21:14,Afternoon
TX_1115,CUST_2530,2025-09-24,13:22:49,3,Wednesday,False,Latte with add,440.0,440.0,card,2025-09-24 13:22:49,Afternoon
TX_3426,CUST_9981,2025-09-24,13:26:24,3,Wednesday,False,Warming drinks (tea),400.0,400.0,card,2025-09-24 13:26:24,Afternoon
TX_2694,CUST_4931,2025-09-24,13:28:14,3,Wednesday,False,Latte,340.0,340.0,cash,2025-09-24 13:28:14,Afternoon
TX_0693,CUST_4116,2025-09-24,13:37:00,3,Wednesday,False,Batch brew,240.0,240.0,card,2025-09-24 13:37:00,Afternoon
TX_1896,CUST_9874,2025-09-24,13:57:36,3,Wednesday,False,Raf coffee,420.0,420.0,cash,2025-09-24 13:57:36,Afternoon
TX_0769,CUST_1100,2025-09-24,14:00:57,3,Wednesday,False,Cappuccino,320.0,760.0,cash,2025-09-24 14:00:57,Afternoon
TX_0769,CUST_1100,2025-09-24,14:00:57,3,Wednesday,False,Latte with add,440.0,760.0,cash,2025-09-24 14:00:57,Afternoon
TX_1306,CUST_5496,2025-09-24,14:01:07,3,Wednesday,False,Batch brew,240.0,240.0,card,2025-09-24 14:01:07,Afternoon
TX_0096,CUST_2170,2025-09-24,14:12:07,3,Wednesday,False,Latte with add,440.0,440.0,card,2025-09-24 14:12:07,Afternoon
TX_3473,CUST_8150,2025-09-24,14:12:49,3,Wednesday,False,Batch brew,240.0,240.0,cash,2025-09-24 14:12:49,Afternoon
TX_1577,CUST_7211,2025-09-24,14:14:01,3,Wednesday,False,Batch brew,240.0,1100.0,card,2025-09-24 14:14:01,Afternoon
TX_1577,CUST_7211,2025-09-24,14:14:01,3,Wednesday,False,Latte with add,440.0,1100.0,card,2025-09-24 14:14:01,Afternoon
TX_1577,CUST_7211,2025-09-24,14:14:01,3,Wednesday,False,Raf coffee,420.0,1100.0,card,2025-09-24 14:14:01,Afternoon
TX_2724,CUST_8370,2025-09-24,14:16:24,3,Wednesday,False,Cappuccino,320.0,640.0,card,2025-09-24 14:16:24,Afternoon
TX_2724,CUST_8370,2025-09-24,14:16:24,3,Wednesday,False,Cappuccino,320.0,640.0,card,2025-09-24 14:16:24,Afternoon
TX_0368,CUST_7832,2025-09-24,14:18:53,3,Wednesday,False,Batch brew,240.0,240.0,card,2025-09-24 14:18:53,Afternoon
TX_2361,CUST_3118,2025-09-24,14:46:44,3,Wednesday,False,Latte,340.0,340.0,card,2025-09-24 14:46:44,Afternoon
TX_1451,CUST_1296,2025-09-24,16:52:19,3,Wednesday,False,Latte,340.0,340.0,cash,2025-09-24 16:52:19,Evening
TX_0118,CUST_2227,2025-09-24,19:02:00,3,Wednesday,False,Espresso,230.0,230.0,cash,2025-09-24 19:02:00,Evening
TX_1554,CUST_3480,2025-09-24,19:23:47,3,Wednesday,False,Latte with add,440.0,440.0,card,2025-09-24 19:23:47,Evening
TX_1811,CUST_4494,2025-09-25,08:13:47,4,Thursday,False,Latte,340.0,340.0,cash,2025-09-25 08:13:47,Morning
TX_1305,CUST_4118,2025-09-25,08:15:29,4,Thursday,False,Cappuccino,320.0,320.0,card,2025-09-25 08:15:29,Morning
TX_3294,CUST_8592,2025-09-25,08:30:26,4,Thursday,False,Warming drinks (tea),400.0,400.0,card,2025-09-25 08:30:26,Morning
TX_0766,CUST_2038,2025-09-25,08:37:23,4,Thursday,False,Flat white,340.0,340.0,card,2025-09-25 08:37:23,Morning
TX_3269,CUST_2278,2025-09-25,09:06:21,4,Thursday,False,Batch brew,240.0,480.0,card,2025-09-25 09:06:21,Morning
TX_3269,CUST_2278,2025-09-25,09:06:21,4,Thursday,False,Batch brew,240.0,480.0,card,2025-09-25 09:06:21,Morning
TX_3300,CUST_1894,2025-09-25,09:34:31,4,Thursday,False,Latte with add,440.0,440.0,card,2025-09-25 09:34:31,Morning
TX_2342,CUST_2577,2025-09-25,09:34:59,4,Thursday,False,Warming drinks (tea),400.0,720.0,card,2025-09-25 09:34:59,Morning
TX_2342,CUST_2577,2025-09-25,09:34:59,4,Thursday,False,Cappuccino,320.0,720.0,card,2025-09-25 09:34:59,Morning
TX_1366,CUST_2280,2025-09-25,09:36:55,4,Thursday,False,Cappuccino,320.0,320.0,card,2025-09-25 09:36:55,Morning
TX_1140,CUST_3443,2025-09-25,09:37:15,4,Thursday,False,Batch brew,240.0,580.0,card,2025-09-25 09:37:15,Morning
TX_1140,CUST_3443,2025-09-25,09:37:15,4,Thursday,False,Latte,340.0,580.0,card,2025-09-25 09:37:15,Morning
TX_0683,CUST_7589,2025-09-25,09:38:49,4,Thursday,False,Latte with add,440.0,440.0,card,2025-09-25 09:38:49,Morning
TX_1796,CUST_9171,2025-09-25,09:39:46,4,Thursday,False,Warming drinks (tea),400.0,740.0,card,2025-09-25 09:39:46,Morning
TX_1796,CUST_9171,2025-09-25,09:39:46,4,Thursday,False,Latte,340.0,740.0,card,2025-09-25 09:39:46,Morning
TX_2075,CUST_8854,2025-09-25,10:03:09,4,Thursday,False,Batch brew,240.0,240.0,cash,2025-09-25 10:03:09,Morning
TX_2723,CUST_6953,2025-09-25,10:54:23,4,Thursday,False,Cappuccino,320.0,660.0,card,2025-09-25 10:54:23,Morning
TX_2723,CUST_6953,2025-09-25,10:54:23,4,Thursday,False,Latte,340.0,660.0,card,2025-09-25 10:54:23,Morning
TX_1658,CUST_7960,2025-09-25,12:14:02,4,Thursday,False,Latte,340.0,340.0,cash,2025-09-25 12:14:02,Afternoon
TX_1914,CUST_8817,2025-09-25,12:19:23,4,Thursday,False,Cappuccino,320.0,320.0,card,2025-09-25 12:19:23,Afternoon
TX_1817,CUST_9124,2025-09-25,12:33:17,4,Thursday,False,Latte with add,440.0,440.0,card,2025-09-25 12:33:17,Afternoon
TX_2095,CUST_2747,2025-09-25,12:48:47,4,Thursday,False,Latte with add,440.0,440.0,card,2025-09-25 12:48:47,Afternoon
TX_3535,CUST_6436,2025-09-25,12:52:04,4,Thursday,False,Latte,340.0,980.0,card,2025-09-25 12:52:04,Afternoon
TX_3535,CUST_6436,2025-09-25,12:52:04,4,Thursday,False,Warming drinks (tea),400.0,980.0,card,2025-09-25 12:52:04,Afternoon
TX_3535,CUST_6436,2025-09-25,12:52:04,4,Thursday,False,Batch brew,240.0,980.0,card,2025-09-25 12:52:04,Afternoon
TX_2034,CUST_1957,2025-09-25,12:57:56,4,Thursday,False,Warming drinks (tea),400.0,630.0,cash,2025-09-25 12:57:56,Afternoon
TX_2034,CUST_1957,2025-09-25,12:57:56,4,Thursday,False,Espresso,230.0,630.0,cash,2025-09-25 12:57:56,Afternoon
TX_0331,CUST_9901,2025-09-25,12:58:46,4,Thursday,False,Latte,340.0,340.0,card,2025-09-25 12:58:46,Afternoon
TX_0138,CUST_8305,2025-09-25,13:09:05,4,Thursday,False,Cappuccino,320.0,1100.0,card,2025-09-25 13:09:05,Afternoon
TX_0138,CUST_8305,2025-09-25,13:09:05,4,Thursday,False,Latte with add,440.0,1100.0,card,2025-09-25 13:09:05,Afternoon
TX_0138,CUST_8305,2025-09-25,13:09:05,4,Thursday,False,Latte,340.0,1100.0,card,2025-09-25 13:09:05,Afternoon
TX_1299,CUST_7974,2025-09-25,13:10:42,4,Thursday,False,Cappuccino,320.0,320.0,card,2025-09-25 13:10:42,Afternoon
TX_2351,CUST_1573,2025-09-25,13:22:57,4,Thursday,False,Latte,340.0,340.0,card,2025-09-25 13:22:57,Afternoon
TX_0136,CUST_4543,2025-09-25,13:25:16,4,Thursday,False,Latte with add,440.0,440.0,cash,2025-09-25 13:25:16,Afternoon
TX_3176,CUST_3236,2025-09-25,13:25:23,4,Thursday,False,Batch brew,240.0,240.0,card,2025-09-25 13:25:23,Afternoon
TX_1094,CUST_5687,2025-09-25,13:30:12,4,Thursday,False,Latte,340.0,340.0,cash,2025-09-25 13:30:12,Afternoon
TX_0398,CUST_7570,2025-09-25,13:32:07,4,Thursday,False,Cappuccino,320.0,320.0,cash,2025-09-25 13:32:07,Afternoon
TX_2905,CUST_2234,2025-09-25,13:33:34,4,Thursday,False,Raf coffee,420.0,1060.0,card,2025-09-25 13:33:34,Afternoon
TX_2905,CUST_2234,2025-09-25,13:33:34,4,Thursday,False,Batch brew,240.0,1060.0,card,2025-09-25 13:33:34,Afternoon
TX_2905,CUST_2234,2025-09-25,13:33:34,4,Thursday,False,Warming drinks (tea),400.0,1060.0,card,2025-09-25 13:33:34,Afternoon
TX_1155,CUST_7326,2025-09-25,13:43:22,4,Thursday,False,Flat white,340.0,340.0,card,2025-09-25 13:43:22,Afternoon
TX_1856,CUST_2968,2025-09-25,13:50:33,4,Thursday,False,Batch brew,240.0,1080.0,cash,2025-09-25 13:50:33,Afternoon
TX_1856,CUST_2968,2025-09-25,13:50:33,4,Thursday,False,Latte with add,440.0,1080.0,cash,2025-09-25 13:50:33,Afternoon
TX_2195,CUST_2159,2025-09-25,13:50:33,4,Thursday,False,Latte with add,440.0,440.0,card,2025-09-25 13:50:33,Afternoon
TX_1856,CUST_2968,2025-09-25,13:50:33,4,Thursday,False,Warming drinks (tea),400.0,1080.0,cash,2025-09-25 13:50:33,Afternoon
TX_0654,CUST_3004,2025-09-25,13:52:21,4,Thursday,False,Batch brew,240.0,240.0,card,2025-09-25 13:52:21,Afternoon
TX_2447,CUST_1743,2025-09-25,14:01:00,4,Thursday,False,Batch brew,240.0,240.0,cash,2025-09-25 14:01:00,Afternoon
TX_1321,CUST_8156,2025-09-25,14:01:46,4,Thursday,False,Cappuccino,320.0,320.0,card,2025-09-25 14:01:46,Afternoon
TX_0748,CUST_5223,2025-09-25,14:07:10,4,Thursday,False,Latte with add,440.0,880.0,card,2025-09-25 14:07:10,Afternoon
TX_0748,CUST_5223,2025-09-25,14:07:10,4,Thursday,False,Latte with add,440.0,880.0,card,2025-09-25 14:07:10,Afternoon
TX_1179,CUST_3815,2025-09-25,14:45:22,4,Thursday,False,Latte with add,440.0,440.0,cash,2025-09-25 14:45:22,Afternoon
TX_1867,CUST_1810,2025-09-25,14:49:44,4,Thursday,False,Latte,340.0,340.0,card,2025-09-25 14:49:44,Afternoon
TX_3245,CUST_5512,2025-09-25,15:22:22,4,Thursday,False,Latte,340.0,340.0,cash,2025-09-25 15:22:22,Afternoon
TX_0869,CUST_2129,2025-09-25,17:46:28,4,Thursday,False,Flat white,340.0,340.0,card,2025-09-25 17:46:28,Evening
TX_2663,CUST_3002,2025-09-26,08:33:35,5,Friday,False,Batch brew,240.0,240.0,card,2025-09-26 08:33:35,Morning
TX_1560,CUST_6475,2025-09-26,08:36:27,5,Friday,False,Latte with add,440.0,670.0,card,2025-09-26 08:36:27,Morning
TX_1560,CUST_6475,2025-09-26,08:36:27,5,Friday,False,Espresso,230.0,670.0,card,2025-09-26 08:36:27,Morning
TX_0880,CUST_3568,2025-09-26,08:50:43,5,Friday,False,Batch brew,240.0,240.0,card,2025-09-26 08:50:43,Morning
TX_3464,CUST_4065,2025-09-26,08:53:29,5,Friday,False,Latte,340.0,660.0,card,2025-09-26 08:53:29,Morning
TX_3464,CUST_4065,2025-09-26,08:53:29,5,Friday,False,Cappuccino,320.0,660.0,card,2025-09-26 08:53:29,Morning
TX_2280,CUST_5185,2025-09-26,09:09:10,5,Friday,False,Batch brew,240.0,240.0,card,2025-09-26 09:09:10,Morning
TX_2102,CUST_3198,2025-09-26,09:16:05,5,Friday,False,Batch brew,240.0,240.0,card,2025-09-26 09:16:05,Morning
TX_2206,CUST_7771,2025-09-26,09:31:27,5,Friday,False,Cappuccino,320.0,760.0,card,2025-09-26 09:31:27,Morning
TX_2206,CUST_7771,2025-09-26,09:31:27,5,Friday,False,Latte with add,440.0,760.0,card,2025-09-26 09:31:27,Morning
TX_1998,CUST_2404,2025-09-26,09:38:42,5,Friday,False,Latte,340.0,340.0,card,2025-09-26 09:38:42,Morning
TX_2530,CUST_6334,2025-09-26,09:48:11,5,Friday,False,Batch brew,240.0,560.0,cash,2025-09-26 09:48:11,Morning
TX_2530,CUST_6334,2025-09-26,09:48:11,5,Friday,False,Cappuccino,320.0,560.0,cash,2025-09-26 09:48:11,Morning
TX_0547,CUST_1547,2025-09-26,10:10:02,5,Friday,False,Latte with add,440.0,440.0,card,2025-09-26 10:10:02,Morning
TX_1742,CUST_5764,2025-09-26,10:10:09,5,Friday,False,Batch brew,240.0,240.0,cash,2025-09-26 10:10:09,Morning
TX_2797,CUST_8244,2025-09-26,10:27:42,5,Friday,False,Raf coffee,420.0,1080.0,card,2025-09-26 10:27:42,Morning
TX_2797,CUST_8244,2025-09-26,10:27:42,5,Friday,False,Latte,340.0,1080.0,card,2025-09-26 10:27:42,Morning
TX_2797,CUST_8244,2025-09-26,10:27:42,5,Friday,False,Cappuccino,320.0,1080.0,card,2025-09-26 10:27:42,Morning
TX_1727,CUST_9921,2025-09-26,10:38:19,5,Friday,False,Latte with add,440.0,440.0,card,2025-09-26 10:38:19,Morning
TX_1106,CUST_2819,2025-09-26,11:00:36,5,Friday,False,Batch brew,240.0,240.0,card,2025-09-26 11:00:36,Afternoon
TX_0735,CUST_5820,2025-09-26,12:37:09,5,Friday,False,Latte with add,440.0,1100.0,cash,2025-09-26 12:37:09,Afternoon
TX_0735,CUST_5820,2025-09-26,12:37:09,5,Friday,False,Cappuccino,320.0,1100.0,cash,2025-09-26 12:37:09,Afternoon
TX_0735,CUST_5820,2025-09-26,12:37:09,5,Friday,False,Latte,340.0,1100.0,cash,2025-09-26 12:37:09,Afternoon
TX_1034,CUST_8747,2025-09-26,12:55:21,5,Friday,False,Cappuccino,320.0,320.0,card,2025-09-26 12:55:21,Afternoon
TX_0403,CUST_2937,2025-09-26,12:56:45,5,Friday,False,Cappuccino,320.0,320.0,card,2025-09-26 12:56:45,Afternoon
TX_2083,CUST_6130,2025-09-26,13:02:35,5,Friday,False,Flat white,340.0,340.0,cash,2025-09-26 13:02:35,Afternoon
TX_2638,CUST_3193,2025-09-26,13:04:22,5,Friday,False,Cappuccino,320.0,320.0,cash,2025-09-26 13:04:22,Afternoon
TX_3138,CUST_2270,2025-09-26,13:09:37,5,Friday,False,Batch brew,240.0,240.0,card,2025-09-26 13:09:37,Afternoon
TX_3233,CUST_4587,2025-09-26,13:12:32,5,Friday,False,Flat white,340.0,340.0,cash,2025-09-26 13:12:32,Afternoon
TX_2901,CUST_5457,2025-09-26,13:16:54,5,Friday,False,Cappuccino,320.0,320.0,card,2025-09-26 13:16:54,Afternoon
TX_3305,CUST_5875,2025-09-26,13:19:05,5,Friday,False,Latte,340.0,580.0,cash,2025-09-26 13:19:05,Afternoon
TX_3305,CUST_5875,2025-09-26,13:19:05,5,Friday,False,Batch brew,240.0,580.0,cash,2025-09-26 13:19:05,Afternoon
TX_2531,CUST_3134,2025-09-26,13:19:47,5,Friday,False,Latte,340.0,340.0,card,2025-09-26 13:19:47,Afternoon
TX_2188,CUST_1695,2025-09-26,13:28:44,5,Friday,False,Latte with add,440.0,440.0,card,2025-09-26 13:28:44,Afternoon
TX_2520,CUST_7601,2025-09-26,13:30:51,5,Friday,False,Batch brew,240.0,240.0,card,2025-09-26 13:30:51,Afternoon
TX_0476,CUST_4904,2025-09-26,13:34:06,5,Friday,False,Flat white,340.0,340.0,card,2025-09-26 13:34:06,Afternoon
TX_1326,CUST_2411,2025-09-26,13:34:18,5,Friday,False,Latte with add,440.0,440.0,card,2025-09-26 13:34:18,Afternoon
TX_2375,CUST_7895,2025-09-26,13:44:49,5,Friday,False,Cappuccino,320.0,640.0,card,2025-09-26 13:44:49,Afternoon
TX_2375,CUST_7895,2025-09-26,13:44:49,5,Friday,False,Cappuccino,320.0,640.0,card,2025-09-26 13:44:49,Afternoon
TX_2193,CUST_1197,2025-09-26,13:56:06,5,Friday,False,Latte with add,440.0,440.0,card,2025-09-26 13:56:06,Afternoon
TX_2618,CUST_2239,2025-09-26,13:59:45,5,Friday,False,Latte with add,440.0,440.0,card,2025-09-26 13:59:45,Afternoon
TX_3232,CUST_4808,2025-09-26,14:02:43,5,Friday,False,Latte,340.0,1010.0,card,2025-09-26 14:02:43,Afternoon
TX_3232,CUST_4808,2025-09-26,14:02:43,5,Friday,False,Latte with add,440.0,1010.0,card,2025-09-26 14:02:43,Afternoon
TX_3232,CUST_4808,2025-09-26,14:02:43,5,Friday,False,Espresso,230.0,1010.0,card,2025-09-26 14:02:43,Afternoon
TX_1766,CUST_4703,2025-09-26,14:05:51,5,Friday,False,Espresso,230.0,230.0,card,2025-09-26 14:05:51,Afternoon
TX_3449,CUST_3048,2025-09-26,14:09:54,5,Friday,False,Cappuccino,320.0,880.0,cash,2025-09-26 14:09:54,Afternoon
TX_3449,CUST_3048,2025-09-26,14:09:54,5,Friday,False,Cappuccino,320.0,880.0,cash,2025-09-26 14:09:54,Afternoon
TX_3449,CUST_3048,2025-09-26,14:09:54,5,Friday,False,Batch brew,240.0,880.0,cash,2025-09-26 14:09:54,Afternoon
TX_3087,CUST_5971,2025-09-26,14:10:46,5,Friday,False,Warming drinks (tea),400.0,400.0,card,2025-09-26 14:10:46,Afternoon
TX_1752,CUST_1375,2025-09-26,14:45:14,5,Friday,False,Cappuccino,320.0,320.0,card,2025-09-26 14:45:14,Afternoon
TX_3471,CUST_7699,2025-09-26,14:45:44,5,Friday,False,Cappuccino,320.0,320.0,cash,2025-09-26 14:45:44,Afternoon
TX_3009,CUST_5300,2025-09-26,14:59:22,5,Friday,False,Latte with add,440.0,440.0,cash,2025-09-26 14:59:22,Afternoon
TX_0163,CUST_5239,2025-09-26,15:17:46,5,Friday,False,Raf coffee,420.0,420.0,cash,2025-09-26 15:17:46,Afternoon
TX_1904,CUST_1540,2025-09-26,17:23:49,5,Friday,False,Flat white,340.0,820.0,cash,2025-09-26 17:23:49,Evening
TX_1904,CUST_1540,2025-09-26,17:23:49,5,Friday,False,Batch brew,240.0,820.0,cash,2025-09-26 17:23:49,Evening
TX_1904,CUST_1540,2025-09-26,17:23:49,5,Friday,False,Batch brew,240.0,820.0,cash,2025-09-26 17:23:49,Evening
TX_2060,CUST_3548,2025-09-26,17:42:44,5,Friday,False,Cappuccino,320.0,640.0,card,2025-09-26 17:42:44,Evening
TX_2060,CUST_3548,2025-09-26,17:42:44,5,Friday,False,Cappuccino,320.0,640.0,card,2025-09-26 17:42:44,Evening
TX_1929,CUST_9732,2025-09-26,17:48:02,5,Friday,False,Latte with add,440.0,440.0,card,2025-09-26 17:48:02,Evening
TX_3271,CUST_5807,2025-09-26,17:59:29,5,Friday,False,Cappuccino,320.0,760.0,cash,2025-09-26 17:59:29,Evening
TX_3271,CUST_5807,2025-09-26,17:59:29,5,Friday,False,Latte with add,440.0,760.0,cash,2025-09-26 17:59:29,Evening
TX_1990,CUST_8481,2025-09-26,18:05:46,5,Friday,False,Raf coffee,420.0,420.0,card,2025-09-26 18:05:46,Evening
TX_0463,CUST_6456,2025-09-26,18:12:13,5,Friday,False,Latte,340.0,340.0,cash,2025-09-26 18:12:13,Evening
TX_1298,CUST_3894,2025-09-27,08:00:36,6,Saturday,True,Latte with add,440.0,440.0,cash,2025-09-27 08:00:36,Morning
TX_1695,CUST_1055,2025-09-27,09:06:45,6,Saturday,True,Warming drinks (tea),400.0,400.0,cash,2025-09-27 09:06:45,Morning
TX_2645,CUST_7480,2025-09-27,09:07:34,6,Saturday,True,Flat white,340.0,340.0,card,2025-09-27 09:07:34,Morning
TX_2987,CUST_1684,2025-09-27,09:12:36,6,Saturday,True,Cappuccino,320.0,320.0,cash,2025-09-27 09:12:36,Morning
TX_1482,CUST_4066,2025-09-27,09:15:17,6,Saturday,True,Latte with add,440.0,440.0,card,2025-09-27 09:15:17,Morning
TX_2571,CUST_7475,2025-09-27,09:39:53,6,Saturday,True,Cappuccino,320.0,320.0,cash,2025-09-27 09:39:53,Morning
TX_0271,CUST_8530,2025-09-27,09:45:43,6,Saturday,True,Raf coffee,420.0,420.0,card,2025-09-27 09:45:43,Morning
TX_2092,CUST_4414,2025-09-27,10:11:45,6,Saturday,True,Latte with add,440.0,440.0,cash,2025-09-27 10:11:45,Morning
TX_0798,CUST_2510,2025-09-27,11:48:03,6,Saturday,True,Batch brew,240.0,560.0,card,2025-09-27 11:48:03,Afternoon
TX_0798,CUST_2510,2025-09-27,11:48:03,6,Saturday,True,Cappuccino,320.0,560.0,card,2025-09-27 11:48:03,Afternoon
TX_2042,CUST_8155,2025-09-27,11:55:49,6,Saturday,True,Cappuccino,320.0,740.0,card,2025-09-27 11:55:49,Afternoon
TX_2042,CUST_8155,2025-09-27,11:55:49,6,Saturday,True,Raf coffee,420.0,740.0,card,2025-09-27 11:55:49,Afternoon
TX_0218,CUST_6621,2025-09-27,12:19:31,6,Saturday,True,Cappuccino,320.0,320.0,card,2025-09-27 12:19:31,Afternoon
TX_2293,CUST_9274,2025-09-27,12:44:58,6,Saturday,True,Latte,340.0,340.0,cash,2025-09-27 12:44:58,Afternoon
TX_2518,CUST_5783,2025-09-27,12:54:06,6,Saturday,True,Latte,340.0,680.0,card,2025-09-27 12:54:06,Afternoon
TX_2518,CUST_5783,2025-09-27,12:54:06,6,Saturday,True,Latte,340.0,680.0,card,2025-09-27 12:54:06,Afternoon
TX_0749,CUST_6819,2025-09-27,12:55:18,6,Saturday,True,Latte,340.0,340.0,card,2025-09-27 12:55:18,Afternoon
TX_0938,CUST_6561,2025-09-27,13:03:14,6,Saturday,True,Espresso,230.0,230.0,card,2025-09-27 13:03:14,Afternoon
TX_1781,CUST_2694,2025-09-27,13:16:16,6,Saturday,True,Latte,340.0,340.0,card,2025-09-27 13:16:16,Afternoon
TX_0149,CUST_5104,2025-09-27,13:16:25,6,Saturday,True,Batch brew,240.0,240.0,cash,2025-09-27 13:16:25,Afternoon
TX_0506,CUST_1787,2025-09-27,13:22:09,6,Saturday,True,Batch brew,240.0,240.0,cash,2025-09-27 13:22:09,Afternoon
TX_0307,CUST_5433,2025-09-27,13:23:10,6,Saturday,True,Latte with add,440.0,440.0,card,2025-09-27 13:23:10,Afternoon
TX_0551,CUST_4030,2025-09-27,13:36:19,6,Saturday,True,Cappuccino,320.0,560.0,card,2025-09-27 13:36:19,Afternoon
TX_0551,CUST_4030,2025-09-27,13:36:19,6,Saturday,True,Batch brew,240.0,560.0,card,2025-09-27 13:36:19,Afternoon
TX_1900,CUST_9565,2025-09-27,13:36:41,6,Saturday,True,Cappuccino,320.0,320.0,cash,2025-09-27 13:36:41,Afternoon
TX_1519,CUST_6893,2025-09-27,13:40:17,6,Saturday,True,Latte,340.0,340.0,cash,2025-09-27 13:40:17,Afternoon
TX_2225,CUST_9851,2025-09-27,13:53:06,6,Saturday,True,Latte,340.0,340.0,card,2025-09-27 13:53:06,Afternoon
TX_3417,CUST_5349,2025-09-27,13:59:19,6,Saturday,True,Latte,340.0,780.0,cash,2025-09-27 13:59:19,Afternoon
TX_3417,CUST_5349,2025-09-27,13:59:19,6,Saturday,True,Latte with add,440.0,780.0,cash,2025-09-27 13:59:19,Afternoon
TX_1810,CUST_1342,2025-09-27,14:05:58,6,Saturday,True,Latte,340.0,340.0,card,2025-09-27 14:05:58,Afternoon
TX_2390,CUST_9302,2025-09-27,14:25:27,6,Saturday,True,Flat white,340.0,1160.0,card,2025-09-27 14:25:27,Afternoon
TX_2390,CUST_9302,2025-09-27,14:25:27,6,Saturday,True,Warming drinks (tea),400.0,1160.0,card,2025-09-27 14:25:27,Afternoon
TX_2390,CUST_9302,2025-09-27,14:25:27,6,Saturday,True,Raf coffee,420.0,1160.0,card,2025-09-27 14:25:27,Afternoon
TX_1958,CUST_3420,2025-09-27,14:25:45,6,Saturday,True,Espresso,230.0,230.0,card,2025-09-27 14:25:45,Afternoon
TX_1866,CUST_6832,2025-09-27,15:30:16,6,Saturday,True,Cappuccino,320.0,320.0,cash,2025-09-27 15:30:16,Afternoon
TX_2508,CUST_5512,2025-09-27,16:45:57,6,Saturday,True,Latte,340.0,340.0,card,2025-09-27 16:45:57,Evening
TX_3523,CUST_7130,2025-09-27,16:46:15,6,Saturday,True,Batch brew,240.0,240.0,card,2025-09-27 16:46:15,Evening
TX_2574,CUST_7355,2025-09-27,17:05:57,6,Saturday,True,Latte,340.0,340.0,card,2025-09-27 17:05:57,Evening
TX_1134,CUST_8050,2025-09-27,17:18:05,6,Saturday,True,Cappuccino,320.0,320.0,card,2025-09-27 17:18:05,Evening
TX_2567,CUST_2316,2025-09-27,17:18:19,6,Saturday,True,Cappuccino,320.0,660.0,card,2025-09-27 17:18:19,Evening
TX_2567,CUST_2316,2025-09-27,17:18:19,6,Saturday,True,Flat white,340.0,660.0,card,2025-09-27 17:18:19,Evening
TX_2254,CUST_7814,2025-09-27,17:22:49,6,Saturday,True,Cappuccino,320.0,900.0,cash,2025-09-27 17:22:49,Evening
TX_2254,CUST_7814,2025-09-27,17:22:49,6,Saturday,True,Flat white,340.0,900.0,cash,2025-09-27 17:22:49,Evening
TX_2254,CUST_7814,2025-09-27,17:22:49,6,Saturday,True,Batch brew,240.0,900.0,cash,2025-09-27 17:22:49,Evening
TX_1953,CUST_3975,2025-09-27,17:32:45,6,Saturday,True,Raf coffee,420.0,1100.0,card,2025-09-27 17:32:45,Evening
TX_1953,CUST_3975,2025-09-27,17:32:45,6,Saturday,True,Flat white,340.0,1100.0,card,2025-09-27 17:32:45,Evening
TX_1953,CUST_3975,2025-09-27,17:32:45,6,Saturday,True,Latte,340.0,1100.0,card,2025-09-27 17:32:45,Evening
TX_1103,CUST_2328,2025-09-27,17:39:40,6,Saturday,True,Cappuccino,320.0,320.0,cash,2025-09-27 17:39:40,Evening
TX_2418,CUST_9420,2025-09-27,17:40:27,6,Saturday,True,Latte with add,440.0,880.0,cash,2025-09-27 17:40:27,Evening
TX_2418,CUST_9420,2025-09-27,17:40:27,6,Saturday,True,Latte with add,440.0,880.0,cash,2025-09-27 17:40:27,Evening
TX_1030,CUST_9957,2025-09-27,17:58:25,6,Saturday,True,Latte,340.0,340.0,card,2025-09-27 17:58:25,Evening
TX_1220,CUST_4481,2025-09-27,18:24:23,6,Saturday,True,Cappuccino,320.0,320.0,card,2025-09-27 18:24:23,Evening
TX_3413,CUST_3386,2025-09-27,18:28:50,6,Saturday,True,Latte with add,440.0,440.0,card,2025-09-27 18:28:50,Evening
TX_2208,CUST_4552,2025-09-27,18:45:23,6,Saturday,True,Latte with add,440.0,1000.0,card,2025-09-27 18:45:23,Evening
TX_2208,CUST_4552,2025-09-27,18:45:23,6,Saturday,True,Batch brew,240.0,1000.0,card,2025-09-27 18:45:23,Evening
TX_2208,CUST_4552,2025-09-27,18:45:23,6,Saturday,True,Cappuccino,320.0,1000.0,card,2025-09-27 18:45:23,Evening
TX_0274,CUST_2484,2025-09-27,19:16:28,6,Saturday,True,Batch brew,240.0,560.0,card,2025-09-27 19:16:28,Evening
TX_0274,CUST_2484,2025-09-27,19:16:28,6,Saturday,True,Cappuccino,320.0,560.0,card,2025-09-27 19:16:28,Evening
TX_2677,CUST_5192,2025-09-28,08:47:59,7,Sunday,True,Flat white,340.0,660.0,cash,2025-09-28 08:47:59,Morning
TX_2677,CUST_5192,2025-09-28,08:47:59,7,Sunday,True,Cappuccino,320.0,660.0,cash,2025-09-28 08:47:59,Morning
TX_0561,CUST_2843,2025-09-28,09:08:44,7,Sunday,True,Latte,340.0,660.0,cash,2025-09-28 09:08:44,Morning
TX_0561,CUST_2843,2025-09-28,09:08:44,7,Sunday,True,Cappuccino,320.0,660.0,cash,2025-09-28 09:08:44,Morning
TX_3396,CUST_3993,2025-09-28,09:10:01,7,Sunday,True,Latte with add,440.0,440.0,card,2025-09-28 09:10:01,Morning
TX_1803,CUST_3517,2025-09-28,09:41:15,7,Sunday,True,Batch brew,240.0,240.0,card,2025-09-28 09:41:15,Morning
TX_1932,CUST_7663,2025-09-28,09:49:40,7,Sunday,True,Espresso,230.0,230.0,cash,2025-09-28 09:49:40,Morning
TX_3108,CUST_2005,2025-09-28,09:51:19,7,Sunday,True,Cappuccino,320.0,320.0,card,2025-09-28 09:51:19,Morning
TX_2079,CUST_8067,2025-09-28,10:26:52,7,Sunday,True,Latte with add,440.0,440.0,cash,2025-09-28 10:26:52,Morning
TX_0698,CUST_5663,2025-09-28,12:11:58,7,Sunday,True,Warming drinks (tea),400.0,400.0,card,2025-09-28 12:11:58,Afternoon
TX_0337,CUST_7292,2025-09-28,12:20:41,7,Sunday,True,Warming drinks (tea),400.0,400.0,card,2025-09-28 12:20:41,Afternoon
TX_1951,CUST_8014,2025-09-28,12:35:04,7,Sunday,True,Raf coffee,420.0,660.0,cash,2025-09-28 12:35:04,Afternoon
TX_1951,CUST_8014,2025-09-28,12:35:04,7,Sunday,True,Batch brew,240.0,660.0,cash,2025-09-28 12:35:04,Afternoon
TX_1408,CUST_2899,2025-09-28,12:45:31,7,Sunday,True,Latte,340.0,340.0,cash,2025-09-28 12:45:31,Afternoon
TX_2662,CUST_8713,2025-09-28,12:45:34,7,Sunday,True,Flat white,340.0,340.0,card,2025-09-28 12:45:34,Afternoon
TX_1475,CUST_2809,2025-09-28,12:59:31,7,Sunday,True,Raf coffee,420.0,860.0,card,2025-09-28 12:59:31,Afternoon
TX_1475,CUST_2809,2025-09-28,12:59:31,7,Sunday,True,Latte with add,440.0,860.0,card,2025-09-28 12:59:31,Afternoon
TX_0055,CUST_4242,2025-09-28,13:01:03,7,Sunday,True,Latte,340.0,340.0,cash,2025-09-28 13:01:03,Afternoon
TX_0937,CUST_6752,2025-09-28,13:02:14,7,Sunday,True,Latte,340.0,340.0,card,2025-09-28 13:02:14,Afternoon
TX_2020,CUST_8181,2025-09-28,13:03:01,7,Sunday,True,Batch brew,240.0,240.0,card,2025-09-28 13:03:01,Afternoon
TX_3270,CUST_9854,2025-09-28,13:10:26,7,Sunday,True,Batch brew,240.0,240.0,cash,2025-09-28 13:10:26,Afternoon
TX_0883,CUST_3594,2025-09-28,13:10:48,7,Sunday,True,Cappuccino,320.0,320.0,card,2025-09-28 13:10:48,Afternoon
TX_2790,CUST_9973,2025-09-28,13:25:27,7,Sunday,True,Latte,340.0,340.0,cash,2025-09-28 13:25:27,Afternoon
TX_0582,CUST_6030,2025-09-28,13:28:26,7,Sunday,True,Batch brew,240.0,240.0,card,2025-09-28 13:28:26,Afternoon
TX_3079,CUST_9097,2025-09-28,13:33:17,7,Sunday,True,Cappuccino,320.0,320.0,card,2025-09-28 13:33:17,Afternoon
TX_1551,CUST_6660,2025-09-28,13:34:47,7,Sunday,True,Cappuccino,320.0,320.0,card,2025-09-28 13:34:47,Afternoon
TX_1200,CUST_2174,2025-09-28,13:37:41,7,Sunday,True,Latte,340.0,900.0,card,2025-09-28 13:37:41,Afternoon
TX_1200,CUST_2174,2025-09-28,13:37:41,7,Sunday,True,Cappuccino,320.0,900.0,card,2025-09-28 13:37:41,Afternoon
TX_1200,CUST_2174,2025-09-28,13:37:41,7,Sunday,True,Batch brew,240.0,900.0,card,2025-09-28 13:37:41,Afternoon
TX_0818,CUST_2416,2025-09-28,13:41:43,7,Sunday,True,Latte,340.0,340.0,card,2025-09-28 13:41:43,Afternoon
TX_3262,CUST_6276,2025-09-28,13:41:48,7,Sunday,True,Latte with add,440.0,680.0,cash,2025-09-28 13:41:48,Afternoon
TX_3262,CUST_6276,2025-09-28,13:41:48,7,Sunday,True,Batch brew,240.0,680.0,cash,2025-09-28 13:41:48,Afternoon
TX_0820,CUST_5368,2025-09-28,13:42:58,7,Sunday,True,Warming drinks (tea),400.0,400.0,card,2025-09-28 13:42:58,Afternoon
TX_1196,CUST_7058,2025-09-28,13:46:15,7,Sunday,True,Batch brew,240.0,680.0,card,2025-09-28 13:46:15,Afternoon
TX_1196,CUST_7058,2025-09-28,13:46:15,7,Sunday,True,Latte with add,440.0,680.0,card,2025-09-28 13:46:15,Afternoon
TX_2596,CUST_7912,2025-09-28,13:52:44,7,Sunday,True,Batch brew,240.0,240.0,cash,2025-09-28 13:52:44,Afternoon
TX_0116,CUST_6293,2025-09-28,14:10:17,7,Sunday,True,Cappuccino,320.0,320.0,cash,2025-09-28 14:10:17,Afternoon
TX_3343,CUST_4459,2025-09-28,14:15:40,7,Sunday,True,Latte with add,440.0,440.0,cash,2025-09-28 14:15:40,Afternoon
TX_1762,CUST_8485,2025-09-28,14:20:20,7,Sunday,True,Cappuccino,320.0,320.0,card,2025-09-28 14:20:20,Afternoon
TX_1033,CUST_7701,2025-09-28,14:26:14,7,Sunday,True,Latte,340.0,340.0,card,2025-09-28 14:26:14,Afternoon
TX_1981,CUST_1293,2025-09-28,14:41:53,7,Sunday,True,Batch brew,240.0,240.0,card,2025-09-28 14:41:53,Afternoon
TX_3098,CUST_2428,2025-09-28,15:06:52,7,Sunday,True,Latte with add,440.0,440.0,card,2025-09-28 15:06:52,Afternoon
TX_1217,CUST_4883,2025-09-28,16:57:54,7,Sunday,True,Raf coffee,420.0,420.0,card,2025-09-28 16:57:54,Evening
TX_2058,CUST_9060,2025-09-28,17:42:12,7,Sunday,True,Flat white,340.0,340.0,card,2025-09-28 17:42:12,Evening
TX_0346,CUST_5387,2025-09-28,18:44:48,7,Sunday,True,Latte with add,440.0,440.0,cash,2025-09-28 18:44:48,Evening
TX_3134,CUST_1266,2025-09-28,19:02:01,7,Sunday,True,Latte,340.0,680.0,cash,2025-09-28 19:02:01,Evening
TX_3134,CUST_1266,2025-09-28,19:02:01,7,Sunday,True,Latte,340.0,680.0,cash,2025-09-28 19:02:01,Evening
TX_2771,CUST_7985,2025-09-28,19:29:45,7,Sunday,True,Cappuccino,320.0,560.0,cash,2025-09-28 19:29:45,Evening
TX_2771,CUST_7985,2025-09-28,19:29:45,7,Sunday,True,Batch brew,240.0,560.0,cash,2025-09-28 19:29:45,Evening
TX_3112,CUST_4769,2025-09-29,08:28:14,1,Monday,False,Cappuccino,320.0,320.0,card,2025-09-29 08:28:14,Morning
TX_3524,CUST_2749,2025-09-29,08:59:33,1,Monday,False,Warming drinks (tea),400.0,400.0,cash,2025-09-29 08:59:33,Morning
TX_0484,CUST_6067,2025-09-29,09:21:01,1,Monday,False,Latte with add,440.0,440.0,card,2025-09-29 09:21:01,Morning
TX_2833,CUST_5970,2025-09-29,09:23:40,1,Monday,False,Latte,340.0,340.0,card,2025-09-29 09:23:40,Morning
TX_2609,CUST_1603,2025-09-29,09:34:35,1,Monday,False,Latte,340.0,340.0,cash,2025-09-29 09:34:35,Morning
TX_2784,CUST_4521,2025-09-29,09:36:10,1,Monday,False,Latte,340.0,340.0,card,2025-09-29 09:36:10,Morning
TX_2902,CUST_2177,2025-09-29,09:38:11,1,Monday,False,Espresso,230.0,230.0,cash,2025-09-29 09:38:11,Morning
TX_3175,CUST_7006,2025-09-29,09:40:02,1,Monday,False,Cappuccino,320.0,720.0,card,2025-09-29 09:40:02,Morning
TX_3175,CUST_7006,2025-09-29,09:40:02,1,Monday,False,Warming drinks (tea),400.0,720.0,card,2025-09-29 09:40:02,Morning
TX_1375,CUST_5648,2025-09-29,09:40:30,1,Monday,False,Batch brew,240.0,580.0,card,2025-09-29 09:40:30,Morning
TX_1375,CUST_5648,2025-09-29,09:40:30,1,Monday,False,Latte,340.0,580.0,card,2025-09-29 09:40:30,Morning
TX_3393,CUST_6865,2025-09-29,10:27:23,1,Monday,False,Warming drinks (tea),400.0,400.0,cash,2025-09-29 10:27:23,Morning
TX_0279,CUST_7871,2025-09-29,10:27:51,1,Monday,False,Raf coffee,420.0,420.0,cash,2025-09-29 10:27:51,Morning
TX_2643,CUST_6915,2025-09-29,10:39:32,1,Monday,False,Latte with add,440.0,670.0,card,2025-09-29 10:39:32,Morning
TX_2643,CUST_6915,2025-09-29,10:39:32,1,Monday,False,Espresso,230.0,670.0,card,2025-09-29 10:39:32,Morning
TX_1384,CUST_4678,2025-09-29,10:55:25,1,Monday,False,Raf coffee,420.0,420.0,card,2025-09-29 10:55:25,Morning
TX_0610,CUST_8226,2025-09-29,11:00:54,1,Monday,False,Cappuccino,320.0,320.0,card,2025-09-29 11:00:54,Afternoon
TX_0777,CUST_4941,2025-09-29,11:05:53,1,Monday,False,Latte with add,440.0,780.0,card,2025-09-29 11:05:53,Afternoon
TX_0777,CUST_4941,2025-09-29,11:05:53,1,Monday,False,Latte,340.0,780.0,card,2025-09-29 11:05:53,Afternoon
TX_0384,CUST_4127,2025-09-29,12:32:54,1,Monday,False,Cappuccino,320.0,320.0,cash,2025-09-29 12:32:54,Afternoon
TX_1358,CUST_3266,2025-09-29,12:36:56,1,Monday,False,Batch brew,240.0,240.0,card,2025-09-29 12:36:56,Afternoon
TX_2727,CUST_2786,2025-09-29,12:45:32,1,Monday,False,Cappuccino,320.0,320.0,card,2025-09-29 12:45:32,Afternoon
TX_1946,CUST_5936,2025-09-29,12:50:01,1,Monday,False,Latte,340.0,340.0,card,2025-09-29 12:50:01,Afternoon
TX_2420,CUST_4879,2025-09-29,12:55:07,1,Monday,False,Latte with add,440.0,440.0,card,2025-09-29 12:55:07,Afternoon
TX_1360,CUST_5615,2025-09-29,13:08:00,1,Monday,False,Latte,340.0,340.0,card,2025-09-29 13:08:00,Afternoon
TX_2450,CUST_9406,2025-09-29,13:16:54,1,Monday,False,Batch brew,240.0,240.0,card,2025-09-29 13:16:54,Afternoon
TX_2760,CUST_1821,2025-09-29,13:21:16,1,Monday,False,Cappuccino,320.0,320.0,card,2025-09-29 13:21:16,Afternoon
TX_2018,CUST_5352,2025-09-29,13:27:35,1,Monday,False,Batch brew,240.0,240.0,card,2025-09-29 13:27:35,Afternoon
TX_2920,CUST_1867,2025-09-29,13:28:07,1,Monday,False,Latte,340.0,340.0,card,2025-09-29 13:28:07,Afternoon
TX_2353,CUST_5381,2025-09-29,13:30:20,1,Monday,False,Cappuccino,320.0,320.0,card,2025-09-29 13:30:20,Afternoon
TX_2794,CUST_6401,2025-09-29,13:33:40,1,Monday,False,Latte with add,440.0,920.0,card,2025-09-29 13:33:40,Afternoon
TX_2794,CUST_6401,2025-09-29,13:33:40,1,Monday,False,Batch brew,240.0,920.0,card,2025-09-29 13:33:40,Afternoon
TX_2794,CUST_6401,2025-09-29,13:33:40,1,Monday,False,Batch brew,240.0,920.0,card,2025-09-29 13:33:40,Afternoon
TX_0757,CUST_6116,2025-09-29,13:49:41,1,Monday,False,Latte,340.0,340.0,cash,2025-09-29 13:49:41,Afternoon
TX_1720,CUST_8068,2025-09-29,13:59:22,1,Monday,False,Flat white,340.0,340.0,card,2025-09-29 13:59:22,Afternoon
TX_1926,CUST_8960,2025-09-29,14:15:07,1,Monday,False,Latte,340.0,340.0,card,2025-09-29 14:15:07,Afternoon
TX_2532,CUST_8270,2025-09-29,14:15:43,1,Monday,False,Latte,340.0,1220.0,card,2025-09-29 14:15:43,Afternoon
TX_2532,CUST_8270,2025-09-29,14:15:43,1,Monday,False,Latte with add,440.0,1220.0,card,2025-09-29 14:15:43,Afternoon
TX_2532,CUST_8270,2025-09-29,14:15:43,1,Monday,False,Latte with add,440.0,1220.0,card,2025-09-29 14:15:43,Afternoon
TX_2178,CUST_7022,2025-09-29,14:16:09,1,Monday,False,Batch brew,240.0,240.0,card,2025-09-29 14:16:09,Afternoon
TX_2511,CUST_1878,2025-09-29,14:25:46,1,Monday,False,Latte,340.0,340.0,card,2025-09-29 14:25:46,Afternoon
TX_1875,CUST_9697,2025-09-29,14:43:20,1,Monday,False,Batch brew,240.0,240.0,cash,2025-09-29 14:43:20,Afternoon
TX_3429,CUST_8386,2025-09-29,14:55:02,1,Monday,False,Latte with add,440.0,440.0,card,2025-09-29 14:55:02,Afternoon
TX_1893,CUST_8953,2025-09-29,15:38:15,1,Monday,False,Warming drinks (tea),400.0,400.0,card,2025-09-29 15:38:15,Afternoon
TX_0908,CUST_6299,2025-09-29,17:28:32,1,Monday,False,Latte,340.0,660.0,card,2025-09-29 17:28:32,Evening
TX_0908,CUST_6299,2025-09-29,17:28:32,1,Monday,False,Cappuccino,320.0,660.0,card,2025-09-29 17:28:32,Evening
TX_2811,CUST_5249,2025-09-29,17:55:59,1,Monday,False,Latte with add,440.0,440.0,card,2025-09-29 17:55:59,Evening
TX_3280,CUST_9152,2025-09-29,18:10:25,1,Monday,False,Latte with add,440.0,440.0,cash,2025-09-29 18:10:25,Evening
TX_2396,CUST_2503,2025-09-29,18:34:35,1,Monday,False,Cappuccino,320.0,320.0,card,2025-09-29 18:34:35,Evening
TX_2025,CUST_1197,2025-09-29,19:05:17,1,Monday,False,Latte,340.0,1100.0,cash,2025-09-29 19:05:17,Evening
TX_2025,CUST_1197,2025-09-29,19:05:17,1,Monday,False,Latte with add,440.0,1100.0,cash,2025-09-29 19:05:17,Evening
TX_2025,CUST_1197,2025-09-29,19:05:17,1,Monday,False,Cappuccino,320.0,1100.0,cash,2025-09-29 19:05:17,Evening
TX_2261,CUST_2852,2025-09-30,08:00:26,2,Tuesday,False,Cappuccino,320.0,560.0,cash,2025-09-30 08:00:26,Morning
TX_2261,CUST_2852,2025-09-30,08:00:26,2,Tuesday,False,Batch brew,240.0,560.0,cash,2025-09-30 08:00:26,Morning
TX_1851,CUST_6358,2025-09-30,08:08:07,2,Tuesday,False,Cappuccino,320.0,320.0,cash,2025-09-30 08:08:07,Morning
TX_1744,CUST_5201,2025-09-30,09:24:07,2,Tuesday,False,Latte with add,440.0,440.0,card,2025-09-30 09:24:07,Morning
TX_3340,CUST_5541,2025-09-30,09:34:21,2,Tuesday,False,Batch brew,240.0,240.0,card,2025-09-30 09:34:21,Morning
TX_0305,CUST_5982,2025-09-30,09:34:27,2,Tuesday,False,Cappuccino,320.0,640.0,card,2025-09-30 09:34:27,Morning
TX_0305,CUST_5982,2025-09-30,09:34:27,2,Tuesday,False,Cappuccino,320.0,640.0,card,2025-09-30 09:34:27,Morning
TX_2331,CUST_3131,2025-09-30,09:39:03,2,Tuesday,False,Batch brew,240.0,580.0,cash,2025-09-30 09:39:03,Morning
TX_2331,CUST_3131,2025-09-30,09:39:03,2,Tuesday,False,Latte,340.0,580.0,cash,2025-09-30 09:39:03,Morning
TX_2880,CUST_6872,2025-09-30,09:41:14,2,Tuesday,False,Cappuccino,320.0,320.0,card,2025-09-30 09:41:14,Morning
TX_2649,CUST_7346,2025-09-30,09:47:29,2,Tuesday,False,Batch brew,240.0,240.0,card,2025-09-30 09:47:29,Morning
TX_3044,CUST_3210,2025-09-30,09:56:47,2,Tuesday,False,Latte,340.0,340.0,card,2025-09-30 09:56:47,Morning
TX_0294,CUST_3588,2025-09-30,10:09:54,2,Tuesday,False,Latte,340.0,920.0,card,2025-09-30 10:09:54,Morning
TX_0294,CUST_3588,2025-09-30,10:09:54,2,Tuesday,False,Batch brew,240.0,920.0,card,2025-09-30 10:09:54,Morning
TX_0294,CUST_3588,2025-09-30,10:09:54,2,Tuesday,False,Latte,340.0,920.0,card,2025-09-30 10:09:54,Morning
TX_1690,CUST_1030,2025-09-30,10:26:36,2,Tuesday,False,Cappuccino,320.0,660.0,cash,2025-09-30 10:26:36,Morning
TX_1690,CUST_1030,2025-09-30,10:26:36,2,Tuesday,False,Latte,340.0,660.0,cash,2025-09-30 10:26:36,Morning
TX_1080,CUST_1285,2025-09-30,12:09:15,2,Tuesday,False,Raf coffee,420.0,420.0,card,2025-09-30 12:09:15,Afternoon
TX_1257,CUST_4596,2025-09-30,12:16:59,2,Tuesday,False,Latte,340.0,340.0,card,2025-09-30 12:16:59,Afternoon
TX_2158,CUST_9213,2025-09-30,12:22:34,2,Tuesday,False,Latte,340.0,340.0,card,2025-09-30 12:22:34,Afternoon
TX_0866,CUST_1735,2025-09-30,12:39:17,2,Tuesday,False,Latte with add,440.0,440.0,card,2025-09-30 12:39:17,Afternoon
TX_3302,CUST_3585,2025-09-30,12:46:34,2,Tuesday,False,Cappuccino,320.0,1060.0,card,2025-09-30 12:46:34,Afternoon
TX_3302,CUST_3585,2025-09-30,12:46:34,2,Tuesday,False,Raf coffee,420.0,1060.0,card,2025-09-30 12:46:34,Afternoon
TX_3302,CUST_3585,2025-09-30,12:46:34,2,Tuesday,False,Cappuccino,320.0,1060.0,card,2025-09-30 12:46:34,Afternoon
TX_0308,CUST_5718,2025-09-30,12:47:36,2,Tuesday,False,Flat white,340.0,340.0,card,2025-09-30 12:47:36,Afternoon
TX_2330,CUST_1671,2025-09-30,12:50:33,2,Tuesday,False,Flat white,340.0,340.0,card,2025-09-30 12:50:33,Afternoon
TX_1387,CUST_3602,2025-09-30,12:54:22,2,Tuesday,False,Latte,340.0,340.0,cash,2025-09-30 12:54:22,Afternoon
TX_0045,CUST_8635,2025-09-30,12:54:22,2,Tuesday,False,Batch brew,240.0,240.0,card,2025-09-30 12:54:22,Afternoon
TX_2510,CUST_1298,2025-09-30,12:59:49,2,Tuesday,False,Latte,340.0,660.0,card,2025-09-30 12:59:49,Afternoon
TX_2510,CUST_1298,2025-09-30,12:59:49,2,Tuesday,False,Cappuccino,320.0,660.0,card,2025-09-30 12:59:49,Afternoon
TX_2152,CUST_2825,2025-09-30,13:19:11,2,Tuesday,False,Latte,340.0,340.0,card,2025-09-30 13:19:11,Afternoon
TX_0519,CUST_6210,2025-09-30,13:26:09,2,Tuesday,False,Cappuccino,320.0,320.0,card,2025-09-30 13:26:09,Afternoon
TX_1547,CUST_1028,2025-09-30,13:37:35,2,Tuesday,False,Latte with add,440.0,440.0,cash,2025-09-30 13:37:35,Afternoon
TX_0758,CUST_8062,2025-09-30,13:50:04,2,Tuesday,False,Latte,340.0,1000.0,cash,2025-09-30 13:50:04,Afternoon
TX_0758,CUST_8062,2025-09-30,13:50:04,2,Tuesday,False,Cappuccino,320.0,1000.0,cash,2025-09-30 13:50:04,Afternoon
TX_0758,CUST_8062,2025-09-30,13:50:04,2,Tuesday,False,Flat white,340.0,1000.0,cash,2025-09-30 13:50:04,Afternoon
TX_2898,CUST_6597,2025-09-30,13:52:38,2,Tuesday,False,Cappuccino,320.0,320.0,card,2025-09-30 13:52:38,Afternoon
TX_0874,CUST_3478,2025-09-30,14:22:10,2,Tuesday,False,Cappuccino,320.0,320.0,card,2025-09-30 14:22:10,Afternoon
TX_3319,CUST_9808,2025-09-30,14:29:26,2,Tuesday,False,Raf coffee,420.0,420.0,card,2025-09-30 14:29:26,Afternoon
TX_0660,CUST_2267,2025-09-30,14:40:40,2,Tuesday,False,Latte,340.0,340.0,card,2025-09-30 14:40:40,Afternoon
TX_2535,CUST_5324,2025-09-30,14:50:18,2,Tuesday,False,Raf coffee,420.0,1100.0,card,2025-09-30 14:50:18,Afternoon
TX_2535,CUST_5324,2025-09-30,14:50:18,2,Tuesday,False,Batch brew,240.0,1100.0,card,2025-09-30 14:50:18,Afternoon
TX_2535,CUST_5324,2025-09-30,14:50:18,2,Tuesday,False,Latte with add,440.0,1100.0,card,2025-09-30 14:50:18,Afternoon
TX_0725,CUST_1009,2025-09-30,15:10:13,2,Tuesday,False,Cappuccino,320.0,320.0,card,2025-09-30 15:10:13,Afternoon
TX_0412,CUST_2048,2025-09-30,17:02:41,2,Tuesday,False,Flat white,340.0,660.0,card,2025-09-30 17:02:41,Evening
TX_0412,CUST_2048,2025-09-30,17:02:41,2,Tuesday,False,Cappuccino,320.0,660.0,card,2025-09-30 17:02:41,Evening
TX_2682,CUST_4883,2025-09-30,17:04:18,2,Tuesday,False,Flat white,340.0,340.0,card,2025-09-30 17:04:18,Evening
TX_0003,CUST_7385,2025-09-30,17:47:50,2,Tuesday,False,Espresso,230.0,230.0,card,2025-09-30 17:47:50,Evening
TX_0951,CUST_8249,2025-09-30,18:20:38,2,Tuesday,False,Raf coffee,420.0,420.0,card,2025-09-30 18:20:38,Evening
TX_1096,CUST_6604,2025-09-30,18:25:14,2,Tuesday,False,Flat white,340.0,340.0,card,2025-09-30 18:25:14,Evening
TX_2700,CUST_2717,2025-09-30,18:27:14,2,Tuesday,False,Flat white,340.0,340.0,cash,2025-09-30 18:27:14,Evening
TX_0395,CUST_1557,2025-09-30,18:32:33,2,Tuesday,False,Latte,340.0,340.0,card,2025-09-30 18:32:33,Evening
